SubscriptionName,SubscriptionGuid,Date,ResourceGuid,,ServiceType,ServiceRegion,ServiceResource,Quantity,Cost
Actin-Azure Sponsorship,c27e8e3c-43a4-4c60-a0e1-73fafa80b8fa,11-01-2025,c5d27838-2db2-45df-96fd-04d97d099e74,Storage,Standard HDD Managed Disks,IN Central,S4 LRS Disk,0.100008,0.168984
Actin-Azure Sponsorship,c27e8e3c-43a4-4c60-a0e1-73fafa80b8fa,11-02-2025,c5d27838-2db2-45df-96fd-04d97d099e74,Storage,Standard HDD Managed Disks,IN Central,S4 LRS Disk,0.100008,0.168984
Actin-Azure Sponsorship,c27e8e3c-43a4-4c60-a0e1-73fafa80b8fa,11-03-2025,c5d27838-2db2-45df-96fd-04d97d099e74,Storage,Standard HDD Managed Disks,IN Central,S4 LRS Disk,0.100008,0.168984
Actin-Azure Sponsorship,c27e8e3c-43a4-4c60-a0e1-73fafa80b8fa,11-04-2025,c5d27838-2db2-45df-96fd-04d97d099e74,Storage,Standard HDD Managed Disks,IN Central,S4 LRS Disk,0.100008,0.168984
Actin-Azure Sponsorship,c27e8e3c-43a4-4c60-a0e1-73fafa80b8fa,11-05-2025,c5d27838-2db2-45df-96fd-04d97d099e74,Storage,Standard HDD Managed Disks,IN Central,S4 LRS Disk,0.100008,0.168984
Actin-Azure Sponsorship,c27e8e3c-43a4-4c60-a0e1-73fafa80b8fa,11-06-2025,c5d27838-2db2-45df-96fd-04d97d099e74,Storage,Standard HDD Managed Disks,IN Central,S4 LRS Disk,0.100008,0.168984
Actin-Azure Sponsorship,c27e8e3c-43a4-4c60-a0e1-73fafa80b8fa,11-07-2025,c5d27838-2db2-45df-96fd-04d97d099e74,Storage,Standard HDD Managed Disks,IN Central,S4 LRS Disk,0.100008,0.168984
Actin-Azure Sponsorship,c27e8e3c-43a4-4c60-a0e1-73fafa80b8fa,11-08-2025,c5d27838-2db2-45df-96fd-04d97d099e74,Storage,Standard HDD Managed Disks,IN Central,S4 LRS Disk,0.100008,0.168984
Actin-Azure Sponsorship,c27e8e3c-43a4-4c60-a0e1-73fafa80b8fa,11-09-2025,c5d27838-2db2-45df-96fd-04d97d099e74,Storage,Standard HDD Managed Disks,IN Central,S4 LRS Disk,0.100008,0.168984
Actin-Azure Sponsorship,c27e8e3c-43a4-4c60-a0e1-73fafa80b8fa,11-10-2025,c5d27838-2db2-45df-96fd-04d97d099e74,Storage,Standard HDD Managed Disks,IN Central,S4 LRS Disk,0.100008,0.168984
Actin-Azure Sponsorship,c27e8e3c-43a4-4c60-a0e1-73fafa80b8fa,11-11-2025,c5d27838-2db2-45df-96fd-04d97d099e74,Storage,Standard HDD Managed Disks,IN Central,S4 LRS Disk,0.100008,0.168984
Actin-Azure Sponsorship,c27e8e3c-43a4-4c60-a0e1-73fafa80b8fa,11-12-2025,c5d27838-2db2-45df-96fd-04d97d099e74,Storage,Standard HDD Managed Disks,IN Central,S4 LRS Disk,0.100008,0.168984
Actin-Azure Sponsorship,c27e8e3c-43a4-4c60-a0e1-73fafa80b8fa,11/13/2025,c5d27838-2db2-45df-96fd-04d97d099e74,Storage,Standard HDD Managed Disks,IN Central,S4 LRS Disk,0.100008,0.168984
Actin-Azure Sponsorship,c27e8e3c-43a4-4c60-a0e1-73fafa80b8fa,11/14/2025,c5d27838-2db2-45df-96fd-04d97d099e74,Storage,Standard HDD Managed Disks,IN Central,S4 LRS Disk,0.100008,0.168984
Actin-Azure Sponsorship,c27e8e3c-43a4-4c60-a0e1-73fafa80b8fa,11/15/2025,c5d27838-2db2-45df-96fd-04d97d099e74,Storage,Standard HDD Managed Disks,IN Central,S4 LRS Disk,0.100008,0.168984
Actin-Azure Sponsorship,c27e8e3c-43a4-4c60-a0e1-73fafa80b8fa,11/16/2025,c5d27838-2db2-45df-96fd-04d97d099e74,Storage,Standard HDD Managed Disks,IN Central,S4 LRS Disk,0.100008,0.168984
Actin-Azure Sponsorship,c27e8e3c-43a4-4c60-a0e1-73fafa80b8fa,11/17/2025,c5d27838-2db2-45df-96fd-04d97d099e74,Storage,Standard HDD Managed Disks,IN Central,S4 LRS Disk,0.100008,0.168984
Actin-Azure Sponsorship,c27e8e3c-43a4-4c60-a0e1-73fafa80b8fa,11/18/2025,c5d27838-2db2-45df-96fd-04d97d099e74,Storage,Standard HDD Managed Disks,IN Central,S4 LRS Disk,0.100008,0.168984
Actin-Azure Sponsorship,c27e8e3c-43a4-4c60-a0e1-73fafa80b8fa,11/19/2025,c5d27838-2db2-45df-96fd-04d97d099e74,Storage,Standard HDD Managed Disks,IN Central,S4 LRS Disk,0.100008,0.168984
Actin-Azure Sponsorship,c27e8e3c-43a4-4c60-a0e1-73fafa80b8fa,11/20/2025,c5d27838-2db2-45df-96fd-04d97d099e74,Storage,Standard HDD Managed Disks,IN Central,S4 LRS Disk,0.100008,0.168984
Actin-Azure Sponsorship,c27e8e3c-43a4-4c60-a0e1-73fafa80b8fa,11/21/2025,c5d27838-2db2-45df-96fd-04d97d099e74,Storage,Standard HDD Managed Disks,IN Central,S4 LRS Disk,0.100008,0.168984
Actin-Azure Sponsorship,c27e8e3c-43a4-4c60-a0e1-73fafa80b8fa,11/22/2025,c5d27838-2db2-45df-96fd-04d97d099e74,Storage,Standard HDD Managed Disks,IN Central,S4 LRS Disk,0.100008,0.168984
Actin-Azure Sponsorship,c27e8e3c-43a4-4c60-a0e1-73fafa80b8fa,11/23/2025,c5d27838-2db2-45df-96fd-04d97d099e74,Storage,Standard HDD Managed Disks,IN Central,S4 LRS Disk,0.100008,0.168984
Actin-Azure Sponsorship,c27e8e3c-43a4-4c60-a0e1-73fafa80b8fa,11/24/2025,c5d27838-2db2-45df-96fd-04d97d099e74,Storage,Standard HDD Managed Disks,IN Central,S4 LRS Disk,0.100008,0.168984
Actin-Azure Sponsorship,c27e8e3c-43a4-4c60-a0e1-73fafa80b8fa,11/25/2025,c5d27838-2db2-45df-96fd-04d97d099e74,Storage,Standard HDD Managed Disks,IN Central,S4 LRS Disk,0.100008,0.168984
Actin-Azure Sponsorship,c27e8e3c-43a4-4c60-a0e1-73fafa80b8fa,11/26/2025,c5d27838-2db2-45df-96fd-04d97d099e74,Storage,Standard HDD Managed Disks,IN Central,S4 LRS Disk,0.100008,0.168984
Actin-Azure Sponsorship,c27e8e3c-43a4-4c60-a0e1-73fafa80b8fa,11/27/2025,c5d27838-2db2-45df-96fd-04d97d099e74,Storage,Standard HDD Managed Disks,IN Central,S4 LRS Disk,0.100008,0.168984
Actin-Azure Sponsorship,c27e8e3c-43a4-4c60-a0e1-73fafa80b8fa,11/28/2025,c5d27838-2db2-45df-96fd-04d97d099e74,Storage,Standard HDD Managed Disks,IN Central,S4 LRS Disk,0.100008,0.168984
Actin-Azure Sponsorship,c27e8e3c-43a4-4c60-a0e1-73fafa80b8fa,11/29/2025,c5d27838-2db2-45df-96fd-04d97d099e74,Storage,Standard HDD Managed Disks,IN Central,S4 LRS Disk,0.100008,0.168984
Actin-Azure Sponsorship,c27e8e3c-43a4-4c60-a0e1-73fafa80b8fa,11/30/2025,c5d27838-2db2-45df-96fd-04d97d099e74,Storage,Standard HDD Managed Disks,IN Central,S4 LRS Disk,0.100008,0.168984
Actin-Azure Sponsorship,c27e8e3c-43a4-4c60-a0e1-73fafa80b8fa,11-01-2025,23a50b0e-68ed-4e1c-9ef4-08567a0b1f6e,Storage,Standard Page Blob v2,IN Central,LRS Data Stored,1.625736,0.080472
Actin-Azure Sponsorship,c27e8e3c-43a4-4c60-a0e1-73fafa80b8fa,11-02-2025,23a50b0e-68ed-4e1c-9ef4-08567a0b1f6e,Storage,Standard Page Blob v2,IN Central,LRS Data Stored,1.625736,0.080472
Actin-Azure Sponsorship,c27e8e3c-43a4-4c60-a0e1-73fafa80b8fa,11-03-2025,23a50b0e-68ed-4e1c-9ef4-08567a0b1f6e,Storage,Standard Page Blob v2,IN Central,LRS Data Stored,1.625736,0.080472
Actin-Azure Sponsorship,c27e8e3c-43a4-4c60-a0e1-73fafa80b8fa,11-04-2025,23a50b0e-68ed-4e1c-9ef4-08567a0b1f6e,Storage,Standard Page Blob v2,IN Central,LRS Data Stored,1.625736,0.080472
Actin-Azure Sponsorship,c27e8e3c-43a4-4c60-a0e1-73fafa80b8fa,11-05-2025,23a50b0e-68ed-4e1c-9ef4-08567a0b1f6e,Storage,Standard Page Blob v2,IN Central,LRS Data Stored,1.625736,0.080472
Actin-Azure Sponsorship,c27e8e3c-43a4-4c60-a0e1-73fafa80b8fa,11-06-2025,23a50b0e-68ed-4e1c-9ef4-08567a0b1f6e,Storage,Standard Page Blob v2,IN Central,LRS Data Stored,1.625736,0.080472
Actin-Azure Sponsorship,c27e8e3c-43a4-4c60-a0e1-73fafa80b8fa,11-07-2025,23a50b0e-68ed-4e1c-9ef4-08567a0b1f6e,Storage,Standard Page Blob v2,IN Central,LRS Data Stored,1.625736,0.080472
Actin-Azure Sponsorship,c27e8e3c-43a4-4c60-a0e1-73fafa80b8fa,11-08-2025,23a50b0e-68ed-4e1c-9ef4-08567a0b1f6e,Storage,Standard Page Blob v2,IN Central,LRS Data Stored,1.625736,0.080472
Actin-Azure Sponsorship,c27e8e3c-43a4-4c60-a0e1-73fafa80b8fa,11-09-2025,23a50b0e-68ed-4e1c-9ef4-08567a0b1f6e,Storage,Standard Page Blob v2,IN Central,LRS Data Stored,1.625736,0.080472
Actin-Azure Sponsorship,c27e8e3c-43a4-4c60-a0e1-73fafa80b8fa,11-10-2025,23a50b0e-68ed-4e1c-9ef4-08567a0b1f6e,Storage,Standard Page Blob v2,IN Central,LRS Data Stored,1.625736,0.080472
Actin-Azure Sponsorship,c27e8e3c-43a4-4c60-a0e1-73fafa80b8fa,11-11-2025,23a50b0e-68ed-4e1c-9ef4-08567a0b1f6e,Storage,Standard Page Blob v2,IN Central,LRS Data Stored,1.625736,0.080472
Actin-Azure Sponsorship,c27e8e3c-43a4-4c60-a0e1-73fafa80b8fa,11-12-2025,23a50b0e-68ed-4e1c-9ef4-08567a0b1f6e,Storage,Standard Page Blob v2,IN Central,LRS Data Stored,1.625736,0.080472
Actin-Azure Sponsorship,c27e8e3c-43a4-4c60-a0e1-73fafa80b8fa,11/13/2025,23a50b0e-68ed-4e1c-9ef4-08567a0b1f6e,Storage,Standard Page Blob v2,IN Central,LRS Data Stored,1.625736,0.080472
Actin-Azure Sponsorship,c27e8e3c-43a4-4c60-a0e1-73fafa80b8fa,11/14/2025,23a50b0e-68ed-4e1c-9ef4-08567a0b1f6e,Storage,Standard Page Blob v2,IN Central,LRS Data Stored,1.625736,0.080472
Actin-Azure Sponsorship,c27e8e3c-43a4-4c60-a0e1-73fafa80b8fa,11/15/2025,23a50b0e-68ed-4e1c-9ef4-08567a0b1f6e,Storage,Standard Page Blob v2,IN Central,LRS Data Stored,1.625736,0.080472
Actin-Azure Sponsorship,c27e8e3c-43a4-4c60-a0e1-73fafa80b8fa,11/16/2025,23a50b0e-68ed-4e1c-9ef4-08567a0b1f6e,Storage,Standard Page Blob v2,IN Central,LRS Data Stored,1.625736,0.080472
Actin-Azure Sponsorship,c27e8e3c-43a4-4c60-a0e1-73fafa80b8fa,11/17/2025,23a50b0e-68ed-4e1c-9ef4-08567a0b1f6e,Storage,Standard Page Blob v2,IN Central,LRS Data Stored,1.625736,0.080472
Actin-Azure Sponsorship,c27e8e3c-43a4-4c60-a0e1-73fafa80b8fa,11/18/2025,23a50b0e-68ed-4e1c-9ef4-08567a0b1f6e,Storage,Standard Page Blob v2,IN Central,LRS Data Stored,1.625736,0.080472
Actin-Azure Sponsorship,c27e8e3c-43a4-4c60-a0e1-73fafa80b8fa,11/19/2025,23a50b0e-68ed-4e1c-9ef4-08567a0b1f6e,Storage,Standard Page Blob v2,IN Central,LRS Data Stored,1.625736,0.080472
Actin-Azure Sponsorship,c27e8e3c-43a4-4c60-a0e1-73fafa80b8fa,11/20/2025,23a50b0e-68ed-4e1c-9ef4-08567a0b1f6e,Storage,Standard Page Blob v2,IN Central,LRS Data Stored,1.625736,0.080472
Actin-Azure Sponsorship,c27e8e3c-43a4-4c60-a0e1-73fafa80b8fa,11/21/2025,23a50b0e-68ed-4e1c-9ef4-08567a0b1f6e,Storage,Standard Page Blob v2,IN Central,LRS Data Stored,1.625736,0.080472
Actin-Azure Sponsorship,c27e8e3c-43a4-4c60-a0e1-73fafa80b8fa,11/22/2025,23a50b0e-68ed-4e1c-9ef4-08567a0b1f6e,Storage,Standard Page Blob v2,IN Central,LRS Data Stored,1.625736,0.080472
Actin-Azure Sponsorship,c27e8e3c-43a4-4c60-a0e1-73fafa80b8fa,11/23/2025,23a50b0e-68ed-4e1c-9ef4-08567a0b1f6e,Storage,Standard Page Blob v2,IN Central,LRS Data Stored,1.625736,0.080472
Actin-Azure Sponsorship,c27e8e3c-43a4-4c60-a0e1-73fafa80b8fa,11/24/2025,23a50b0e-68ed-4e1c-9ef4-08567a0b1f6e,Storage,Standard Page Blob v2,IN Central,LRS Data Stored,1.625736,0.080472
Actin-Azure Sponsorship,c27e8e3c-43a4-4c60-a0e1-73fafa80b8fa,11/25/2025,23a50b0e-68ed-4e1c-9ef4-08567a0b1f6e,Storage,Standard Page Blob v2,IN Central,LRS Data Stored,1.625736,0.080472
Actin-Azure Sponsorship,c27e8e3c-43a4-4c60-a0e1-73fafa80b8fa,11/26/2025,23a50b0e-68ed-4e1c-9ef4-08567a0b1f6e,Storage,Standard Page Blob v2,IN Central,LRS Data Stored,1.625736,0.080472
Actin-Azure Sponsorship,c27e8e3c-43a4-4c60-a0e1-73fafa80b8fa,11/27/2025,23a50b0e-68ed-4e1c-9ef4-08567a0b1f6e,Storage,Standard Page Blob v2,IN Central,LRS Data Stored,1.625736,0.080472
Actin-Azure Sponsorship,c27e8e3c-43a4-4c60-a0e1-73fafa80b8fa,11/28/2025,23a50b0e-68ed-4e1c-9ef4-08567a0b1f6e,Storage,Standard Page Blob v2,IN Central,LRS Data Stored,1.625736,0.080472
Actin-Azure Sponsorship,c27e8e3c-43a4-4c60-a0e1-73fafa80b8fa,11/29/2025,23a50b0e-68ed-4e1c-9ef4-08567a0b1f6e,Storage,Standard Page Blob v2,IN Central,LRS Data Stored,1.625736,0.080472
Actin-Azure Sponsorship,c27e8e3c-43a4-4c60-a0e1-73fafa80b8fa,11/30/2025,23a50b0e-68ed-4e1c-9ef4-08567a0b1f6e,Storage,Standard Page Blob v2,IN Central,LRS Data Stored,1.625736,0.080472
Actin-Azure Sponsorship,c27e8e3c-43a4-4c60-a0e1-73fafa80b8fa,11-06-2025,0ab798ac-6d96-4ccc-89d1-0cc91dcd5e21,Bandwidth,Inter-Region,Europe,Intra Continent Data Transfer Out,0.003327,0.000062
Actin-Azure Sponsorship,c27e8e3c-43a4-4c60-a0e1-73fafa80b8fa,11-07-2025,0ab798ac-6d96-4ccc-89d1-0cc91dcd5e21,Bandwidth,Inter-Region,Europe,Intra Continent Data Transfer Out,0.003442,0.000066
Actin-Azure Sponsorship,c27e8e3c-43a4-4c60-a0e1-73fafa80b8fa,11-08-2025,0ab798ac-6d96-4ccc-89d1-0cc91dcd5e21,Bandwidth,Inter-Region,Europe,Intra Continent Data Transfer Out,0.002906,0.000055
Actin-Azure Sponsorship,c27e8e3c-43a4-4c60-a0e1-73fafa80b8fa,11-09-2025,0ab798ac-6d96-4ccc-89d1-0cc91dcd5e21,Bandwidth,Inter-Region,Europe,Intra Continent Data Transfer Out,0.002937,0.000053
Actin-Azure Sponsorship,c27e8e3c-43a4-4c60-a0e1-73fafa80b8fa,11-10-2025,0ab798ac-6d96-4ccc-89d1-0cc91dcd5e21,Bandwidth,Inter-Region,Europe,Intra Continent Data Transfer Out,0.003447,0.000065
Actin-Azure Sponsorship,c27e8e3c-43a4-4c60-a0e1-73fafa80b8fa,11-11-2025,0ab798ac-6d96-4ccc-89d1-0cc91dcd5e21,Bandwidth,Inter-Region,Europe,Intra Continent Data Transfer Out,0.00326,0.000065
Actin-Azure Sponsorship,c27e8e3c-43a4-4c60-a0e1-73fafa80b8fa,11-12-2025,0ab798ac-6d96-4ccc-89d1-0cc91dcd5e21,Bandwidth,Inter-Region,Europe,Intra Continent Data Transfer Out,0.003417,0.000068
Actin-Azure Sponsorship,c27e8e3c-43a4-4c60-a0e1-73fafa80b8fa,11/13/2025,0ab798ac-6d96-4ccc-89d1-0cc91dcd5e21,Bandwidth,Inter-Region,Europe,Intra Continent Data Transfer Out,0.004879,0.000094
Actin-Azure Sponsorship,c27e8e3c-43a4-4c60-a0e1-73fafa80b8fa,11/14/2025,0ab798ac-6d96-4ccc-89d1-0cc91dcd5e21,Bandwidth,Inter-Region,Europe,Intra Continent Data Transfer Out,0.00377,0.000072
Actin-Azure Sponsorship,c27e8e3c-43a4-4c60-a0e1-73fafa80b8fa,11/15/2025,0ab798ac-6d96-4ccc-89d1-0cc91dcd5e21,Bandwidth,Inter-Region,Europe,Intra Continent Data Transfer Out,0.003367,0.000062
Actin-Azure Sponsorship,c27e8e3c-43a4-4c60-a0e1-73fafa80b8fa,11/16/2025,0ab798ac-6d96-4ccc-89d1-0cc91dcd5e21,Bandwidth,Inter-Region,Europe,Intra Continent Data Transfer Out,0.00339,0.000062
Actin-Azure Sponsorship,c27e8e3c-43a4-4c60-a0e1-73fafa80b8fa,11/17/2025,0ab798ac-6d96-4ccc-89d1-0cc91dcd5e21,Bandwidth,Inter-Region,Europe,Intra Continent Data Transfer Out,0.003802,0.000075
Actin-Azure Sponsorship,c27e8e3c-43a4-4c60-a0e1-73fafa80b8fa,11/18/2025,0ab798ac-6d96-4ccc-89d1-0cc91dcd5e21,Bandwidth,Inter-Region,Europe,Intra Continent Data Transfer Out,0.00379,0.000073
Actin-Azure Sponsorship,c27e8e3c-43a4-4c60-a0e1-73fafa80b8fa,11/19/2025,0ab798ac-6d96-4ccc-89d1-0cc91dcd5e21,Bandwidth,Inter-Region,Europe,Intra Continent Data Transfer Out,0.004123,0.000081
Actin-Azure Sponsorship,c27e8e3c-43a4-4c60-a0e1-73fafa80b8fa,11/20/2025,0ab798ac-6d96-4ccc-89d1-0cc91dcd5e21,Bandwidth,Inter-Region,Europe,Intra Continent Data Transfer Out,0.003694,0.000067
Actin-Azure Sponsorship,c27e8e3c-43a4-4c60-a0e1-73fafa80b8fa,11/21/2025,0ab798ac-6d96-4ccc-89d1-0cc91dcd5e21,Bandwidth,Inter-Region,Europe,Intra Continent Data Transfer Out,0.003822,0.000072
Actin-Azure Sponsorship,c27e8e3c-43a4-4c60-a0e1-73fafa80b8fa,11/22/2025,0ab798ac-6d96-4ccc-89d1-0cc91dcd5e21,Bandwidth,Inter-Region,Europe,Intra Continent Data Transfer Out,0.003963,0.000072
Actin-Azure Sponsorship,c27e8e3c-43a4-4c60-a0e1-73fafa80b8fa,11/23/2025,0ab798ac-6d96-4ccc-89d1-0cc91dcd5e21,Bandwidth,Inter-Region,Europe,Intra Continent Data Transfer Out,0.003501,0.000074
Actin-Azure Sponsorship,c27e8e3c-43a4-4c60-a0e1-73fafa80b8fa,11/24/2025,0ab798ac-6d96-4ccc-89d1-0cc91dcd5e21,Bandwidth,Inter-Region,Europe,Intra Continent Data Transfer Out,0.003625,0.00007
Actin-Azure Sponsorship,c27e8e3c-43a4-4c60-a0e1-73fafa80b8fa,11/25/2025,0ab798ac-6d96-4ccc-89d1-0cc91dcd5e21,Bandwidth,Inter-Region,Europe,Intra Continent Data Transfer Out,0.003431,0.000068
Actin-Azure Sponsorship,c27e8e3c-43a4-4c60-a0e1-73fafa80b8fa,11/26/2025,0ab798ac-6d96-4ccc-89d1-0cc91dcd5e21,Bandwidth,Inter-Region,Europe,Intra Continent Data Transfer Out,0.003127,0.000054
Actin-Azure Sponsorship,c27e8e3c-43a4-4c60-a0e1-73fafa80b8fa,11/27/2025,0ab798ac-6d96-4ccc-89d1-0cc91dcd5e21,Bandwidth,Inter-Region,Europe,Intra Continent Data Transfer Out,0.003229,0.000068
Actin-Azure Sponsorship,c27e8e3c-43a4-4c60-a0e1-73fafa80b8fa,11/28/2025,0ab798ac-6d96-4ccc-89d1-0cc91dcd5e21,Bandwidth,Inter-Region,Europe,Intra Continent Data Transfer Out,0.003468,0.000067
Actin-Azure Sponsorship,c27e8e3c-43a4-4c60-a0e1-73fafa80b8fa,11/29/2025,0ab798ac-6d96-4ccc-89d1-0cc91dcd5e21,Bandwidth,Inter-Region,Europe,Intra Continent Data Transfer Out,0.003345,0.000065
Actin-Azure Sponsorship,c27e8e3c-43a4-4c60-a0e1-73fafa80b8fa,11/30/2025,0ab798ac-6d96-4ccc-89d1-0cc91dcd5e21,Bandwidth,Inter-Region,Europe,Intra Continent Data Transfer Out,0.003543,0.000069
Actin-Azure Sponsorship,c27e8e3c-43a4-4c60-a0e1-73fafa80b8fa,11-01-2025,150f5365-4b10-5c8c-8db7-0de3a982a1e0,Virtual Machines,Basv2 Series Windows,IN Central,B8als v2,24,5.064
Actin-Azure Sponsorship,c27e8e3c-43a4-4c60-a0e1-73fafa80b8fa,11-02-2025,150f5365-4b10-5c8c-8db7-0de3a982a1e0,Virtual Machines,Basv2 Series Windows,IN Central,B8als v2,24,5.064
Actin-Azure Sponsorship,c27e8e3c-43a4-4c60-a0e1-73fafa80b8fa,11-03-2025,150f5365-4b10-5c8c-8db7-0de3a982a1e0,Virtual Machines,Basv2 Series Windows,IN Central,B8als v2,24,5.064
Actin-Azure Sponsorship,c27e8e3c-43a4-4c60-a0e1-73fafa80b8fa,11-04-2025,150f5365-4b10-5c8c-8db7-0de3a982a1e0,Virtual Machines,Basv2 Series Windows,IN Central,B8als v2,24,5.064
Actin-Azure Sponsorship,c27e8e3c-43a4-4c60-a0e1-73fafa80b8fa,11-05-2025,150f5365-4b10-5c8c-8db7-0de3a982a1e0,Virtual Machines,Basv2 Series Windows,IN Central,B8als v2,24,5.064
Actin-Azure Sponsorship,c27e8e3c-43a4-4c60-a0e1-73fafa80b8fa,11-06-2025,150f5365-4b10-5c8c-8db7-0de3a982a1e0,Virtual Machines,Basv2 Series Windows,IN Central,B8als v2,24,5.064
Actin-Azure Sponsorship,c27e8e3c-43a4-4c60-a0e1-73fafa80b8fa,11-07-2025,150f5365-4b10-5c8c-8db7-0de3a982a1e0,Virtual Machines,Basv2 Series Windows,IN Central,B8als v2,24,5.064
Actin-Azure Sponsorship,c27e8e3c-43a4-4c60-a0e1-73fafa80b8fa,11-08-2025,150f5365-4b10-5c8c-8db7-0de3a982a1e0,Virtual Machines,Basv2 Series Windows,IN Central,B8als v2,23.983353,5.060487
Actin-Azure Sponsorship,c27e8e3c-43a4-4c60-a0e1-73fafa80b8fa,11-09-2025,150f5365-4b10-5c8c-8db7-0de3a982a1e0,Virtual Machines,Basv2 Series Windows,IN Central,B8als v2,24,5.064
Actin-Azure Sponsorship,c27e8e3c-43a4-4c60-a0e1-73fafa80b8fa,11-10-2025,150f5365-4b10-5c8c-8db7-0de3a982a1e0,Virtual Machines,Basv2 Series Windows,IN Central,B8als v2,24,5.064
Actin-Azure Sponsorship,c27e8e3c-43a4-4c60-a0e1-73fafa80b8fa,11-11-2025,150f5365-4b10-5c8c-8db7-0de3a982a1e0,Virtual Machines,Basv2 Series Windows,IN Central,B8als v2,24,5.064
Actin-Azure Sponsorship,c27e8e3c-43a4-4c60-a0e1-73fafa80b8fa,11-12-2025,150f5365-4b10-5c8c-8db7-0de3a982a1e0,Virtual Machines,Basv2 Series Windows,IN Central,B8als v2,24,5.064
Actin-Azure Sponsorship,c27e8e3c-43a4-4c60-a0e1-73fafa80b8fa,11/13/2025,150f5365-4b10-5c8c-8db7-0de3a982a1e0,Virtual Machines,Basv2 Series Windows,IN Central,B8als v2,24,5.064
Actin-Azure Sponsorship,c27e8e3c-43a4-4c60-a0e1-73fafa80b8fa,11/14/2025,150f5365-4b10-5c8c-8db7-0de3a982a1e0,Virtual Machines,Basv2 Series Windows,IN Central,B8als v2,24,5.064
Actin-Azure Sponsorship,c27e8e3c-43a4-4c60-a0e1-73fafa80b8fa,11/15/2025,150f5365-4b10-5c8c-8db7-0de3a982a1e0,Virtual Machines,Basv2 Series Windows,IN Central,B8als v2,24,5.064
Actin-Azure Sponsorship,c27e8e3c-43a4-4c60-a0e1-73fafa80b8fa,11/16/2025,150f5365-4b10-5c8c-8db7-0de3a982a1e0,Virtual Machines,Basv2 Series Windows,IN Central,B8als v2,24,5.064
Actin-Azure Sponsorship,c27e8e3c-43a4-4c60-a0e1-73fafa80b8fa,11/17/2025,150f5365-4b10-5c8c-8db7-0de3a982a1e0,Virtual Machines,Basv2 Series Windows,IN Central,B8als v2,24,5.064
Actin-Azure Sponsorship,c27e8e3c-43a4-4c60-a0e1-73fafa80b8fa,11/18/2025,150f5365-4b10-5c8c-8db7-0de3a982a1e0,Virtual Machines,Basv2 Series Windows,IN Central,B8als v2,24,5.064
Actin-Azure Sponsorship,c27e8e3c-43a4-4c60-a0e1-73fafa80b8fa,11/19/2025,150f5365-4b10-5c8c-8db7-0de3a982a1e0,Virtual Machines,Basv2 Series Windows,IN Central,B8als v2,24,5.064
Actin-Azure Sponsorship,c27e8e3c-43a4-4c60-a0e1-73fafa80b8fa,11/20/2025,150f5365-4b10-5c8c-8db7-0de3a982a1e0,Virtual Machines,Basv2 Series Windows,IN Central,B8als v2,24,5.064
Actin-Azure Sponsorship,c27e8e3c-43a4-4c60-a0e1-73fafa80b8fa,11/21/2025,150f5365-4b10-5c8c-8db7-0de3a982a1e0,Virtual Machines,Basv2 Series Windows,IN Central,B8als v2,24,5.064
Actin-Azure Sponsorship,c27e8e3c-43a4-4c60-a0e1-73fafa80b8fa,11/22/2025,150f5365-4b10-5c8c-8db7-0de3a982a1e0,Virtual Machines,Basv2 Series Windows,IN Central,B8als v2,24,5.064
Actin-Azure Sponsorship,c27e8e3c-43a4-4c60-a0e1-73fafa80b8fa,11/23/2025,150f5365-4b10-5c8c-8db7-0de3a982a1e0,Virtual Machines,Basv2 Series Windows,IN Central,B8als v2,24,5.064
Actin-Azure Sponsorship,c27e8e3c-43a4-4c60-a0e1-73fafa80b8fa,11/24/2025,150f5365-4b10-5c8c-8db7-0de3a982a1e0,Virtual Machines,Basv2 Series Windows,IN Central,B8als v2,24,5.064
Actin-Azure Sponsorship,c27e8e3c-43a4-4c60-a0e1-73fafa80b8fa,11/25/2025,150f5365-4b10-5c8c-8db7-0de3a982a1e0,Virtual Machines,Basv2 Series Windows,IN Central,B8als v2,24,5.064
Actin-Azure Sponsorship,c27e8e3c-43a4-4c60-a0e1-73fafa80b8fa,11/26/2025,150f5365-4b10-5c8c-8db7-0de3a982a1e0,Virtual Machines,Basv2 Series Windows,IN Central,B8als v2,24,5.064
Actin-Azure Sponsorship,c27e8e3c-43a4-4c60-a0e1-73fafa80b8fa,11/27/2025,150f5365-4b10-5c8c-8db7-0de3a982a1e0,Virtual Machines,Basv2 Series Windows,IN Central,B8als v2,24,5.064
Actin-Azure Sponsorship,c27e8e3c-43a4-4c60-a0e1-73fafa80b8fa,11/28/2025,150f5365-4b10-5c8c-8db7-0de3a982a1e0,Virtual Machines,Basv2 Series Windows,IN Central,B8als v2,24,5.064
Actin-Azure Sponsorship,c27e8e3c-43a4-4c60-a0e1-73fafa80b8fa,11/29/2025,150f5365-4b10-5c8c-8db7-0de3a982a1e0,Virtual Machines,Basv2 Series Windows,IN Central,B8als v2,24,5.064
Actin-Azure Sponsorship,c27e8e3c-43a4-4c60-a0e1-73fafa80b8fa,11/30/2025,150f5365-4b10-5c8c-8db7-0de3a982a1e0,Virtual Machines,Basv2 Series Windows,IN Central,B8als v2,24,5.064
Actin-Azure Sponsorship,c27e8e3c-43a4-4c60-a0e1-73fafa80b8fa,11-03-2025,87e3959c-37d3-55ee-b14f-0ffedf6ba6bb,Virtual Machines,Eadsv5 Series Windows,IN Central,E4ads v5,8.316693,2.910842
Actin-Azure Sponsorship,c27e8e3c-43a4-4c60-a0e1-73fafa80b8fa,11-04-2025,87e3959c-37d3-55ee-b14f-0ffedf6ba6bb,Virtual Machines,Eadsv5 Series Windows,IN Central,E4ads v5,8.300026,2.905009
Actin-Azure Sponsorship,c27e8e3c-43a4-4c60-a0e1-73fafa80b8fa,11-05-2025,87e3959c-37d3-55ee-b14f-0ffedf6ba6bb,Virtual Machines,Eadsv5 Series Windows,IN Central,E4ads v5,8.433362,2.951677
Actin-Azure Sponsorship,c27e8e3c-43a4-4c60-a0e1-73fafa80b8fa,11-10-2025,87e3959c-37d3-55ee-b14f-0ffedf6ba6bb,Virtual Machines,Eadsv5 Series Windows,IN Central,E4ads v5,8.283359,2.899176
Actin-Azure Sponsorship,c27e8e3c-43a4-4c60-a0e1-73fafa80b8fa,11-11-2025,87e3959c-37d3-55ee-b14f-0ffedf6ba6bb,Virtual Machines,Eadsv5 Series Windows,IN Central,E4ads v5,8.16669,2.858341
Actin-Azure Sponsorship,c27e8e3c-43a4-4c60-a0e1-73fafa80b8fa,11-12-2025,87e3959c-37d3-55ee-b14f-0ffedf6ba6bb,Virtual Machines,Eadsv5 Series Windows,IN Central,E4ads v5,8.200023,2.870008
Actin-Azure Sponsorship,c27e8e3c-43a4-4c60-a0e1-73fafa80b8fa,11/13/2025,87e3959c-37d3-55ee-b14f-0ffedf6ba6bb,Virtual Machines,Eadsv5 Series Windows,IN Central,E4ads v5,8.183356,2.864174
Actin-Azure Sponsorship,c27e8e3c-43a4-4c60-a0e1-73fafa80b8fa,11/14/2025,87e3959c-37d3-55ee-b14f-0ffedf6ba6bb,Virtual Machines,Eadsv5 Series Windows,IN Central,E4ads v5,8.133355,2.846674
Actin-Azure Sponsorship,c27e8e3c-43a4-4c60-a0e1-73fafa80b8fa,11/17/2025,87e3959c-37d3-55ee-b14f-0ffedf6ba6bb,Virtual Machines,Eadsv5 Series Windows,IN Central,E4ads v5,8.133355,2.846674
Actin-Azure Sponsorship,c27e8e3c-43a4-4c60-a0e1-73fafa80b8fa,11/18/2025,87e3959c-37d3-55ee-b14f-0ffedf6ba6bb,Virtual Machines,Eadsv5 Series Windows,IN Central,E4ads v5,8.316692,2.910842
Actin-Azure Sponsorship,c27e8e3c-43a4-4c60-a0e1-73fafa80b8fa,11/19/2025,87e3959c-37d3-55ee-b14f-0ffedf6ba6bb,Virtual Machines,Eadsv5 Series Windows,IN Central,E4ads v5,8.21669,2.875841
Actin-Azure Sponsorship,c27e8e3c-43a4-4c60-a0e1-73fafa80b8fa,11/20/2025,87e3959c-37d3-55ee-b14f-0ffedf6ba6bb,Virtual Machines,Eadsv5 Series Windows,IN Central,E4ads v5,7.783349,2.724172
Actin-Azure Sponsorship,c27e8e3c-43a4-4c60-a0e1-73fafa80b8fa,11/21/2025,87e3959c-37d3-55ee-b14f-0ffedf6ba6bb,Virtual Machines,Eadsv5 Series Windows,IN Central,E4ads v5,8.133356,2.846675
Actin-Azure Sponsorship,c27e8e3c-43a4-4c60-a0e1-73fafa80b8fa,11/24/2025,87e3959c-37d3-55ee-b14f-0ffedf6ba6bb,Virtual Machines,Eadsv5 Series Windows,IN Central,E4ads v5,8.233357,2.881675
Actin-Azure Sponsorship,c27e8e3c-43a4-4c60-a0e1-73fafa80b8fa,11/25/2025,87e3959c-37d3-55ee-b14f-0ffedf6ba6bb,Virtual Machines,Eadsv5 Series Windows,IN Central,E4ads v5,8.233358,2.881675
Actin-Azure Sponsorship,c27e8e3c-43a4-4c60-a0e1-73fafa80b8fa,11/26/2025,87e3959c-37d3-55ee-b14f-0ffedf6ba6bb,Virtual Machines,Eadsv5 Series Windows,IN Central,E4ads v5,7.800016,2.730006
Actin-Azure Sponsorship,c27e8e3c-43a4-4c60-a0e1-73fafa80b8fa,11/27/2025,87e3959c-37d3-55ee-b14f-0ffedf6ba6bb,Virtual Machines,Eadsv5 Series Windows,IN Central,E4ads v5,12.216691,4.275842
Actin-Azure Sponsorship,c27e8e3c-43a4-4c60-a0e1-73fafa80b8fa,11/28/2025,87e3959c-37d3-55ee-b14f-0ffedf6ba6bb,Virtual Machines,Eadsv5 Series Windows,IN Central,E4ads v5,8.200024,2.870008
Actin-Azure Sponsorship,c27e8e3c-43a4-4c60-a0e1-73fafa80b8fa,11/29/2025,87e3959c-37d3-55ee-b14f-0ffedf6ba6bb,Virtual Machines,Eadsv5 Series Windows,IN Central,E4ads v5,8.550011,2.992504
Actin-Azure Sponsorship,c27e8e3c-43a4-4c60-a0e1-73fafa80b8fa,11/30/2025,87e3959c-37d3-55ee-b14f-0ffedf6ba6bb,Virtual Machines,Eadsv5 Series Windows,IN Central,E4ads v5,7.716681,2.700838
Actin-Azure Sponsorship,c27e8e3c-43a4-4c60-a0e1-73fafa80b8fa,11-06-2025,f5712a92-6bae-4f78-be65-146d3bc5438b,Storage,Standard HDD Managed Disks,DE West Central,S10 LRS Disk,0.051906,0.305607
Actin-Azure Sponsorship,c27e8e3c-43a4-4c60-a0e1-73fafa80b8fa,11-07-2025,f5712a92-6bae-4f78-be65-146d3bc5438b,Storage,Standard HDD Managed Disks,DE West Central,S10 LRS Disk,0.066672,0.392544
Actin-Azure Sponsorship,c27e8e3c-43a4-4c60-a0e1-73fafa80b8fa,11-08-2025,f5712a92-6bae-4f78-be65-146d3bc5438b,Storage,Standard HDD Managed Disks,DE West Central,S10 LRS Disk,0.066672,0.392544
Actin-Azure Sponsorship,c27e8e3c-43a4-4c60-a0e1-73fafa80b8fa,11-09-2025,f5712a92-6bae-4f78-be65-146d3bc5438b,Storage,Standard HDD Managed Disks,DE West Central,S10 LRS Disk,0.066672,0.392544
Actin-Azure Sponsorship,c27e8e3c-43a4-4c60-a0e1-73fafa80b8fa,11-10-2025,f5712a92-6bae-4f78-be65-146d3bc5438b,Storage,Standard HDD Managed Disks,DE West Central,S10 LRS Disk,0.066672,0.392544
Actin-Azure Sponsorship,c27e8e3c-43a4-4c60-a0e1-73fafa80b8fa,11-11-2025,f5712a92-6bae-4f78-be65-146d3bc5438b,Storage,Standard HDD Managed Disks,DE West Central,S10 LRS Disk,0.066672,0.392544
Actin-Azure Sponsorship,c27e8e3c-43a4-4c60-a0e1-73fafa80b8fa,11-12-2025,f5712a92-6bae-4f78-be65-146d3bc5438b,Storage,Standard HDD Managed Disks,DE West Central,S10 LRS Disk,0.066672,0.392544
Actin-Azure Sponsorship,c27e8e3c-43a4-4c60-a0e1-73fafa80b8fa,11/13/2025,f5712a92-6bae-4f78-be65-146d3bc5438b,Storage,Standard HDD Managed Disks,DE West Central,S10 LRS Disk,0.066672,0.392544
Actin-Azure Sponsorship,c27e8e3c-43a4-4c60-a0e1-73fafa80b8fa,11/14/2025,f5712a92-6bae-4f78-be65-146d3bc5438b,Storage,Standard HDD Managed Disks,DE West Central,S10 LRS Disk,0.066672,0.392544
Actin-Azure Sponsorship,c27e8e3c-43a4-4c60-a0e1-73fafa80b8fa,11/15/2025,f5712a92-6bae-4f78-be65-146d3bc5438b,Storage,Standard HDD Managed Disks,DE West Central,S10 LRS Disk,0.066672,0.392544
Actin-Azure Sponsorship,c27e8e3c-43a4-4c60-a0e1-73fafa80b8fa,11/16/2025,f5712a92-6bae-4f78-be65-146d3bc5438b,Storage,Standard HDD Managed Disks,DE West Central,S10 LRS Disk,0.066672,0.392544
Actin-Azure Sponsorship,c27e8e3c-43a4-4c60-a0e1-73fafa80b8fa,11/17/2025,f5712a92-6bae-4f78-be65-146d3bc5438b,Storage,Standard HDD Managed Disks,DE West Central,S10 LRS Disk,0.066672,0.392544
Actin-Azure Sponsorship,c27e8e3c-43a4-4c60-a0e1-73fafa80b8fa,11/18/2025,f5712a92-6bae-4f78-be65-146d3bc5438b,Storage,Standard HDD Managed Disks,DE West Central,S10 LRS Disk,0.066672,0.392544
Actin-Azure Sponsorship,c27e8e3c-43a4-4c60-a0e1-73fafa80b8fa,11/19/2025,f5712a92-6bae-4f78-be65-146d3bc5438b,Storage,Standard HDD Managed Disks,DE West Central,S10 LRS Disk,0.066672,0.392544
Actin-Azure Sponsorship,c27e8e3c-43a4-4c60-a0e1-73fafa80b8fa,11/20/2025,f5712a92-6bae-4f78-be65-146d3bc5438b,Storage,Standard HDD Managed Disks,DE West Central,S10 LRS Disk,0.066672,0.392544
Actin-Azure Sponsorship,c27e8e3c-43a4-4c60-a0e1-73fafa80b8fa,11/21/2025,f5712a92-6bae-4f78-be65-146d3bc5438b,Storage,Standard HDD Managed Disks,DE West Central,S10 LRS Disk,0.066672,0.392544
Actin-Azure Sponsorship,c27e8e3c-43a4-4c60-a0e1-73fafa80b8fa,11/22/2025,f5712a92-6bae-4f78-be65-146d3bc5438b,Storage,Standard HDD Managed Disks,DE West Central,S10 LRS Disk,0.066672,0.392544
Actin-Azure Sponsorship,c27e8e3c-43a4-4c60-a0e1-73fafa80b8fa,11/23/2025,f5712a92-6bae-4f78-be65-146d3bc5438b,Storage,Standard HDD Managed Disks,DE West Central,S10 LRS Disk,0.066672,0.392544
Actin-Azure Sponsorship,c27e8e3c-43a4-4c60-a0e1-73fafa80b8fa,11/24/2025,f5712a92-6bae-4f78-be65-146d3bc5438b,Storage,Standard HDD Managed Disks,DE West Central,S10 LRS Disk,0.066672,0.392544
Actin-Azure Sponsorship,c27e8e3c-43a4-4c60-a0e1-73fafa80b8fa,11/25/2025,f5712a92-6bae-4f78-be65-146d3bc5438b,Storage,Standard HDD Managed Disks,DE West Central,S10 LRS Disk,0.066672,0.392544
Actin-Azure Sponsorship,c27e8e3c-43a4-4c60-a0e1-73fafa80b8fa,11/26/2025,f5712a92-6bae-4f78-be65-146d3bc5438b,Storage,Standard HDD Managed Disks,DE West Central,S10 LRS Disk,0.066672,0.392544
Actin-Azure Sponsorship,c27e8e3c-43a4-4c60-a0e1-73fafa80b8fa,11/27/2025,f5712a92-6bae-4f78-be65-146d3bc5438b,Storage,Standard HDD Managed Disks,DE West Central,S10 LRS Disk,0.066672,0.392544
Actin-Azure Sponsorship,c27e8e3c-43a4-4c60-a0e1-73fafa80b8fa,11/28/2025,f5712a92-6bae-4f78-be65-146d3bc5438b,Storage,Standard HDD Managed Disks,DE West Central,S10 LRS Disk,0.066672,0.392544
Actin-Azure Sponsorship,c27e8e3c-43a4-4c60-a0e1-73fafa80b8fa,11/29/2025,f5712a92-6bae-4f78-be65-146d3bc5438b,Storage,Standard HDD Managed Disks,DE West Central,S10 LRS Disk,0.066672,0.392544
Actin-Azure Sponsorship,c27e8e3c-43a4-4c60-a0e1-73fafa80b8fa,11/30/2025,f5712a92-6bae-4f78-be65-146d3bc5438b,Storage,Standard HDD Managed Disks,DE West Central,S10 LRS Disk,0.066672,0.392544
Actin-Azure Sponsorship,c27e8e3c-43a4-4c60-a0e1-73fafa80b8fa,11-01-2025,727a8fa8-8cf0-42a0-b95f-14fe7778ca3b,Storage,Standard Page Blob v2,IN Central,GRS Disk Write Operations,0.1439,0.00024
Actin-Azure Sponsorship,c27e8e3c-43a4-4c60-a0e1-73fafa80b8fa,11-02-2025,727a8fa8-8cf0-42a0-b95f-14fe7778ca3b,Storage,Standard Page Blob v2,IN Central,GRS Disk Write Operations,0.144,0.00024
Actin-Azure Sponsorship,c27e8e3c-43a4-4c60-a0e1-73fafa80b8fa,11-03-2025,727a8fa8-8cf0-42a0-b95f-14fe7778ca3b,Storage,Standard Page Blob v2,IN Central,GRS Disk Write Operations,0.144,0.00024
Actin-Azure Sponsorship,c27e8e3c-43a4-4c60-a0e1-73fafa80b8fa,11-04-2025,727a8fa8-8cf0-42a0-b95f-14fe7778ca3b,Storage,Standard Page Blob v2,IN Central,GRS Disk Write Operations,0.0132,0.000022
Actin-Azure Sponsorship,c27e8e3c-43a4-4c60-a0e1-73fafa80b8fa,11-01-2025,ad4d0278-4c8f-4298-a99b-1952ec4440b9,SQL Database,Single Standard,IN Central,S0 DTUs,3.000024,1.660824
Actin-Azure Sponsorship,c27e8e3c-43a4-4c60-a0e1-73fafa80b8fa,11-02-2025,ad4d0278-4c8f-4298-a99b-1952ec4440b9,SQL Database,Single Standard,IN Central,S0 DTUs,3.000024,1.660824
Actin-Azure Sponsorship,c27e8e3c-43a4-4c60-a0e1-73fafa80b8fa,11-03-2025,ad4d0278-4c8f-4298-a99b-1952ec4440b9,SQL Database,Single Standard,IN Central,S0 DTUs,3.000024,1.660824
Actin-Azure Sponsorship,c27e8e3c-43a4-4c60-a0e1-73fafa80b8fa,11-04-2025,ad4d0278-4c8f-4298-a99b-1952ec4440b9,SQL Database,Single Standard,IN Central,S0 DTUs,3.000024,1.660824
Actin-Azure Sponsorship,c27e8e3c-43a4-4c60-a0e1-73fafa80b8fa,11-05-2025,ad4d0278-4c8f-4298-a99b-1952ec4440b9,SQL Database,Single Standard,IN Central,S0 DTUs,3.000024,1.660824
Actin-Azure Sponsorship,c27e8e3c-43a4-4c60-a0e1-73fafa80b8fa,11-06-2025,ad4d0278-4c8f-4298-a99b-1952ec4440b9,SQL Database,Single Standard,IN Central,S0 DTUs,3.000024,1.660824
Actin-Azure Sponsorship,c27e8e3c-43a4-4c60-a0e1-73fafa80b8fa,11-07-2025,ad4d0278-4c8f-4298-a99b-1952ec4440b9,SQL Database,Single Standard,IN Central,S0 DTUs,3.000024,1.660824
Actin-Azure Sponsorship,c27e8e3c-43a4-4c60-a0e1-73fafa80b8fa,11-08-2025,ad4d0278-4c8f-4298-a99b-1952ec4440b9,SQL Database,Single Standard,IN Central,S0 DTUs,3.000024,1.660824
Actin-Azure Sponsorship,c27e8e3c-43a4-4c60-a0e1-73fafa80b8fa,11-09-2025,ad4d0278-4c8f-4298-a99b-1952ec4440b9,SQL Database,Single Standard,IN Central,S0 DTUs,3.000024,1.660824
Actin-Azure Sponsorship,c27e8e3c-43a4-4c60-a0e1-73fafa80b8fa,11-10-2025,ad4d0278-4c8f-4298-a99b-1952ec4440b9,SQL Database,Single Standard,IN Central,S0 DTUs,3.000024,1.660824
Actin-Azure Sponsorship,c27e8e3c-43a4-4c60-a0e1-73fafa80b8fa,11-11-2025,ad4d0278-4c8f-4298-a99b-1952ec4440b9,SQL Database,Single Standard,IN Central,S0 DTUs,3.000024,1.660824
Actin-Azure Sponsorship,c27e8e3c-43a4-4c60-a0e1-73fafa80b8fa,11-12-2025,ad4d0278-4c8f-4298-a99b-1952ec4440b9,SQL Database,Single Standard,IN Central,S0 DTUs,3.000024,1.660824
Actin-Azure Sponsorship,c27e8e3c-43a4-4c60-a0e1-73fafa80b8fa,11/13/2025,ad4d0278-4c8f-4298-a99b-1952ec4440b9,SQL Database,Single Standard,IN Central,S0 DTUs,3.000024,1.660824
Actin-Azure Sponsorship,c27e8e3c-43a4-4c60-a0e1-73fafa80b8fa,11/14/2025,ad4d0278-4c8f-4298-a99b-1952ec4440b9,SQL Database,Single Standard,IN Central,S0 DTUs,3.000024,1.660824
Actin-Azure Sponsorship,c27e8e3c-43a4-4c60-a0e1-73fafa80b8fa,11/15/2025,ad4d0278-4c8f-4298-a99b-1952ec4440b9,SQL Database,Single Standard,IN Central,S0 DTUs,3.000024,1.660824
Actin-Azure Sponsorship,c27e8e3c-43a4-4c60-a0e1-73fafa80b8fa,11/16/2025,ad4d0278-4c8f-4298-a99b-1952ec4440b9,SQL Database,Single Standard,IN Central,S0 DTUs,3.000024,1.660824
Actin-Azure Sponsorship,c27e8e3c-43a4-4c60-a0e1-73fafa80b8fa,11/17/2025,ad4d0278-4c8f-4298-a99b-1952ec4440b9,SQL Database,Single Standard,IN Central,S0 DTUs,3.000024,1.660824
Actin-Azure Sponsorship,c27e8e3c-43a4-4c60-a0e1-73fafa80b8fa,11/18/2025,ad4d0278-4c8f-4298-a99b-1952ec4440b9,SQL Database,Single Standard,IN Central,S0 DTUs,3.000024,1.660824
Actin-Azure Sponsorship,c27e8e3c-43a4-4c60-a0e1-73fafa80b8fa,11/19/2025,ad4d0278-4c8f-4298-a99b-1952ec4440b9,SQL Database,Single Standard,IN Central,S0 DTUs,3.000024,1.660824
Actin-Azure Sponsorship,c27e8e3c-43a4-4c60-a0e1-73fafa80b8fa,11/20/2025,ad4d0278-4c8f-4298-a99b-1952ec4440b9,SQL Database,Single Standard,IN Central,S0 DTUs,3.000024,1.660824
Actin-Azure Sponsorship,c27e8e3c-43a4-4c60-a0e1-73fafa80b8fa,11/21/2025,ad4d0278-4c8f-4298-a99b-1952ec4440b9,SQL Database,Single Standard,IN Central,S0 DTUs,3.000024,1.660824
Actin-Azure Sponsorship,c27e8e3c-43a4-4c60-a0e1-73fafa80b8fa,11/22/2025,ad4d0278-4c8f-4298-a99b-1952ec4440b9,SQL Database,Single Standard,IN Central,S0 DTUs,3.000024,1.660824
Actin-Azure Sponsorship,c27e8e3c-43a4-4c60-a0e1-73fafa80b8fa,11/23/2025,ad4d0278-4c8f-4298-a99b-1952ec4440b9,SQL Database,Single Standard,IN Central,S0 DTUs,3.000024,1.660824
Actin-Azure Sponsorship,c27e8e3c-43a4-4c60-a0e1-73fafa80b8fa,11/24/2025,ad4d0278-4c8f-4298-a99b-1952ec4440b9,SQL Database,Single Standard,IN Central,S0 DTUs,3.000024,1.660824
Actin-Azure Sponsorship,c27e8e3c-43a4-4c60-a0e1-73fafa80b8fa,11/25/2025,ad4d0278-4c8f-4298-a99b-1952ec4440b9,SQL Database,Single Standard,IN Central,S0 DTUs,3.000024,1.660824
Actin-Azure Sponsorship,c27e8e3c-43a4-4c60-a0e1-73fafa80b8fa,11/26/2025,ad4d0278-4c8f-4298-a99b-1952ec4440b9,SQL Database,Single Standard,IN Central,S0 DTUs,3.000024,1.660824
Actin-Azure Sponsorship,c27e8e3c-43a4-4c60-a0e1-73fafa80b8fa,11/27/2025,ad4d0278-4c8f-4298-a99b-1952ec4440b9,SQL Database,Single Standard,IN Central,S0 DTUs,3.000024,1.660824
Actin-Azure Sponsorship,c27e8e3c-43a4-4c60-a0e1-73fafa80b8fa,11/28/2025,ad4d0278-4c8f-4298-a99b-1952ec4440b9,SQL Database,Single Standard,IN Central,S0 DTUs,3.000024,1.660824
Actin-Azure Sponsorship,c27e8e3c-43a4-4c60-a0e1-73fafa80b8fa,11/29/2025,ad4d0278-4c8f-4298-a99b-1952ec4440b9,SQL Database,Single Standard,IN Central,S0 DTUs,3.000024,1.660824
Actin-Azure Sponsorship,c27e8e3c-43a4-4c60-a0e1-73fafa80b8fa,11/30/2025,ad4d0278-4c8f-4298-a99b-1952ec4440b9,SQL Database,Single Standard,IN Central,S0 DTUs,3.000024,1.660824
Actin-Azure Sponsorship,c27e8e3c-43a4-4c60-a0e1-73fafa80b8fa,11-01-2025,3360028e-0ee9-41b0-bf90-2752eae9448e,Storage,Standard SSD Managed Disks,IN Central,E10 LRS Disk,0.033336,0.352032
Actin-Azure Sponsorship,c27e8e3c-43a4-4c60-a0e1-73fafa80b8fa,11-02-2025,3360028e-0ee9-41b0-bf90-2752eae9448e,Storage,Standard SSD Managed Disks,IN Central,E10 LRS Disk,0.033336,0.352032
Actin-Azure Sponsorship,c27e8e3c-43a4-4c60-a0e1-73fafa80b8fa,11-03-2025,3360028e-0ee9-41b0-bf90-2752eae9448e,Storage,Standard SSD Managed Disks,IN Central,E10 LRS Disk,0.033336,0.352032
Actin-Azure Sponsorship,c27e8e3c-43a4-4c60-a0e1-73fafa80b8fa,11-04-2025,3360028e-0ee9-41b0-bf90-2752eae9448e,Storage,Standard SSD Managed Disks,IN Central,E10 LRS Disk,0.033336,0.352032
Actin-Azure Sponsorship,c27e8e3c-43a4-4c60-a0e1-73fafa80b8fa,11-05-2025,3360028e-0ee9-41b0-bf90-2752eae9448e,Storage,Standard SSD Managed Disks,IN Central,E10 LRS Disk,0.033336,0.352032
Actin-Azure Sponsorship,c27e8e3c-43a4-4c60-a0e1-73fafa80b8fa,11-06-2025,3360028e-0ee9-41b0-bf90-2752eae9448e,Storage,Standard SSD Managed Disks,IN Central,E10 LRS Disk,0.033336,0.352032
Actin-Azure Sponsorship,c27e8e3c-43a4-4c60-a0e1-73fafa80b8fa,11-07-2025,3360028e-0ee9-41b0-bf90-2752eae9448e,Storage,Standard SSD Managed Disks,IN Central,E10 LRS Disk,0.033336,0.352032
Actin-Azure Sponsorship,c27e8e3c-43a4-4c60-a0e1-73fafa80b8fa,11-08-2025,3360028e-0ee9-41b0-bf90-2752eae9448e,Storage,Standard SSD Managed Disks,IN Central,E10 LRS Disk,0.033336,0.352032
Actin-Azure Sponsorship,c27e8e3c-43a4-4c60-a0e1-73fafa80b8fa,11-09-2025,3360028e-0ee9-41b0-bf90-2752eae9448e,Storage,Standard SSD Managed Disks,IN Central,E10 LRS Disk,0.033336,0.352032
Actin-Azure Sponsorship,c27e8e3c-43a4-4c60-a0e1-73fafa80b8fa,11-10-2025,3360028e-0ee9-41b0-bf90-2752eae9448e,Storage,Standard SSD Managed Disks,IN Central,E10 LRS Disk,0.033336,0.352032
Actin-Azure Sponsorship,c27e8e3c-43a4-4c60-a0e1-73fafa80b8fa,11-11-2025,3360028e-0ee9-41b0-bf90-2752eae9448e,Storage,Standard SSD Managed Disks,IN Central,E10 LRS Disk,0.033336,0.352032
Actin-Azure Sponsorship,c27e8e3c-43a4-4c60-a0e1-73fafa80b8fa,11-12-2025,3360028e-0ee9-41b0-bf90-2752eae9448e,Storage,Standard SSD Managed Disks,IN Central,E10 LRS Disk,0.033336,0.352032
Actin-Azure Sponsorship,c27e8e3c-43a4-4c60-a0e1-73fafa80b8fa,11/13/2025,3360028e-0ee9-41b0-bf90-2752eae9448e,Storage,Standard SSD Managed Disks,IN Central,E10 LRS Disk,0.033336,0.352032
Actin-Azure Sponsorship,c27e8e3c-43a4-4c60-a0e1-73fafa80b8fa,11/14/2025,3360028e-0ee9-41b0-bf90-2752eae9448e,Storage,Standard SSD Managed Disks,IN Central,E10 LRS Disk,0.033336,0.352032
Actin-Azure Sponsorship,c27e8e3c-43a4-4c60-a0e1-73fafa80b8fa,11/15/2025,3360028e-0ee9-41b0-bf90-2752eae9448e,Storage,Standard SSD Managed Disks,IN Central,E10 LRS Disk,0.033336,0.352032
Actin-Azure Sponsorship,c27e8e3c-43a4-4c60-a0e1-73fafa80b8fa,11/16/2025,3360028e-0ee9-41b0-bf90-2752eae9448e,Storage,Standard SSD Managed Disks,IN Central,E10 LRS Disk,0.033336,0.352032
Actin-Azure Sponsorship,c27e8e3c-43a4-4c60-a0e1-73fafa80b8fa,11/17/2025,3360028e-0ee9-41b0-bf90-2752eae9448e,Storage,Standard SSD Managed Disks,IN Central,E10 LRS Disk,0.033336,0.352032
Actin-Azure Sponsorship,c27e8e3c-43a4-4c60-a0e1-73fafa80b8fa,11/18/2025,3360028e-0ee9-41b0-bf90-2752eae9448e,Storage,Standard SSD Managed Disks,IN Central,E10 LRS Disk,0.033336,0.352032
Actin-Azure Sponsorship,c27e8e3c-43a4-4c60-a0e1-73fafa80b8fa,11/19/2025,3360028e-0ee9-41b0-bf90-2752eae9448e,Storage,Standard SSD Managed Disks,IN Central,E10 LRS Disk,0.033336,0.352032
Actin-Azure Sponsorship,c27e8e3c-43a4-4c60-a0e1-73fafa80b8fa,11/20/2025,3360028e-0ee9-41b0-bf90-2752eae9448e,Storage,Standard SSD Managed Disks,IN Central,E10 LRS Disk,0.033336,0.352032
Actin-Azure Sponsorship,c27e8e3c-43a4-4c60-a0e1-73fafa80b8fa,11/21/2025,3360028e-0ee9-41b0-bf90-2752eae9448e,Storage,Standard SSD Managed Disks,IN Central,E10 LRS Disk,0.033336,0.352032
Actin-Azure Sponsorship,c27e8e3c-43a4-4c60-a0e1-73fafa80b8fa,11/22/2025,3360028e-0ee9-41b0-bf90-2752eae9448e,Storage,Standard SSD Managed Disks,IN Central,E10 LRS Disk,0.033336,0.352032
Actin-Azure Sponsorship,c27e8e3c-43a4-4c60-a0e1-73fafa80b8fa,11/23/2025,3360028e-0ee9-41b0-bf90-2752eae9448e,Storage,Standard SSD Managed Disks,IN Central,E10 LRS Disk,0.033336,0.352032
Actin-Azure Sponsorship,c27e8e3c-43a4-4c60-a0e1-73fafa80b8fa,11/24/2025,3360028e-0ee9-41b0-bf90-2752eae9448e,Storage,Standard SSD Managed Disks,IN Central,E10 LRS Disk,0.033336,0.352032
Actin-Azure Sponsorship,c27e8e3c-43a4-4c60-a0e1-73fafa80b8fa,11/25/2025,3360028e-0ee9-41b0-bf90-2752eae9448e,Storage,Standard SSD Managed Disks,IN Central,E10 LRS Disk,0.033336,0.352032
Actin-Azure Sponsorship,c27e8e3c-43a4-4c60-a0e1-73fafa80b8fa,11/26/2025,3360028e-0ee9-41b0-bf90-2752eae9448e,Storage,Standard SSD Managed Disks,IN Central,E10 LRS Disk,0.033336,0.352032
Actin-Azure Sponsorship,c27e8e3c-43a4-4c60-a0e1-73fafa80b8fa,11/27/2025,3360028e-0ee9-41b0-bf90-2752eae9448e,Storage,Standard SSD Managed Disks,IN Central,E10 LRS Disk,0.033336,0.352032
Actin-Azure Sponsorship,c27e8e3c-43a4-4c60-a0e1-73fafa80b8fa,11/28/2025,3360028e-0ee9-41b0-bf90-2752eae9448e,Storage,Standard SSD Managed Disks,IN Central,E10 LRS Disk,0.033336,0.352032
Actin-Azure Sponsorship,c27e8e3c-43a4-4c60-a0e1-73fafa80b8fa,11/29/2025,3360028e-0ee9-41b0-bf90-2752eae9448e,Storage,Standard SSD Managed Disks,IN Central,E10 LRS Disk,0.033336,0.352032
Actin-Azure Sponsorship,c27e8e3c-43a4-4c60-a0e1-73fafa80b8fa,11/30/2025,3360028e-0ee9-41b0-bf90-2752eae9448e,Storage,Standard SSD Managed Disks,IN Central,E10 LRS Disk,0.033336,0.352032
Actin-Azure Sponsorship,c27e8e3c-43a4-4c60-a0e1-73fafa80b8fa,11-01-2025,7ace040c-7857-5494-a5b8-295e4d634595,IoT Hub,Device Update,AP Southeast,Free 1 Device Unit,0,0
Actin-Azure Sponsorship,c27e8e3c-43a4-4c60-a0e1-73fafa80b8fa,11-02-2025,7ace040c-7857-5494-a5b8-295e4d634595,IoT Hub,Device Update,AP Southeast,Free 1 Device Unit,0,0
Actin-Azure Sponsorship,c27e8e3c-43a4-4c60-a0e1-73fafa80b8fa,11-03-2025,7ace040c-7857-5494-a5b8-295e4d634595,IoT Hub,Device Update,AP Southeast,Free 1 Device Unit,0,0
Actin-Azure Sponsorship,c27e8e3c-43a4-4c60-a0e1-73fafa80b8fa,11-04-2025,7ace040c-7857-5494-a5b8-295e4d634595,IoT Hub,Device Update,AP Southeast,Free 1 Device Unit,0,0
Actin-Azure Sponsorship,c27e8e3c-43a4-4c60-a0e1-73fafa80b8fa,11-05-2025,7ace040c-7857-5494-a5b8-295e4d634595,IoT Hub,Device Update,AP Southeast,Free 1 Device Unit,0,0
Actin-Azure Sponsorship,c27e8e3c-43a4-4c60-a0e1-73fafa80b8fa,11-06-2025,7ace040c-7857-5494-a5b8-295e4d634595,IoT Hub,Device Update,AP Southeast,Free 1 Device Unit,0,0
Actin-Azure Sponsorship,c27e8e3c-43a4-4c60-a0e1-73fafa80b8fa,11-07-2025,7ace040c-7857-5494-a5b8-295e4d634595,IoT Hub,Device Update,AP Southeast,Free 1 Device Unit,0,0
Actin-Azure Sponsorship,c27e8e3c-43a4-4c60-a0e1-73fafa80b8fa,11-08-2025,7ace040c-7857-5494-a5b8-295e4d634595,IoT Hub,Device Update,AP Southeast,Free 1 Device Unit,0,0
Actin-Azure Sponsorship,c27e8e3c-43a4-4c60-a0e1-73fafa80b8fa,11-09-2025,7ace040c-7857-5494-a5b8-295e4d634595,IoT Hub,Device Update,AP Southeast,Free 1 Device Unit,0,0
Actin-Azure Sponsorship,c27e8e3c-43a4-4c60-a0e1-73fafa80b8fa,11-10-2025,7ace040c-7857-5494-a5b8-295e4d634595,IoT Hub,Device Update,AP Southeast,Free 1 Device Unit,0,0
Actin-Azure Sponsorship,c27e8e3c-43a4-4c60-a0e1-73fafa80b8fa,11-11-2025,7ace040c-7857-5494-a5b8-295e4d634595,IoT Hub,Device Update,AP Southeast,Free 1 Device Unit,0,0
Actin-Azure Sponsorship,c27e8e3c-43a4-4c60-a0e1-73fafa80b8fa,11-12-2025,7ace040c-7857-5494-a5b8-295e4d634595,IoT Hub,Device Update,AP Southeast,Free 1 Device Unit,0,0
Actin-Azure Sponsorship,c27e8e3c-43a4-4c60-a0e1-73fafa80b8fa,11/13/2025,7ace040c-7857-5494-a5b8-295e4d634595,IoT Hub,Device Update,AP Southeast,Free 1 Device Unit,0,0
Actin-Azure Sponsorship,c27e8e3c-43a4-4c60-a0e1-73fafa80b8fa,11/14/2025,7ace040c-7857-5494-a5b8-295e4d634595,IoT Hub,Device Update,AP Southeast,Free 1 Device Unit,0,0
Actin-Azure Sponsorship,c27e8e3c-43a4-4c60-a0e1-73fafa80b8fa,11/15/2025,7ace040c-7857-5494-a5b8-295e4d634595,IoT Hub,Device Update,AP Southeast,Free 1 Device Unit,0,0
Actin-Azure Sponsorship,c27e8e3c-43a4-4c60-a0e1-73fafa80b8fa,11/16/2025,7ace040c-7857-5494-a5b8-295e4d634595,IoT Hub,Device Update,AP Southeast,Free 1 Device Unit,0,0
Actin-Azure Sponsorship,c27e8e3c-43a4-4c60-a0e1-73fafa80b8fa,11/17/2025,7ace040c-7857-5494-a5b8-295e4d634595,IoT Hub,Device Update,AP Southeast,Free 1 Device Unit,0,0
Actin-Azure Sponsorship,c27e8e3c-43a4-4c60-a0e1-73fafa80b8fa,11/18/2025,7ace040c-7857-5494-a5b8-295e4d634595,IoT Hub,Device Update,AP Southeast,Free 1 Device Unit,0,0
Actin-Azure Sponsorship,c27e8e3c-43a4-4c60-a0e1-73fafa80b8fa,11/19/2025,7ace040c-7857-5494-a5b8-295e4d634595,IoT Hub,Device Update,AP Southeast,Free 1 Device Unit,0,0
Actin-Azure Sponsorship,c27e8e3c-43a4-4c60-a0e1-73fafa80b8fa,11/20/2025,7ace040c-7857-5494-a5b8-295e4d634595,IoT Hub,Device Update,AP Southeast,Free 1 Device Unit,0,0
Actin-Azure Sponsorship,c27e8e3c-43a4-4c60-a0e1-73fafa80b8fa,11/21/2025,7ace040c-7857-5494-a5b8-295e4d634595,IoT Hub,Device Update,AP Southeast,Free 1 Device Unit,0,0
Actin-Azure Sponsorship,c27e8e3c-43a4-4c60-a0e1-73fafa80b8fa,11/22/2025,7ace040c-7857-5494-a5b8-295e4d634595,IoT Hub,Device Update,AP Southeast,Free 1 Device Unit,0,0
Actin-Azure Sponsorship,c27e8e3c-43a4-4c60-a0e1-73fafa80b8fa,11/23/2025,7ace040c-7857-5494-a5b8-295e4d634595,IoT Hub,Device Update,AP Southeast,Free 1 Device Unit,0,0
Actin-Azure Sponsorship,c27e8e3c-43a4-4c60-a0e1-73fafa80b8fa,11/24/2025,7ace040c-7857-5494-a5b8-295e4d634595,IoT Hub,Device Update,AP Southeast,Free 1 Device Unit,0,0
Actin-Azure Sponsorship,c27e8e3c-43a4-4c60-a0e1-73fafa80b8fa,11/25/2025,7ace040c-7857-5494-a5b8-295e4d634595,IoT Hub,Device Update,AP Southeast,Free 1 Device Unit,0,0
Actin-Azure Sponsorship,c27e8e3c-43a4-4c60-a0e1-73fafa80b8fa,11/26/2025,7ace040c-7857-5494-a5b8-295e4d634595,IoT Hub,Device Update,AP Southeast,Free 1 Device Unit,0,0
Actin-Azure Sponsorship,c27e8e3c-43a4-4c60-a0e1-73fafa80b8fa,11/27/2025,7ace040c-7857-5494-a5b8-295e4d634595,IoT Hub,Device Update,AP Southeast,Free 1 Device Unit,0,0
Actin-Azure Sponsorship,c27e8e3c-43a4-4c60-a0e1-73fafa80b8fa,11/28/2025,7ace040c-7857-5494-a5b8-295e4d634595,IoT Hub,Device Update,AP Southeast,Free 1 Device Unit,0,0
Actin-Azure Sponsorship,c27e8e3c-43a4-4c60-a0e1-73fafa80b8fa,11/29/2025,7ace040c-7857-5494-a5b8-295e4d634595,IoT Hub,Device Update,AP Southeast,Free 1 Device Unit,0,0
Actin-Azure Sponsorship,c27e8e3c-43a4-4c60-a0e1-73fafa80b8fa,11/30/2025,7ace040c-7857-5494-a5b8-295e4d634595,IoT Hub,Device Update,AP Southeast,Free 1 Device Unit,0,0
Actin-Azure Sponsorship,c27e8e3c-43a4-4c60-a0e1-73fafa80b8fa,11-01-2025,e6ab7238-e433-4fe0-a2b2-2b2564df2cdb,Virtual Network,Private Link,Global,Standard Private Endpoint,72,0.72
Actin-Azure Sponsorship,c27e8e3c-43a4-4c60-a0e1-73fafa80b8fa,11-02-2025,e6ab7238-e433-4fe0-a2b2-2b2564df2cdb,Virtual Network,Private Link,Global,Standard Private Endpoint,72,0.72
Actin-Azure Sponsorship,c27e8e3c-43a4-4c60-a0e1-73fafa80b8fa,11-03-2025,e6ab7238-e433-4fe0-a2b2-2b2564df2cdb,Virtual Network,Private Link,Global,Standard Private Endpoint,72,0.72
Actin-Azure Sponsorship,c27e8e3c-43a4-4c60-a0e1-73fafa80b8fa,11-04-2025,e6ab7238-e433-4fe0-a2b2-2b2564df2cdb,Virtual Network,Private Link,Global,Standard Private Endpoint,72,0.72
Actin-Azure Sponsorship,c27e8e3c-43a4-4c60-a0e1-73fafa80b8fa,11-05-2025,e6ab7238-e433-4fe0-a2b2-2b2564df2cdb,Virtual Network,Private Link,Global,Standard Private Endpoint,72,0.72
Actin-Azure Sponsorship,c27e8e3c-43a4-4c60-a0e1-73fafa80b8fa,11-06-2025,e6ab7238-e433-4fe0-a2b2-2b2564df2cdb,Virtual Network,Private Link,Global,Standard Private Endpoint,72,0.72
Actin-Azure Sponsorship,c27e8e3c-43a4-4c60-a0e1-73fafa80b8fa,11-07-2025,e6ab7238-e433-4fe0-a2b2-2b2564df2cdb,Virtual Network,Private Link,Global,Standard Private Endpoint,72,0.72
Actin-Azure Sponsorship,c27e8e3c-43a4-4c60-a0e1-73fafa80b8fa,11-08-2025,e6ab7238-e433-4fe0-a2b2-2b2564df2cdb,Virtual Network,Private Link,Global,Standard Private Endpoint,72,0.72
Actin-Azure Sponsorship,c27e8e3c-43a4-4c60-a0e1-73fafa80b8fa,11-09-2025,e6ab7238-e433-4fe0-a2b2-2b2564df2cdb,Virtual Network,Private Link,Global,Standard Private Endpoint,72,0.72
Actin-Azure Sponsorship,c27e8e3c-43a4-4c60-a0e1-73fafa80b8fa,11-10-2025,e6ab7238-e433-4fe0-a2b2-2b2564df2cdb,Virtual Network,Private Link,Global,Standard Private Endpoint,72,0.72
Actin-Azure Sponsorship,c27e8e3c-43a4-4c60-a0e1-73fafa80b8fa,11-11-2025,e6ab7238-e433-4fe0-a2b2-2b2564df2cdb,Virtual Network,Private Link,Global,Standard Private Endpoint,72,0.72
Actin-Azure Sponsorship,c27e8e3c-43a4-4c60-a0e1-73fafa80b8fa,11-12-2025,e6ab7238-e433-4fe0-a2b2-2b2564df2cdb,Virtual Network,Private Link,Global,Standard Private Endpoint,72,0.72
Actin-Azure Sponsorship,c27e8e3c-43a4-4c60-a0e1-73fafa80b8fa,11/13/2025,e6ab7238-e433-4fe0-a2b2-2b2564df2cdb,Virtual Network,Private Link,Global,Standard Private Endpoint,72,0.72
Actin-Azure Sponsorship,c27e8e3c-43a4-4c60-a0e1-73fafa80b8fa,11/14/2025,e6ab7238-e433-4fe0-a2b2-2b2564df2cdb,Virtual Network,Private Link,Global,Standard Private Endpoint,72,0.72
Actin-Azure Sponsorship,c27e8e3c-43a4-4c60-a0e1-73fafa80b8fa,11/15/2025,e6ab7238-e433-4fe0-a2b2-2b2564df2cdb,Virtual Network,Private Link,Global,Standard Private Endpoint,72,0.72
Actin-Azure Sponsorship,c27e8e3c-43a4-4c60-a0e1-73fafa80b8fa,11/16/2025,e6ab7238-e433-4fe0-a2b2-2b2564df2cdb,Virtual Network,Private Link,Global,Standard Private Endpoint,72,0.72
Actin-Azure Sponsorship,c27e8e3c-43a4-4c60-a0e1-73fafa80b8fa,11/17/2025,e6ab7238-e433-4fe0-a2b2-2b2564df2cdb,Virtual Network,Private Link,Global,Standard Private Endpoint,72,0.72
Actin-Azure Sponsorship,c27e8e3c-43a4-4c60-a0e1-73fafa80b8fa,11/18/2025,e6ab7238-e433-4fe0-a2b2-2b2564df2cdb,Virtual Network,Private Link,Global,Standard Private Endpoint,72,0.72
Actin-Azure Sponsorship,c27e8e3c-43a4-4c60-a0e1-73fafa80b8fa,11/19/2025,e6ab7238-e433-4fe0-a2b2-2b2564df2cdb,Virtual Network,Private Link,Global,Standard Private Endpoint,72,0.72
Actin-Azure Sponsorship,c27e8e3c-43a4-4c60-a0e1-73fafa80b8fa,11/20/2025,e6ab7238-e433-4fe0-a2b2-2b2564df2cdb,Virtual Network,Private Link,Global,Standard Private Endpoint,72,0.72
Actin-Azure Sponsorship,c27e8e3c-43a4-4c60-a0e1-73fafa80b8fa,11/21/2025,e6ab7238-e433-4fe0-a2b2-2b2564df2cdb,Virtual Network,Private Link,Global,Standard Private Endpoint,72,0.72
Actin-Azure Sponsorship,c27e8e3c-43a4-4c60-a0e1-73fafa80b8fa,11/22/2025,e6ab7238-e433-4fe0-a2b2-2b2564df2cdb,Virtual Network,Private Link,Global,Standard Private Endpoint,72,0.72
Actin-Azure Sponsorship,c27e8e3c-43a4-4c60-a0e1-73fafa80b8fa,11/23/2025,e6ab7238-e433-4fe0-a2b2-2b2564df2cdb,Virtual Network,Private Link,Global,Standard Private Endpoint,72,0.72
Actin-Azure Sponsorship,c27e8e3c-43a4-4c60-a0e1-73fafa80b8fa,11/24/2025,e6ab7238-e433-4fe0-a2b2-2b2564df2cdb,Virtual Network,Private Link,Global,Standard Private Endpoint,72,0.72
Actin-Azure Sponsorship,c27e8e3c-43a4-4c60-a0e1-73fafa80b8fa,11/25/2025,e6ab7238-e433-4fe0-a2b2-2b2564df2cdb,Virtual Network,Private Link,Global,Standard Private Endpoint,72,0.72
Actin-Azure Sponsorship,c27e8e3c-43a4-4c60-a0e1-73fafa80b8fa,11/26/2025,e6ab7238-e433-4fe0-a2b2-2b2564df2cdb,Virtual Network,Private Link,Global,Standard Private Endpoint,72,0.72
Actin-Azure Sponsorship,c27e8e3c-43a4-4c60-a0e1-73fafa80b8fa,11/27/2025,e6ab7238-e433-4fe0-a2b2-2b2564df2cdb,Virtual Network,Private Link,Global,Standard Private Endpoint,72,0.72
Actin-Azure Sponsorship,c27e8e3c-43a4-4c60-a0e1-73fafa80b8fa,11/28/2025,e6ab7238-e433-4fe0-a2b2-2b2564df2cdb,Virtual Network,Private Link,Global,Standard Private Endpoint,72,0.72
Actin-Azure Sponsorship,c27e8e3c-43a4-4c60-a0e1-73fafa80b8fa,11/29/2025,e6ab7238-e433-4fe0-a2b2-2b2564df2cdb,Virtual Network,Private Link,Global,Standard Private Endpoint,72,0.72
Actin-Azure Sponsorship,c27e8e3c-43a4-4c60-a0e1-73fafa80b8fa,11/30/2025,e6ab7238-e433-4fe0-a2b2-2b2564df2cdb,Virtual Network,Private Link,Global,Standard Private Endpoint,72,0.72
Actin-Azure Sponsorship,c27e8e3c-43a4-4c60-a0e1-73fafa80b8fa,11-01-2025,365a457f-78b3-4c98-8199-2c0459ed3e39,Storage,Files,IN Central,LRS Data Stored,0.166656,0.010992
Actin-Azure Sponsorship,c27e8e3c-43a4-4c60-a0e1-73fafa80b8fa,11-02-2025,365a457f-78b3-4c98-8199-2c0459ed3e39,Storage,Files,IN Central,LRS Data Stored,0.166656,0.010992
Actin-Azure Sponsorship,c27e8e3c-43a4-4c60-a0e1-73fafa80b8fa,11-03-2025,365a457f-78b3-4c98-8199-2c0459ed3e39,Storage,Files,IN Central,LRS Data Stored,0.166656,0.010992
Actin-Azure Sponsorship,c27e8e3c-43a4-4c60-a0e1-73fafa80b8fa,11-04-2025,365a457f-78b3-4c98-8199-2c0459ed3e39,Storage,Files,IN Central,LRS Data Stored,0.166656,0.010992
Actin-Azure Sponsorship,c27e8e3c-43a4-4c60-a0e1-73fafa80b8fa,11-05-2025,365a457f-78b3-4c98-8199-2c0459ed3e39,Storage,Files,IN Central,LRS Data Stored,0.166656,0.010992
Actin-Azure Sponsorship,c27e8e3c-43a4-4c60-a0e1-73fafa80b8fa,11-06-2025,365a457f-78b3-4c98-8199-2c0459ed3e39,Storage,Files,IN Central,LRS Data Stored,0.166656,0.010992
Actin-Azure Sponsorship,c27e8e3c-43a4-4c60-a0e1-73fafa80b8fa,11-07-2025,365a457f-78b3-4c98-8199-2c0459ed3e39,Storage,Files,IN Central,LRS Data Stored,0.166656,0.010992
Actin-Azure Sponsorship,c27e8e3c-43a4-4c60-a0e1-73fafa80b8fa,11-08-2025,365a457f-78b3-4c98-8199-2c0459ed3e39,Storage,Files,IN Central,LRS Data Stored,0.166656,0.010992
Actin-Azure Sponsorship,c27e8e3c-43a4-4c60-a0e1-73fafa80b8fa,11-09-2025,365a457f-78b3-4c98-8199-2c0459ed3e39,Storage,Files,IN Central,LRS Data Stored,0.166656,0.010992
Actin-Azure Sponsorship,c27e8e3c-43a4-4c60-a0e1-73fafa80b8fa,11-10-2025,365a457f-78b3-4c98-8199-2c0459ed3e39,Storage,Files,IN Central,LRS Data Stored,0.166656,0.010992
Actin-Azure Sponsorship,c27e8e3c-43a4-4c60-a0e1-73fafa80b8fa,11-11-2025,365a457f-78b3-4c98-8199-2c0459ed3e39,Storage,Files,IN Central,LRS Data Stored,0.166656,0.010992
Actin-Azure Sponsorship,c27e8e3c-43a4-4c60-a0e1-73fafa80b8fa,11-12-2025,365a457f-78b3-4c98-8199-2c0459ed3e39,Storage,Files,IN Central,LRS Data Stored,0.166656,0.010992
Actin-Azure Sponsorship,c27e8e3c-43a4-4c60-a0e1-73fafa80b8fa,11/13/2025,365a457f-78b3-4c98-8199-2c0459ed3e39,Storage,Files,IN Central,LRS Data Stored,0.166656,0.010992
Actin-Azure Sponsorship,c27e8e3c-43a4-4c60-a0e1-73fafa80b8fa,11/14/2025,365a457f-78b3-4c98-8199-2c0459ed3e39,Storage,Files,IN Central,LRS Data Stored,0.166656,0.010992
Actin-Azure Sponsorship,c27e8e3c-43a4-4c60-a0e1-73fafa80b8fa,11/15/2025,365a457f-78b3-4c98-8199-2c0459ed3e39,Storage,Files,IN Central,LRS Data Stored,0.166656,0.010992
Actin-Azure Sponsorship,c27e8e3c-43a4-4c60-a0e1-73fafa80b8fa,11/16/2025,365a457f-78b3-4c98-8199-2c0459ed3e39,Storage,Files,IN Central,LRS Data Stored,0.166656,0.010992
Actin-Azure Sponsorship,c27e8e3c-43a4-4c60-a0e1-73fafa80b8fa,11/17/2025,365a457f-78b3-4c98-8199-2c0459ed3e39,Storage,Files,IN Central,LRS Data Stored,0.166656,0.010992
Actin-Azure Sponsorship,c27e8e3c-43a4-4c60-a0e1-73fafa80b8fa,11/18/2025,365a457f-78b3-4c98-8199-2c0459ed3e39,Storage,Files,IN Central,LRS Data Stored,0.166656,0.010992
Actin-Azure Sponsorship,c27e8e3c-43a4-4c60-a0e1-73fafa80b8fa,11/19/2025,365a457f-78b3-4c98-8199-2c0459ed3e39,Storage,Files,IN Central,LRS Data Stored,0.166656,0.010992
Actin-Azure Sponsorship,c27e8e3c-43a4-4c60-a0e1-73fafa80b8fa,11/20/2025,365a457f-78b3-4c98-8199-2c0459ed3e39,Storage,Files,IN Central,LRS Data Stored,0.166656,0.010992
Actin-Azure Sponsorship,c27e8e3c-43a4-4c60-a0e1-73fafa80b8fa,11/21/2025,365a457f-78b3-4c98-8199-2c0459ed3e39,Storage,Files,IN Central,LRS Data Stored,0.166656,0.010992
Actin-Azure Sponsorship,c27e8e3c-43a4-4c60-a0e1-73fafa80b8fa,11/22/2025,365a457f-78b3-4c98-8199-2c0459ed3e39,Storage,Files,IN Central,LRS Data Stored,0.166656,0.010992
Actin-Azure Sponsorship,c27e8e3c-43a4-4c60-a0e1-73fafa80b8fa,11/23/2025,365a457f-78b3-4c98-8199-2c0459ed3e39,Storage,Files,IN Central,LRS Data Stored,0.166656,0.010992
Actin-Azure Sponsorship,c27e8e3c-43a4-4c60-a0e1-73fafa80b8fa,11/24/2025,365a457f-78b3-4c98-8199-2c0459ed3e39,Storage,Files,IN Central,LRS Data Stored,0.166656,0.010992
Actin-Azure Sponsorship,c27e8e3c-43a4-4c60-a0e1-73fafa80b8fa,11/25/2025,365a457f-78b3-4c98-8199-2c0459ed3e39,Storage,Files,IN Central,LRS Data Stored,0.166656,0.010992
Actin-Azure Sponsorship,c27e8e3c-43a4-4c60-a0e1-73fafa80b8fa,11/26/2025,365a457f-78b3-4c98-8199-2c0459ed3e39,Storage,Files,IN Central,LRS Data Stored,0.166656,0.010992
Actin-Azure Sponsorship,c27e8e3c-43a4-4c60-a0e1-73fafa80b8fa,11/27/2025,365a457f-78b3-4c98-8199-2c0459ed3e39,Storage,Files,IN Central,LRS Data Stored,0.166656,0.010992
Actin-Azure Sponsorship,c27e8e3c-43a4-4c60-a0e1-73fafa80b8fa,11/28/2025,365a457f-78b3-4c98-8199-2c0459ed3e39,Storage,Files,IN Central,LRS Data Stored,0.166656,0.010992
Actin-Azure Sponsorship,c27e8e3c-43a4-4c60-a0e1-73fafa80b8fa,11/29/2025,365a457f-78b3-4c98-8199-2c0459ed3e39,Storage,Files,IN Central,LRS Data Stored,0.166656,0.010992
Actin-Azure Sponsorship,c27e8e3c-43a4-4c60-a0e1-73fafa80b8fa,11/30/2025,365a457f-78b3-4c98-8199-2c0459ed3e39,Storage,Files,IN Central,LRS Data Stored,0.166656,0.010992
Actin-Azure Sponsorship,c27e8e3c-43a4-4c60-a0e1-73fafa80b8fa,11/14/2025,fa1b707a-7575-5b24-9bbd-343065939e7b,Virtual Machines,NCadsH100v5 Series,IN Central,NC40adsH100v5,6.116688,59.772275
Actin-Azure Sponsorship,c27e8e3c-43a4-4c60-a0e1-73fafa80b8fa,11/16/2025,fa1b707a-7575-5b24-9bbd-343065939e7b,Virtual Machines,NCadsH100v5 Series,IN Central,NC40adsH100v5,2.816683,27.524626
Actin-Azure Sponsorship,c27e8e3c-43a4-4c60-a0e1-73fafa80b8fa,11/17/2025,fa1b707a-7575-5b24-9bbd-343065939e7b,Virtual Machines,NCadsH100v5 Series,IN Central,NC40adsH100v5,8.300026,81.107854
Actin-Azure Sponsorship,c27e8e3c-43a4-4c60-a0e1-73fafa80b8fa,11/18/2025,fa1b707a-7575-5b24-9bbd-343065939e7b,Virtual Machines,NCadsH100v5 Series,IN Central,NC40adsH100v5,5.916685,57.817846
Actin-Azure Sponsorship,c27e8e3c-43a4-4c60-a0e1-73fafa80b8fa,11/19/2025,fa1b707a-7575-5b24-9bbd-343065939e7b,Virtual Machines,NCadsH100v5 Series,IN Central,NC40adsH100v5,7.966686,77.850456
Actin-Azure Sponsorship,c27e8e3c-43a4-4c60-a0e1-73fafa80b8fa,11/20/2025,fa1b707a-7575-5b24-9bbd-343065939e7b,Virtual Machines,NCadsH100v5 Series,IN Central,NC40adsH100v5,9.516677,92.996968
Actin-Azure Sponsorship,c27e8e3c-43a4-4c60-a0e1-73fafa80b8fa,11-01-2025,47f23660-b51e-42b9-bc29-38dd1ede26dc,Storage,Standard HDD Managed Disks,IN Central,S20 LRS Disk,0.033336,0.797928
Actin-Azure Sponsorship,c27e8e3c-43a4-4c60-a0e1-73fafa80b8fa,11-02-2025,47f23660-b51e-42b9-bc29-38dd1ede26dc,Storage,Standard HDD Managed Disks,IN Central,S20 LRS Disk,0.033336,0.797928
Actin-Azure Sponsorship,c27e8e3c-43a4-4c60-a0e1-73fafa80b8fa,11-03-2025,47f23660-b51e-42b9-bc29-38dd1ede26dc,Storage,Standard HDD Managed Disks,IN Central,S20 LRS Disk,0.033336,0.797928
Actin-Azure Sponsorship,c27e8e3c-43a4-4c60-a0e1-73fafa80b8fa,11-04-2025,47f23660-b51e-42b9-bc29-38dd1ede26dc,Storage,Standard HDD Managed Disks,IN Central,S20 LRS Disk,0.033336,0.797928
Actin-Azure Sponsorship,c27e8e3c-43a4-4c60-a0e1-73fafa80b8fa,11-05-2025,47f23660-b51e-42b9-bc29-38dd1ede26dc,Storage,Standard HDD Managed Disks,IN Central,S20 LRS Disk,0.033336,0.797928
Actin-Azure Sponsorship,c27e8e3c-43a4-4c60-a0e1-73fafa80b8fa,11-06-2025,47f23660-b51e-42b9-bc29-38dd1ede26dc,Storage,Standard HDD Managed Disks,IN Central,S20 LRS Disk,0.033336,0.797928
Actin-Azure Sponsorship,c27e8e3c-43a4-4c60-a0e1-73fafa80b8fa,11-07-2025,47f23660-b51e-42b9-bc29-38dd1ede26dc,Storage,Standard HDD Managed Disks,IN Central,S20 LRS Disk,0.033336,0.797928
Actin-Azure Sponsorship,c27e8e3c-43a4-4c60-a0e1-73fafa80b8fa,11-08-2025,47f23660-b51e-42b9-bc29-38dd1ede26dc,Storage,Standard HDD Managed Disks,IN Central,S20 LRS Disk,0.033336,0.797928
Actin-Azure Sponsorship,c27e8e3c-43a4-4c60-a0e1-73fafa80b8fa,11-09-2025,47f23660-b51e-42b9-bc29-38dd1ede26dc,Storage,Standard HDD Managed Disks,IN Central,S20 LRS Disk,0.033336,0.797928
Actin-Azure Sponsorship,c27e8e3c-43a4-4c60-a0e1-73fafa80b8fa,11-10-2025,47f23660-b51e-42b9-bc29-38dd1ede26dc,Storage,Standard HDD Managed Disks,IN Central,S20 LRS Disk,0.033336,0.797928
Actin-Azure Sponsorship,c27e8e3c-43a4-4c60-a0e1-73fafa80b8fa,11-11-2025,47f23660-b51e-42b9-bc29-38dd1ede26dc,Storage,Standard HDD Managed Disks,IN Central,S20 LRS Disk,0.033336,0.797928
Actin-Azure Sponsorship,c27e8e3c-43a4-4c60-a0e1-73fafa80b8fa,11-12-2025,47f23660-b51e-42b9-bc29-38dd1ede26dc,Storage,Standard HDD Managed Disks,IN Central,S20 LRS Disk,0.033336,0.797928
Actin-Azure Sponsorship,c27e8e3c-43a4-4c60-a0e1-73fafa80b8fa,11/13/2025,47f23660-b51e-42b9-bc29-38dd1ede26dc,Storage,Standard HDD Managed Disks,IN Central,S20 LRS Disk,0.033336,0.797928
Actin-Azure Sponsorship,c27e8e3c-43a4-4c60-a0e1-73fafa80b8fa,11/14/2025,47f23660-b51e-42b9-bc29-38dd1ede26dc,Storage,Standard HDD Managed Disks,IN Central,S20 LRS Disk,0.033336,0.797928
Actin-Azure Sponsorship,c27e8e3c-43a4-4c60-a0e1-73fafa80b8fa,11/15/2025,47f23660-b51e-42b9-bc29-38dd1ede26dc,Storage,Standard HDD Managed Disks,IN Central,S20 LRS Disk,0.033336,0.797928
Actin-Azure Sponsorship,c27e8e3c-43a4-4c60-a0e1-73fafa80b8fa,11/16/2025,47f23660-b51e-42b9-bc29-38dd1ede26dc,Storage,Standard HDD Managed Disks,IN Central,S20 LRS Disk,0.033336,0.797928
Actin-Azure Sponsorship,c27e8e3c-43a4-4c60-a0e1-73fafa80b8fa,11/17/2025,47f23660-b51e-42b9-bc29-38dd1ede26dc,Storage,Standard HDD Managed Disks,IN Central,S20 LRS Disk,0.033336,0.797928
Actin-Azure Sponsorship,c27e8e3c-43a4-4c60-a0e1-73fafa80b8fa,11/18/2025,47f23660-b51e-42b9-bc29-38dd1ede26dc,Storage,Standard HDD Managed Disks,IN Central,S20 LRS Disk,0.033336,0.797928
Actin-Azure Sponsorship,c27e8e3c-43a4-4c60-a0e1-73fafa80b8fa,11/19/2025,47f23660-b51e-42b9-bc29-38dd1ede26dc,Storage,Standard HDD Managed Disks,IN Central,S20 LRS Disk,0.033336,0.797928
Actin-Azure Sponsorship,c27e8e3c-43a4-4c60-a0e1-73fafa80b8fa,11/20/2025,47f23660-b51e-42b9-bc29-38dd1ede26dc,Storage,Standard HDD Managed Disks,IN Central,S20 LRS Disk,0.033336,0.797928
Actin-Azure Sponsorship,c27e8e3c-43a4-4c60-a0e1-73fafa80b8fa,11/21/2025,47f23660-b51e-42b9-bc29-38dd1ede26dc,Storage,Standard HDD Managed Disks,IN Central,S20 LRS Disk,0.033336,0.797928
Actin-Azure Sponsorship,c27e8e3c-43a4-4c60-a0e1-73fafa80b8fa,11/22/2025,47f23660-b51e-42b9-bc29-38dd1ede26dc,Storage,Standard HDD Managed Disks,IN Central,S20 LRS Disk,0.033336,0.797928
Actin-Azure Sponsorship,c27e8e3c-43a4-4c60-a0e1-73fafa80b8fa,11/23/2025,47f23660-b51e-42b9-bc29-38dd1ede26dc,Storage,Standard HDD Managed Disks,IN Central,S20 LRS Disk,0.033336,0.797928
Actin-Azure Sponsorship,c27e8e3c-43a4-4c60-a0e1-73fafa80b8fa,11/24/2025,47f23660-b51e-42b9-bc29-38dd1ede26dc,Storage,Standard HDD Managed Disks,IN Central,S20 LRS Disk,0.033336,0.797928
Actin-Azure Sponsorship,c27e8e3c-43a4-4c60-a0e1-73fafa80b8fa,11/25/2025,47f23660-b51e-42b9-bc29-38dd1ede26dc,Storage,Standard HDD Managed Disks,IN Central,S20 LRS Disk,0.033336,0.797928
Actin-Azure Sponsorship,c27e8e3c-43a4-4c60-a0e1-73fafa80b8fa,11/26/2025,47f23660-b51e-42b9-bc29-38dd1ede26dc,Storage,Standard HDD Managed Disks,IN Central,S20 LRS Disk,0.033336,0.797928
Actin-Azure Sponsorship,c27e8e3c-43a4-4c60-a0e1-73fafa80b8fa,11/27/2025,47f23660-b51e-42b9-bc29-38dd1ede26dc,Storage,Standard HDD Managed Disks,IN Central,S20 LRS Disk,0.033336,0.797928
Actin-Azure Sponsorship,c27e8e3c-43a4-4c60-a0e1-73fafa80b8fa,11/28/2025,47f23660-b51e-42b9-bc29-38dd1ede26dc,Storage,Standard HDD Managed Disks,IN Central,S20 LRS Disk,0.033336,0.797928
Actin-Azure Sponsorship,c27e8e3c-43a4-4c60-a0e1-73fafa80b8fa,11/29/2025,47f23660-b51e-42b9-bc29-38dd1ede26dc,Storage,Standard HDD Managed Disks,IN Central,S20 LRS Disk,0.033336,0.797928
Actin-Azure Sponsorship,c27e8e3c-43a4-4c60-a0e1-73fafa80b8fa,11/30/2025,47f23660-b51e-42b9-bc29-38dd1ede26dc,Storage,Standard HDD Managed Disks,IN Central,S20 LRS Disk,0.033336,0.797928
Actin-Azure Sponsorship,c27e8e3c-43a4-4c60-a0e1-73fafa80b8fa,11-01-2025,c785253a-41e5-4b5c-98f5-41d74e2ed6d9,Azure Cosmos DB,All,IN Central,Data Stored,4.8E-05,0
Actin-Azure Sponsorship,c27e8e3c-43a4-4c60-a0e1-73fafa80b8fa,11-02-2025,c785253a-41e5-4b5c-98f5-41d74e2ed6d9,Azure Cosmos DB,All,IN Central,Data Stored,4.8E-05,0
Actin-Azure Sponsorship,c27e8e3c-43a4-4c60-a0e1-73fafa80b8fa,11-03-2025,c785253a-41e5-4b5c-98f5-41d74e2ed6d9,Azure Cosmos DB,All,IN Central,Data Stored,4.8E-05,0
Actin-Azure Sponsorship,c27e8e3c-43a4-4c60-a0e1-73fafa80b8fa,11-04-2025,c785253a-41e5-4b5c-98f5-41d74e2ed6d9,Azure Cosmos DB,All,IN Central,Data Stored,4.8E-05,0.000003
Actin-Azure Sponsorship,c27e8e3c-43a4-4c60-a0e1-73fafa80b8fa,11-05-2025,c785253a-41e5-4b5c-98f5-41d74e2ed6d9,Azure Cosmos DB,All,IN Central,Data Stored,4.8E-05,0.000024
Actin-Azure Sponsorship,c27e8e3c-43a4-4c60-a0e1-73fafa80b8fa,11-06-2025,c785253a-41e5-4b5c-98f5-41d74e2ed6d9,Azure Cosmos DB,All,IN Central,Data Stored,4.8E-05,0.000024
Actin-Azure Sponsorship,c27e8e3c-43a4-4c60-a0e1-73fafa80b8fa,11-07-2025,c785253a-41e5-4b5c-98f5-41d74e2ed6d9,Azure Cosmos DB,All,IN Central,Data Stored,4.8E-05,0.000004
Actin-Azure Sponsorship,c27e8e3c-43a4-4c60-a0e1-73fafa80b8fa,11-08-2025,c785253a-41e5-4b5c-98f5-41d74e2ed6d9,Azure Cosmos DB,All,IN Central,Data Stored,4.8E-05,0
Actin-Azure Sponsorship,c27e8e3c-43a4-4c60-a0e1-73fafa80b8fa,11-09-2025,c785253a-41e5-4b5c-98f5-41d74e2ed6d9,Azure Cosmos DB,All,IN Central,Data Stored,4.8E-05,0
Actin-Azure Sponsorship,c27e8e3c-43a4-4c60-a0e1-73fafa80b8fa,11-10-2025,c785253a-41e5-4b5c-98f5-41d74e2ed6d9,Azure Cosmos DB,All,IN Central,Data Stored,4.8E-05,0
Actin-Azure Sponsorship,c27e8e3c-43a4-4c60-a0e1-73fafa80b8fa,11-11-2025,c785253a-41e5-4b5c-98f5-41d74e2ed6d9,Azure Cosmos DB,All,IN Central,Data Stored,4.8E-05,0
Actin-Azure Sponsorship,c27e8e3c-43a4-4c60-a0e1-73fafa80b8fa,11-12-2025,c785253a-41e5-4b5c-98f5-41d74e2ed6d9,Azure Cosmos DB,All,IN Central,Data Stored,4.8E-05,0
Actin-Azure Sponsorship,c27e8e3c-43a4-4c60-a0e1-73fafa80b8fa,11/13/2025,c785253a-41e5-4b5c-98f5-41d74e2ed6d9,Azure Cosmos DB,All,IN Central,Data Stored,4.8E-05,0
Actin-Azure Sponsorship,c27e8e3c-43a4-4c60-a0e1-73fafa80b8fa,11/14/2025,c785253a-41e5-4b5c-98f5-41d74e2ed6d9,Azure Cosmos DB,All,IN Central,Data Stored,4.8E-05,0
Actin-Azure Sponsorship,c27e8e3c-43a4-4c60-a0e1-73fafa80b8fa,11/15/2025,c785253a-41e5-4b5c-98f5-41d74e2ed6d9,Azure Cosmos DB,All,IN Central,Data Stored,4.8E-05,0
Actin-Azure Sponsorship,c27e8e3c-43a4-4c60-a0e1-73fafa80b8fa,11/16/2025,c785253a-41e5-4b5c-98f5-41d74e2ed6d9,Azure Cosmos DB,All,IN Central,Data Stored,4.8E-05,0
Actin-Azure Sponsorship,c27e8e3c-43a4-4c60-a0e1-73fafa80b8fa,11/17/2025,c785253a-41e5-4b5c-98f5-41d74e2ed6d9,Azure Cosmos DB,All,IN Central,Data Stored,4.8E-05,0
Actin-Azure Sponsorship,c27e8e3c-43a4-4c60-a0e1-73fafa80b8fa,11/18/2025,c785253a-41e5-4b5c-98f5-41d74e2ed6d9,Azure Cosmos DB,All,IN Central,Data Stored,4.8E-05,0
Actin-Azure Sponsorship,c27e8e3c-43a4-4c60-a0e1-73fafa80b8fa,11/19/2025,c785253a-41e5-4b5c-98f5-41d74e2ed6d9,Azure Cosmos DB,All,IN Central,Data Stored,4.8E-05,0
Actin-Azure Sponsorship,c27e8e3c-43a4-4c60-a0e1-73fafa80b8fa,11/20/2025,c785253a-41e5-4b5c-98f5-41d74e2ed6d9,Azure Cosmos DB,All,IN Central,Data Stored,4.8E-05,0
Actin-Azure Sponsorship,c27e8e3c-43a4-4c60-a0e1-73fafa80b8fa,11/21/2025,c785253a-41e5-4b5c-98f5-41d74e2ed6d9,Azure Cosmos DB,All,IN Central,Data Stored,4.8E-05,0
Actin-Azure Sponsorship,c27e8e3c-43a4-4c60-a0e1-73fafa80b8fa,11/22/2025,c785253a-41e5-4b5c-98f5-41d74e2ed6d9,Azure Cosmos DB,All,IN Central,Data Stored,4.8E-05,0
Actin-Azure Sponsorship,c27e8e3c-43a4-4c60-a0e1-73fafa80b8fa,11/23/2025,c785253a-41e5-4b5c-98f5-41d74e2ed6d9,Azure Cosmos DB,All,IN Central,Data Stored,4.8E-05,0
Actin-Azure Sponsorship,c27e8e3c-43a4-4c60-a0e1-73fafa80b8fa,11/24/2025,c785253a-41e5-4b5c-98f5-41d74e2ed6d9,Azure Cosmos DB,All,IN Central,Data Stored,4.8E-05,0
Actin-Azure Sponsorship,c27e8e3c-43a4-4c60-a0e1-73fafa80b8fa,11/25/2025,c785253a-41e5-4b5c-98f5-41d74e2ed6d9,Azure Cosmos DB,All,IN Central,Data Stored,4.8E-05,0
Actin-Azure Sponsorship,c27e8e3c-43a4-4c60-a0e1-73fafa80b8fa,11/26/2025,c785253a-41e5-4b5c-98f5-41d74e2ed6d9,Azure Cosmos DB,All,IN Central,Data Stored,4.8E-05,0
Actin-Azure Sponsorship,c27e8e3c-43a4-4c60-a0e1-73fafa80b8fa,11/27/2025,c785253a-41e5-4b5c-98f5-41d74e2ed6d9,Azure Cosmos DB,All,IN Central,Data Stored,4.8E-05,0
Actin-Azure Sponsorship,c27e8e3c-43a4-4c60-a0e1-73fafa80b8fa,11/28/2025,c785253a-41e5-4b5c-98f5-41d74e2ed6d9,Azure Cosmos DB,All,IN Central,Data Stored,4.8E-05,0
Actin-Azure Sponsorship,c27e8e3c-43a4-4c60-a0e1-73fafa80b8fa,11/29/2025,c785253a-41e5-4b5c-98f5-41d74e2ed6d9,Azure Cosmos DB,All,IN Central,Data Stored,4.8E-05,0
Actin-Azure Sponsorship,c27e8e3c-43a4-4c60-a0e1-73fafa80b8fa,11/30/2025,c785253a-41e5-4b5c-98f5-41d74e2ed6d9,Azure Cosmos DB,All,IN Central,Data Stored,4.8E-05,0
Actin-Azure Sponsorship,c27e8e3c-43a4-4c60-a0e1-73fafa80b8fa,11-01-2025,acf575e3-9a0e-4471-9ddb-48ae53ea80d3,Azure App Service,Basic Plan,IN Central,B2 App,24,3.96
Actin-Azure Sponsorship,c27e8e3c-43a4-4c60-a0e1-73fafa80b8fa,11-02-2025,acf575e3-9a0e-4471-9ddb-48ae53ea80d3,Azure App Service,Basic Plan,IN Central,B2 App,24,3.96
Actin-Azure Sponsorship,c27e8e3c-43a4-4c60-a0e1-73fafa80b8fa,11-03-2025,acf575e3-9a0e-4471-9ddb-48ae53ea80d3,Azure App Service,Basic Plan,IN Central,B2 App,24,3.96
Actin-Azure Sponsorship,c27e8e3c-43a4-4c60-a0e1-73fafa80b8fa,11-04-2025,acf575e3-9a0e-4471-9ddb-48ae53ea80d3,Azure App Service,Basic Plan,IN Central,B2 App,24,3.96
Actin-Azure Sponsorship,c27e8e3c-43a4-4c60-a0e1-73fafa80b8fa,11-05-2025,acf575e3-9a0e-4471-9ddb-48ae53ea80d3,Azure App Service,Basic Plan,IN Central,B2 App,24,3.96
Actin-Azure Sponsorship,c27e8e3c-43a4-4c60-a0e1-73fafa80b8fa,11-06-2025,acf575e3-9a0e-4471-9ddb-48ae53ea80d3,Azure App Service,Basic Plan,IN Central,B2 App,24,3.96
Actin-Azure Sponsorship,c27e8e3c-43a4-4c60-a0e1-73fafa80b8fa,11-07-2025,acf575e3-9a0e-4471-9ddb-48ae53ea80d3,Azure App Service,Basic Plan,IN Central,B2 App,24,3.96
Actin-Azure Sponsorship,c27e8e3c-43a4-4c60-a0e1-73fafa80b8fa,11-08-2025,acf575e3-9a0e-4471-9ddb-48ae53ea80d3,Azure App Service,Basic Plan,IN Central,B2 App,24,3.96
Actin-Azure Sponsorship,c27e8e3c-43a4-4c60-a0e1-73fafa80b8fa,11-09-2025,acf575e3-9a0e-4471-9ddb-48ae53ea80d3,Azure App Service,Basic Plan,IN Central,B2 App,24,3.96
Actin-Azure Sponsorship,c27e8e3c-43a4-4c60-a0e1-73fafa80b8fa,11-10-2025,acf575e3-9a0e-4471-9ddb-48ae53ea80d3,Azure App Service,Basic Plan,IN Central,B2 App,24,3.96
Actin-Azure Sponsorship,c27e8e3c-43a4-4c60-a0e1-73fafa80b8fa,11-11-2025,acf575e3-9a0e-4471-9ddb-48ae53ea80d3,Azure App Service,Basic Plan,IN Central,B2 App,24,3.96
Actin-Azure Sponsorship,c27e8e3c-43a4-4c60-a0e1-73fafa80b8fa,11-12-2025,acf575e3-9a0e-4471-9ddb-48ae53ea80d3,Azure App Service,Basic Plan,IN Central,B2 App,24,3.96
Actin-Azure Sponsorship,c27e8e3c-43a4-4c60-a0e1-73fafa80b8fa,11/13/2025,acf575e3-9a0e-4471-9ddb-48ae53ea80d3,Azure App Service,Basic Plan,IN Central,B2 App,24,3.96
Actin-Azure Sponsorship,c27e8e3c-43a4-4c60-a0e1-73fafa80b8fa,11/14/2025,acf575e3-9a0e-4471-9ddb-48ae53ea80d3,Azure App Service,Basic Plan,IN Central,B2 App,24,3.96
Actin-Azure Sponsorship,c27e8e3c-43a4-4c60-a0e1-73fafa80b8fa,11/15/2025,acf575e3-9a0e-4471-9ddb-48ae53ea80d3,Azure App Service,Basic Plan,IN Central,B2 App,24,3.96
Actin-Azure Sponsorship,c27e8e3c-43a4-4c60-a0e1-73fafa80b8fa,11/16/2025,acf575e3-9a0e-4471-9ddb-48ae53ea80d3,Azure App Service,Basic Plan,IN Central,B2 App,24,3.96
Actin-Azure Sponsorship,c27e8e3c-43a4-4c60-a0e1-73fafa80b8fa,11/17/2025,acf575e3-9a0e-4471-9ddb-48ae53ea80d3,Azure App Service,Basic Plan,IN Central,B2 App,24,3.96
Actin-Azure Sponsorship,c27e8e3c-43a4-4c60-a0e1-73fafa80b8fa,11/18/2025,acf575e3-9a0e-4471-9ddb-48ae53ea80d3,Azure App Service,Basic Plan,IN Central,B2 App,24,3.96
Actin-Azure Sponsorship,c27e8e3c-43a4-4c60-a0e1-73fafa80b8fa,11/19/2025,acf575e3-9a0e-4471-9ddb-48ae53ea80d3,Azure App Service,Basic Plan,IN Central,B2 App,24,3.96
Actin-Azure Sponsorship,c27e8e3c-43a4-4c60-a0e1-73fafa80b8fa,11/20/2025,acf575e3-9a0e-4471-9ddb-48ae53ea80d3,Azure App Service,Basic Plan,IN Central,B2 App,24,3.96
Actin-Azure Sponsorship,c27e8e3c-43a4-4c60-a0e1-73fafa80b8fa,11/21/2025,acf575e3-9a0e-4471-9ddb-48ae53ea80d3,Azure App Service,Basic Plan,IN Central,B2 App,24,3.96
Actin-Azure Sponsorship,c27e8e3c-43a4-4c60-a0e1-73fafa80b8fa,11/22/2025,acf575e3-9a0e-4471-9ddb-48ae53ea80d3,Azure App Service,Basic Plan,IN Central,B2 App,24,3.96
Actin-Azure Sponsorship,c27e8e3c-43a4-4c60-a0e1-73fafa80b8fa,11/23/2025,acf575e3-9a0e-4471-9ddb-48ae53ea80d3,Azure App Service,Basic Plan,IN Central,B2 App,24,3.96
Actin-Azure Sponsorship,c27e8e3c-43a4-4c60-a0e1-73fafa80b8fa,11/24/2025,acf575e3-9a0e-4471-9ddb-48ae53ea80d3,Azure App Service,Basic Plan,IN Central,B2 App,24,3.96
Actin-Azure Sponsorship,c27e8e3c-43a4-4c60-a0e1-73fafa80b8fa,11/25/2025,acf575e3-9a0e-4471-9ddb-48ae53ea80d3,Azure App Service,Basic Plan,IN Central,B2 App,24,3.96
Actin-Azure Sponsorship,c27e8e3c-43a4-4c60-a0e1-73fafa80b8fa,11/26/2025,acf575e3-9a0e-4471-9ddb-48ae53ea80d3,Azure App Service,Basic Plan,IN Central,B2 App,24,3.96
Actin-Azure Sponsorship,c27e8e3c-43a4-4c60-a0e1-73fafa80b8fa,11/27/2025,acf575e3-9a0e-4471-9ddb-48ae53ea80d3,Azure App Service,Basic Plan,IN Central,B2 App,24,3.96
Actin-Azure Sponsorship,c27e8e3c-43a4-4c60-a0e1-73fafa80b8fa,11/28/2025,acf575e3-9a0e-4471-9ddb-48ae53ea80d3,Azure App Service,Basic Plan,IN Central,B2 App,24,3.96
Actin-Azure Sponsorship,c27e8e3c-43a4-4c60-a0e1-73fafa80b8fa,11/29/2025,acf575e3-9a0e-4471-9ddb-48ae53ea80d3,Azure App Service,Basic Plan,IN Central,B2 App,24,3.96
Actin-Azure Sponsorship,c27e8e3c-43a4-4c60-a0e1-73fafa80b8fa,11/30/2025,acf575e3-9a0e-4471-9ddb-48ae53ea80d3,Azure App Service,Basic Plan,IN Central,B2 App,24,3.96
Actin-Azure Sponsorship,c27e8e3c-43a4-4c60-a0e1-73fafa80b8fa,11-01-2025,5c7a80d0-80f2-45f7-9135-4b4ac42adf49,Storage,Tiered Block Blob,IN Central,Hot LRS Data Stored,0.000336,0
Actin-Azure Sponsorship,c27e8e3c-43a4-4c60-a0e1-73fafa80b8fa,11-02-2025,5c7a80d0-80f2-45f7-9135-4b4ac42adf49,Storage,Tiered Block Blob,IN Central,Hot LRS Data Stored,0.000336,0
Actin-Azure Sponsorship,c27e8e3c-43a4-4c60-a0e1-73fafa80b8fa,11-03-2025,5c7a80d0-80f2-45f7-9135-4b4ac42adf49,Storage,Tiered Block Blob,IN Central,Hot LRS Data Stored,0.000336,0
Actin-Azure Sponsorship,c27e8e3c-43a4-4c60-a0e1-73fafa80b8fa,11-04-2025,5c7a80d0-80f2-45f7-9135-4b4ac42adf49,Storage,Tiered Block Blob,IN Central,Hot LRS Data Stored,0.000336,0
Actin-Azure Sponsorship,c27e8e3c-43a4-4c60-a0e1-73fafa80b8fa,11-05-2025,5c7a80d0-80f2-45f7-9135-4b4ac42adf49,Storage,Tiered Block Blob,IN Central,Hot LRS Data Stored,0.000336,0
Actin-Azure Sponsorship,c27e8e3c-43a4-4c60-a0e1-73fafa80b8fa,11-06-2025,5c7a80d0-80f2-45f7-9135-4b4ac42adf49,Storage,Tiered Block Blob,IN Central,Hot LRS Data Stored,0.000336,0
Actin-Azure Sponsorship,c27e8e3c-43a4-4c60-a0e1-73fafa80b8fa,11-07-2025,5c7a80d0-80f2-45f7-9135-4b4ac42adf49,Storage,Tiered Block Blob,IN Central,Hot LRS Data Stored,0.000336,0
Actin-Azure Sponsorship,c27e8e3c-43a4-4c60-a0e1-73fafa80b8fa,11-08-2025,5c7a80d0-80f2-45f7-9135-4b4ac42adf49,Storage,Tiered Block Blob,IN Central,Hot LRS Data Stored,0.000336,0
Actin-Azure Sponsorship,c27e8e3c-43a4-4c60-a0e1-73fafa80b8fa,11-09-2025,5c7a80d0-80f2-45f7-9135-4b4ac42adf49,Storage,Tiered Block Blob,IN Central,Hot LRS Data Stored,0.000336,0
Actin-Azure Sponsorship,c27e8e3c-43a4-4c60-a0e1-73fafa80b8fa,11-10-2025,5c7a80d0-80f2-45f7-9135-4b4ac42adf49,Storage,Tiered Block Blob,IN Central,Hot LRS Data Stored,0.000336,0
Actin-Azure Sponsorship,c27e8e3c-43a4-4c60-a0e1-73fafa80b8fa,11-11-2025,5c7a80d0-80f2-45f7-9135-4b4ac42adf49,Storage,Tiered Block Blob,IN Central,Hot LRS Data Stored,0.000336,0
Actin-Azure Sponsorship,c27e8e3c-43a4-4c60-a0e1-73fafa80b8fa,11-12-2025,5c7a80d0-80f2-45f7-9135-4b4ac42adf49,Storage,Tiered Block Blob,IN Central,Hot LRS Data Stored,0.000336,0
Actin-Azure Sponsorship,c27e8e3c-43a4-4c60-a0e1-73fafa80b8fa,11/13/2025,5c7a80d0-80f2-45f7-9135-4b4ac42adf49,Storage,Tiered Block Blob,IN Central,Hot LRS Data Stored,0.000336,0
Actin-Azure Sponsorship,c27e8e3c-43a4-4c60-a0e1-73fafa80b8fa,11/14/2025,5c7a80d0-80f2-45f7-9135-4b4ac42adf49,Storage,Tiered Block Blob,IN Central,Hot LRS Data Stored,0.000336,0
Actin-Azure Sponsorship,c27e8e3c-43a4-4c60-a0e1-73fafa80b8fa,11/15/2025,5c7a80d0-80f2-45f7-9135-4b4ac42adf49,Storage,Tiered Block Blob,IN Central,Hot LRS Data Stored,0.000336,0
Actin-Azure Sponsorship,c27e8e3c-43a4-4c60-a0e1-73fafa80b8fa,11/16/2025,5c7a80d0-80f2-45f7-9135-4b4ac42adf49,Storage,Tiered Block Blob,IN Central,Hot LRS Data Stored,0.000336,0
Actin-Azure Sponsorship,c27e8e3c-43a4-4c60-a0e1-73fafa80b8fa,11/17/2025,5c7a80d0-80f2-45f7-9135-4b4ac42adf49,Storage,Tiered Block Blob,IN Central,Hot LRS Data Stored,0.000336,0
Actin-Azure Sponsorship,c27e8e3c-43a4-4c60-a0e1-73fafa80b8fa,11/18/2025,5c7a80d0-80f2-45f7-9135-4b4ac42adf49,Storage,Tiered Block Blob,IN Central,Hot LRS Data Stored,0.000336,0
Actin-Azure Sponsorship,c27e8e3c-43a4-4c60-a0e1-73fafa80b8fa,11/19/2025,5c7a80d0-80f2-45f7-9135-4b4ac42adf49,Storage,Tiered Block Blob,IN Central,Hot LRS Data Stored,0.000336,0
Actin-Azure Sponsorship,c27e8e3c-43a4-4c60-a0e1-73fafa80b8fa,11/20/2025,5c7a80d0-80f2-45f7-9135-4b4ac42adf49,Storage,Tiered Block Blob,IN Central,Hot LRS Data Stored,0.000336,0
Actin-Azure Sponsorship,c27e8e3c-43a4-4c60-a0e1-73fafa80b8fa,11/21/2025,5c7a80d0-80f2-45f7-9135-4b4ac42adf49,Storage,Tiered Block Blob,IN Central,Hot LRS Data Stored,0.000336,0
Actin-Azure Sponsorship,c27e8e3c-43a4-4c60-a0e1-73fafa80b8fa,11/22/2025,5c7a80d0-80f2-45f7-9135-4b4ac42adf49,Storage,Tiered Block Blob,IN Central,Hot LRS Data Stored,0.000336,0
Actin-Azure Sponsorship,c27e8e3c-43a4-4c60-a0e1-73fafa80b8fa,11/23/2025,5c7a80d0-80f2-45f7-9135-4b4ac42adf49,Storage,Tiered Block Blob,IN Central,Hot LRS Data Stored,0.000336,0
Actin-Azure Sponsorship,c27e8e3c-43a4-4c60-a0e1-73fafa80b8fa,11/24/2025,5c7a80d0-80f2-45f7-9135-4b4ac42adf49,Storage,Tiered Block Blob,IN Central,Hot LRS Data Stored,0.000336,0
Actin-Azure Sponsorship,c27e8e3c-43a4-4c60-a0e1-73fafa80b8fa,11/25/2025,5c7a80d0-80f2-45f7-9135-4b4ac42adf49,Storage,Tiered Block Blob,IN Central,Hot LRS Data Stored,0.000336,0
Actin-Azure Sponsorship,c27e8e3c-43a4-4c60-a0e1-73fafa80b8fa,11/26/2025,5c7a80d0-80f2-45f7-9135-4b4ac42adf49,Storage,Tiered Block Blob,IN Central,Hot LRS Data Stored,0.000336,0
Actin-Azure Sponsorship,c27e8e3c-43a4-4c60-a0e1-73fafa80b8fa,11/27/2025,5c7a80d0-80f2-45f7-9135-4b4ac42adf49,Storage,Tiered Block Blob,IN Central,Hot LRS Data Stored,0.000336,0
Actin-Azure Sponsorship,c27e8e3c-43a4-4c60-a0e1-73fafa80b8fa,11/28/2025,5c7a80d0-80f2-45f7-9135-4b4ac42adf49,Storage,Tiered Block Blob,IN Central,Hot LRS Data Stored,0.000336,0
Actin-Azure Sponsorship,c27e8e3c-43a4-4c60-a0e1-73fafa80b8fa,11/29/2025,5c7a80d0-80f2-45f7-9135-4b4ac42adf49,Storage,Tiered Block Blob,IN Central,Hot LRS Data Stored,0.000336,0
Actin-Azure Sponsorship,c27e8e3c-43a4-4c60-a0e1-73fafa80b8fa,11/30/2025,5c7a80d0-80f2-45f7-9135-4b4ac42adf49,Storage,Tiered Block Blob,IN Central,Hot LRS Data Stored,0.000336,0
Actin-Azure Sponsorship,c27e8e3c-43a4-4c60-a0e1-73fafa80b8fa,11-01-2025,5909273e-c5d4-41c8-afba-506e73d33ece,Storage,Standard SSD Managed Disks,IN Central,E4 LRS Disk,0.033336,0.088008
Actin-Azure Sponsorship,c27e8e3c-43a4-4c60-a0e1-73fafa80b8fa,11-02-2025,5909273e-c5d4-41c8-afba-506e73d33ece,Storage,Standard SSD Managed Disks,IN Central,E4 LRS Disk,0.033336,0.088008
Actin-Azure Sponsorship,c27e8e3c-43a4-4c60-a0e1-73fafa80b8fa,11-03-2025,5909273e-c5d4-41c8-afba-506e73d33ece,Storage,Standard SSD Managed Disks,IN Central,E4 LRS Disk,0.033336,0.088008
Actin-Azure Sponsorship,c27e8e3c-43a4-4c60-a0e1-73fafa80b8fa,11-04-2025,5909273e-c5d4-41c8-afba-506e73d33ece,Storage,Standard SSD Managed Disks,IN Central,E4 LRS Disk,0.033336,0.088008
Actin-Azure Sponsorship,c27e8e3c-43a4-4c60-a0e1-73fafa80b8fa,11-05-2025,5909273e-c5d4-41c8-afba-506e73d33ece,Storage,Standard SSD Managed Disks,IN Central,E4 LRS Disk,0.033336,0.088008
Actin-Azure Sponsorship,c27e8e3c-43a4-4c60-a0e1-73fafa80b8fa,11-06-2025,5909273e-c5d4-41c8-afba-506e73d33ece,Storage,Standard SSD Managed Disks,IN Central,E4 LRS Disk,0.033336,0.088008
Actin-Azure Sponsorship,c27e8e3c-43a4-4c60-a0e1-73fafa80b8fa,11-07-2025,5909273e-c5d4-41c8-afba-506e73d33ece,Storage,Standard SSD Managed Disks,IN Central,E4 LRS Disk,0.033336,0.088008
Actin-Azure Sponsorship,c27e8e3c-43a4-4c60-a0e1-73fafa80b8fa,11-08-2025,5909273e-c5d4-41c8-afba-506e73d33ece,Storage,Standard SSD Managed Disks,IN Central,E4 LRS Disk,0.033336,0.088008
Actin-Azure Sponsorship,c27e8e3c-43a4-4c60-a0e1-73fafa80b8fa,11-09-2025,5909273e-c5d4-41c8-afba-506e73d33ece,Storage,Standard SSD Managed Disks,IN Central,E4 LRS Disk,0.033336,0.088008
Actin-Azure Sponsorship,c27e8e3c-43a4-4c60-a0e1-73fafa80b8fa,11-10-2025,5909273e-c5d4-41c8-afba-506e73d33ece,Storage,Standard SSD Managed Disks,IN Central,E4 LRS Disk,0.033336,0.088008
Actin-Azure Sponsorship,c27e8e3c-43a4-4c60-a0e1-73fafa80b8fa,11-11-2025,5909273e-c5d4-41c8-afba-506e73d33ece,Storage,Standard SSD Managed Disks,IN Central,E4 LRS Disk,0.033336,0.088008
Actin-Azure Sponsorship,c27e8e3c-43a4-4c60-a0e1-73fafa80b8fa,11-12-2025,5909273e-c5d4-41c8-afba-506e73d33ece,Storage,Standard SSD Managed Disks,IN Central,E4 LRS Disk,0.033336,0.088008
Actin-Azure Sponsorship,c27e8e3c-43a4-4c60-a0e1-73fafa80b8fa,11/13/2025,5909273e-c5d4-41c8-afba-506e73d33ece,Storage,Standard SSD Managed Disks,IN Central,E4 LRS Disk,0.033336,0.088008
Actin-Azure Sponsorship,c27e8e3c-43a4-4c60-a0e1-73fafa80b8fa,11/14/2025,5909273e-c5d4-41c8-afba-506e73d33ece,Storage,Standard SSD Managed Disks,IN Central,E4 LRS Disk,0.033336,0.088008
Actin-Azure Sponsorship,c27e8e3c-43a4-4c60-a0e1-73fafa80b8fa,11/15/2025,5909273e-c5d4-41c8-afba-506e73d33ece,Storage,Standard SSD Managed Disks,IN Central,E4 LRS Disk,0.033336,0.088008
Actin-Azure Sponsorship,c27e8e3c-43a4-4c60-a0e1-73fafa80b8fa,11/16/2025,5909273e-c5d4-41c8-afba-506e73d33ece,Storage,Standard SSD Managed Disks,IN Central,E4 LRS Disk,0.033336,0.088008
Actin-Azure Sponsorship,c27e8e3c-43a4-4c60-a0e1-73fafa80b8fa,11/17/2025,5909273e-c5d4-41c8-afba-506e73d33ece,Storage,Standard SSD Managed Disks,IN Central,E4 LRS Disk,0.033336,0.088008
Actin-Azure Sponsorship,c27e8e3c-43a4-4c60-a0e1-73fafa80b8fa,11/18/2025,5909273e-c5d4-41c8-afba-506e73d33ece,Storage,Standard SSD Managed Disks,IN Central,E4 LRS Disk,0.033336,0.088008
Actin-Azure Sponsorship,c27e8e3c-43a4-4c60-a0e1-73fafa80b8fa,11/19/2025,5909273e-c5d4-41c8-afba-506e73d33ece,Storage,Standard SSD Managed Disks,IN Central,E4 LRS Disk,0.033336,0.088008
Actin-Azure Sponsorship,c27e8e3c-43a4-4c60-a0e1-73fafa80b8fa,11/20/2025,5909273e-c5d4-41c8-afba-506e73d33ece,Storage,Standard SSD Managed Disks,IN Central,E4 LRS Disk,0.033336,0.088008
Actin-Azure Sponsorship,c27e8e3c-43a4-4c60-a0e1-73fafa80b8fa,11/21/2025,5909273e-c5d4-41c8-afba-506e73d33ece,Storage,Standard SSD Managed Disks,IN Central,E4 LRS Disk,0.033336,0.088008
Actin-Azure Sponsorship,c27e8e3c-43a4-4c60-a0e1-73fafa80b8fa,11/22/2025,5909273e-c5d4-41c8-afba-506e73d33ece,Storage,Standard SSD Managed Disks,IN Central,E4 LRS Disk,0.033336,0.088008
Actin-Azure Sponsorship,c27e8e3c-43a4-4c60-a0e1-73fafa80b8fa,11/23/2025,5909273e-c5d4-41c8-afba-506e73d33ece,Storage,Standard SSD Managed Disks,IN Central,E4 LRS Disk,0.033336,0.088008
Actin-Azure Sponsorship,c27e8e3c-43a4-4c60-a0e1-73fafa80b8fa,11/24/2025,5909273e-c5d4-41c8-afba-506e73d33ece,Storage,Standard SSD Managed Disks,IN Central,E4 LRS Disk,0.033336,0.088008
Actin-Azure Sponsorship,c27e8e3c-43a4-4c60-a0e1-73fafa80b8fa,11/25/2025,5909273e-c5d4-41c8-afba-506e73d33ece,Storage,Standard SSD Managed Disks,IN Central,E4 LRS Disk,0.033336,0.088008
Actin-Azure Sponsorship,c27e8e3c-43a4-4c60-a0e1-73fafa80b8fa,11/26/2025,5909273e-c5d4-41c8-afba-506e73d33ece,Storage,Standard SSD Managed Disks,IN Central,E4 LRS Disk,0.033336,0.088008
Actin-Azure Sponsorship,c27e8e3c-43a4-4c60-a0e1-73fafa80b8fa,11/27/2025,5909273e-c5d4-41c8-afba-506e73d33ece,Storage,Standard SSD Managed Disks,IN Central,E4 LRS Disk,0.033336,0.088008
Actin-Azure Sponsorship,c27e8e3c-43a4-4c60-a0e1-73fafa80b8fa,11/28/2025,5909273e-c5d4-41c8-afba-506e73d33ece,Storage,Standard SSD Managed Disks,IN Central,E4 LRS Disk,0.033336,0.088008
Actin-Azure Sponsorship,c27e8e3c-43a4-4c60-a0e1-73fafa80b8fa,11/29/2025,5909273e-c5d4-41c8-afba-506e73d33ece,Storage,Standard SSD Managed Disks,IN Central,E4 LRS Disk,0.033336,0.088008
Actin-Azure Sponsorship,c27e8e3c-43a4-4c60-a0e1-73fafa80b8fa,11/30/2025,5909273e-c5d4-41c8-afba-506e73d33ece,Storage,Standard SSD Managed Disks,IN Central,E4 LRS Disk,0.033336,0.088008
Actin-Azure Sponsorship,c27e8e3c-43a4-4c60-a0e1-73fafa80b8fa,11-01-2025,ce957933-8287-4f8b-83ee-53a5cbe056d9,Storage,Standard SSD Managed Disks,All,E4 LRS Disk Operations,10.3723,0.020746
Actin-Azure Sponsorship,c27e8e3c-43a4-4c60-a0e1-73fafa80b8fa,11-02-2025,ce957933-8287-4f8b-83ee-53a5cbe056d9,Storage,Standard SSD Managed Disks,All,E4 LRS Disk Operations,10.1835,0.020366
Actin-Azure Sponsorship,c27e8e3c-43a4-4c60-a0e1-73fafa80b8fa,11-03-2025,ce957933-8287-4f8b-83ee-53a5cbe056d9,Storage,Standard SSD Managed Disks,All,E4 LRS Disk Operations,42.8967,0.085793
Actin-Azure Sponsorship,c27e8e3c-43a4-4c60-a0e1-73fafa80b8fa,11-04-2025,ce957933-8287-4f8b-83ee-53a5cbe056d9,Storage,Standard SSD Managed Disks,All,E4 LRS Disk Operations,27.1614,0.054324
Actin-Azure Sponsorship,c27e8e3c-43a4-4c60-a0e1-73fafa80b8fa,11-05-2025,ce957933-8287-4f8b-83ee-53a5cbe056d9,Storage,Standard SSD Managed Disks,All,E4 LRS Disk Operations,23.58,0.047162
Actin-Azure Sponsorship,c27e8e3c-43a4-4c60-a0e1-73fafa80b8fa,11-10-2025,ce957933-8287-4f8b-83ee-53a5cbe056d9,Storage,Standard SSD Managed Disks,All,E4 LRS Disk Operations,33.0433,0.066086
Actin-Azure Sponsorship,c27e8e3c-43a4-4c60-a0e1-73fafa80b8fa,11-11-2025,ce957933-8287-4f8b-83ee-53a5cbe056d9,Storage,Standard SSD Managed Disks,All,E4 LRS Disk Operations,26.8265,0.053654
Actin-Azure Sponsorship,c27e8e3c-43a4-4c60-a0e1-73fafa80b8fa,11-12-2025,ce957933-8287-4f8b-83ee-53a5cbe056d9,Storage,Standard SSD Managed Disks,All,E4 LRS Disk Operations,25.2665,0.050535
Actin-Azure Sponsorship,c27e8e3c-43a4-4c60-a0e1-73fafa80b8fa,11/13/2025,ce957933-8287-4f8b-83ee-53a5cbe056d9,Storage,Standard SSD Managed Disks,All,E4 LRS Disk Operations,27.6639,0.055329
Actin-Azure Sponsorship,c27e8e3c-43a4-4c60-a0e1-73fafa80b8fa,11/14/2025,ce957933-8287-4f8b-83ee-53a5cbe056d9,Storage,Standard SSD Managed Disks,All,E4 LRS Disk Operations,51.477,0.102951
Actin-Azure Sponsorship,c27e8e3c-43a4-4c60-a0e1-73fafa80b8fa,11/16/2025,ce957933-8287-4f8b-83ee-53a5cbe056d9,Storage,Standard SSD Managed Disks,All,E4 LRS Disk Operations,24.6301,0.049259
Actin-Azure Sponsorship,c27e8e3c-43a4-4c60-a0e1-73fafa80b8fa,11/17/2025,ce957933-8287-4f8b-83ee-53a5cbe056d9,Storage,Standard SSD Managed Disks,All,E4 LRS Disk Operations,54.2912,0.108581
Actin-Azure Sponsorship,c27e8e3c-43a4-4c60-a0e1-73fafa80b8fa,11/18/2025,ce957933-8287-4f8b-83ee-53a5cbe056d9,Storage,Standard SSD Managed Disks,All,E4 LRS Disk Operations,43.8896,0.087778
Actin-Azure Sponsorship,c27e8e3c-43a4-4c60-a0e1-73fafa80b8fa,11/19/2025,ce957933-8287-4f8b-83ee-53a5cbe056d9,Storage,Standard SSD Managed Disks,All,E4 LRS Disk Operations,48.0514,0.096105
Actin-Azure Sponsorship,c27e8e3c-43a4-4c60-a0e1-73fafa80b8fa,11/20/2025,ce957933-8287-4f8b-83ee-53a5cbe056d9,Storage,Standard SSD Managed Disks,All,E4 LRS Disk Operations,50.4127,0.100829
Actin-Azure Sponsorship,c27e8e3c-43a4-4c60-a0e1-73fafa80b8fa,11/21/2025,ce957933-8287-4f8b-83ee-53a5cbe056d9,Storage,Standard SSD Managed Disks,All,E4 LRS Disk Operations,33.0816,0.066162
Actin-Azure Sponsorship,c27e8e3c-43a4-4c60-a0e1-73fafa80b8fa,11/24/2025,ce957933-8287-4f8b-83ee-53a5cbe056d9,Storage,Standard SSD Managed Disks,All,E4 LRS Disk Operations,42.8849,0.085769
Actin-Azure Sponsorship,c27e8e3c-43a4-4c60-a0e1-73fafa80b8fa,11/25/2025,ce957933-8287-4f8b-83ee-53a5cbe056d9,Storage,Standard SSD Managed Disks,All,E4 LRS Disk Operations,27.1695,0.054339
Actin-Azure Sponsorship,c27e8e3c-43a4-4c60-a0e1-73fafa80b8fa,11/26/2025,ce957933-8287-4f8b-83ee-53a5cbe056d9,Storage,Standard SSD Managed Disks,All,E4 LRS Disk Operations,24.4571,0.048914
Actin-Azure Sponsorship,c27e8e3c-43a4-4c60-a0e1-73fafa80b8fa,11/27/2025,ce957933-8287-4f8b-83ee-53a5cbe056d9,Storage,Standard SSD Managed Disks,All,E4 LRS Disk Operations,32.9062,0.065812
Actin-Azure Sponsorship,c27e8e3c-43a4-4c60-a0e1-73fafa80b8fa,11/28/2025,ce957933-8287-4f8b-83ee-53a5cbe056d9,Storage,Standard SSD Managed Disks,All,E4 LRS Disk Operations,35.5033,0.071005
Actin-Azure Sponsorship,c27e8e3c-43a4-4c60-a0e1-73fafa80b8fa,11/29/2025,ce957933-8287-4f8b-83ee-53a5cbe056d9,Storage,Standard SSD Managed Disks,All,E4 LRS Disk Operations,26.168,0.052334
Actin-Azure Sponsorship,c27e8e3c-43a4-4c60-a0e1-73fafa80b8fa,11/30/2025,ce957933-8287-4f8b-83ee-53a5cbe056d9,Storage,Standard SSD Managed Disks,All,E4 LRS Disk Operations,25.298,0.050597
Actin-Azure Sponsorship,c27e8e3c-43a4-4c60-a0e1-73fafa80b8fa,11-01-2025,092876c9-45e1-5dcf-affd-58bf7f4132ba,Virtual Machines,Basv2 Series,IN Central,B2as v2,24,1.1808
Actin-Azure Sponsorship,c27e8e3c-43a4-4c60-a0e1-73fafa80b8fa,11-02-2025,092876c9-45e1-5dcf-affd-58bf7f4132ba,Virtual Machines,Basv2 Series,IN Central,B2as v2,24,1.1808
Actin-Azure Sponsorship,c27e8e3c-43a4-4c60-a0e1-73fafa80b8fa,11-03-2025,092876c9-45e1-5dcf-affd-58bf7f4132ba,Virtual Machines,Basv2 Series,IN Central,B2as v2,24,1.1808
Actin-Azure Sponsorship,c27e8e3c-43a4-4c60-a0e1-73fafa80b8fa,11-04-2025,092876c9-45e1-5dcf-affd-58bf7f4132ba,Virtual Machines,Basv2 Series,IN Central,B2as v2,24,1.1808
Actin-Azure Sponsorship,c27e8e3c-43a4-4c60-a0e1-73fafa80b8fa,11-05-2025,092876c9-45e1-5dcf-affd-58bf7f4132ba,Virtual Machines,Basv2 Series,IN Central,B2as v2,24,1.1808
Actin-Azure Sponsorship,c27e8e3c-43a4-4c60-a0e1-73fafa80b8fa,11-06-2025,092876c9-45e1-5dcf-affd-58bf7f4132ba,Virtual Machines,Basv2 Series,IN Central,B2as v2,24,1.1808
Actin-Azure Sponsorship,c27e8e3c-43a4-4c60-a0e1-73fafa80b8fa,11-07-2025,092876c9-45e1-5dcf-affd-58bf7f4132ba,Virtual Machines,Basv2 Series,IN Central,B2as v2,24,1.1808
Actin-Azure Sponsorship,c27e8e3c-43a4-4c60-a0e1-73fafa80b8fa,11-08-2025,092876c9-45e1-5dcf-affd-58bf7f4132ba,Virtual Machines,Basv2 Series,IN Central,B2as v2,24,1.1808
Actin-Azure Sponsorship,c27e8e3c-43a4-4c60-a0e1-73fafa80b8fa,11-09-2025,092876c9-45e1-5dcf-affd-58bf7f4132ba,Virtual Machines,Basv2 Series,IN Central,B2as v2,24,1.1808
Actin-Azure Sponsorship,c27e8e3c-43a4-4c60-a0e1-73fafa80b8fa,11-10-2025,092876c9-45e1-5dcf-affd-58bf7f4132ba,Virtual Machines,Basv2 Series,IN Central,B2as v2,24,1.1808
Actin-Azure Sponsorship,c27e8e3c-43a4-4c60-a0e1-73fafa80b8fa,11-11-2025,092876c9-45e1-5dcf-affd-58bf7f4132ba,Virtual Machines,Basv2 Series,IN Central,B2as v2,24,1.1808
Actin-Azure Sponsorship,c27e8e3c-43a4-4c60-a0e1-73fafa80b8fa,11-12-2025,092876c9-45e1-5dcf-affd-58bf7f4132ba,Virtual Machines,Basv2 Series,IN Central,B2as v2,24,1.1808
Actin-Azure Sponsorship,c27e8e3c-43a4-4c60-a0e1-73fafa80b8fa,11/13/2025,092876c9-45e1-5dcf-affd-58bf7f4132ba,Virtual Machines,Basv2 Series,IN Central,B2as v2,24,1.1808
Actin-Azure Sponsorship,c27e8e3c-43a4-4c60-a0e1-73fafa80b8fa,11/14/2025,092876c9-45e1-5dcf-affd-58bf7f4132ba,Virtual Machines,Basv2 Series,IN Central,B2as v2,24,1.1808
Actin-Azure Sponsorship,c27e8e3c-43a4-4c60-a0e1-73fafa80b8fa,11/15/2025,092876c9-45e1-5dcf-affd-58bf7f4132ba,Virtual Machines,Basv2 Series,IN Central,B2as v2,24,1.1808
Actin-Azure Sponsorship,c27e8e3c-43a4-4c60-a0e1-73fafa80b8fa,11/16/2025,092876c9-45e1-5dcf-affd-58bf7f4132ba,Virtual Machines,Basv2 Series,IN Central,B2as v2,24,1.1808
Actin-Azure Sponsorship,c27e8e3c-43a4-4c60-a0e1-73fafa80b8fa,11/17/2025,092876c9-45e1-5dcf-affd-58bf7f4132ba,Virtual Machines,Basv2 Series,IN Central,B2as v2,23.983353,1.179981
Actin-Azure Sponsorship,c27e8e3c-43a4-4c60-a0e1-73fafa80b8fa,11/18/2025,092876c9-45e1-5dcf-affd-58bf7f4132ba,Virtual Machines,Basv2 Series,IN Central,B2as v2,24,1.1808
Actin-Azure Sponsorship,c27e8e3c-43a4-4c60-a0e1-73fafa80b8fa,11/19/2025,092876c9-45e1-5dcf-affd-58bf7f4132ba,Virtual Machines,Basv2 Series,IN Central,B2as v2,24,1.1808
Actin-Azure Sponsorship,c27e8e3c-43a4-4c60-a0e1-73fafa80b8fa,11/20/2025,092876c9-45e1-5dcf-affd-58bf7f4132ba,Virtual Machines,Basv2 Series,IN Central,B2as v2,24,1.1808
Actin-Azure Sponsorship,c27e8e3c-43a4-4c60-a0e1-73fafa80b8fa,11/21/2025,092876c9-45e1-5dcf-affd-58bf7f4132ba,Virtual Machines,Basv2 Series,IN Central,B2as v2,24,1.1808
Actin-Azure Sponsorship,c27e8e3c-43a4-4c60-a0e1-73fafa80b8fa,11/22/2025,092876c9-45e1-5dcf-affd-58bf7f4132ba,Virtual Machines,Basv2 Series,IN Central,B2as v2,24,1.1808
Actin-Azure Sponsorship,c27e8e3c-43a4-4c60-a0e1-73fafa80b8fa,11/23/2025,092876c9-45e1-5dcf-affd-58bf7f4132ba,Virtual Machines,Basv2 Series,IN Central,B2as v2,24,1.1808
Actin-Azure Sponsorship,c27e8e3c-43a4-4c60-a0e1-73fafa80b8fa,11/24/2025,092876c9-45e1-5dcf-affd-58bf7f4132ba,Virtual Machines,Basv2 Series,IN Central,B2as v2,24,1.1808
Actin-Azure Sponsorship,c27e8e3c-43a4-4c60-a0e1-73fafa80b8fa,11/25/2025,092876c9-45e1-5dcf-affd-58bf7f4132ba,Virtual Machines,Basv2 Series,IN Central,B2as v2,24,1.1808
Actin-Azure Sponsorship,c27e8e3c-43a4-4c60-a0e1-73fafa80b8fa,11/26/2025,092876c9-45e1-5dcf-affd-58bf7f4132ba,Virtual Machines,Basv2 Series,IN Central,B2as v2,24,1.1808
Actin-Azure Sponsorship,c27e8e3c-43a4-4c60-a0e1-73fafa80b8fa,11/27/2025,092876c9-45e1-5dcf-affd-58bf7f4132ba,Virtual Machines,Basv2 Series,IN Central,B2as v2,24,1.1808
Actin-Azure Sponsorship,c27e8e3c-43a4-4c60-a0e1-73fafa80b8fa,11/28/2025,092876c9-45e1-5dcf-affd-58bf7f4132ba,Virtual Machines,Basv2 Series,IN Central,B2as v2,24,1.1808
Actin-Azure Sponsorship,c27e8e3c-43a4-4c60-a0e1-73fafa80b8fa,11/29/2025,092876c9-45e1-5dcf-affd-58bf7f4132ba,Virtual Machines,Basv2 Series,IN Central,B2as v2,24,1.1808
Actin-Azure Sponsorship,c27e8e3c-43a4-4c60-a0e1-73fafa80b8fa,11/30/2025,092876c9-45e1-5dcf-affd-58bf7f4132ba,Virtual Machines,Basv2 Series,IN Central,B2as v2,24,1.1808
Actin-Azure Sponsorship,c27e8e3c-43a4-4c60-a0e1-73fafa80b8fa,11-01-2025,d32b6352-b66b-4c4c-8f21-60e94058e04d,NAT Gateway,NAT Gateway,Global,Standard Data Processed,0.052876,0.002376
Actin-Azure Sponsorship,c27e8e3c-43a4-4c60-a0e1-73fafa80b8fa,11-02-2025,d32b6352-b66b-4c4c-8f21-60e94058e04d,NAT Gateway,NAT Gateway,Global,Standard Data Processed,0.040592,0.001825
Actin-Azure Sponsorship,c27e8e3c-43a4-4c60-a0e1-73fafa80b8fa,11-03-2025,d32b6352-b66b-4c4c-8f21-60e94058e04d,NAT Gateway,NAT Gateway,Global,Standard Data Processed,0.098615,0.004439
Actin-Azure Sponsorship,c27e8e3c-43a4-4c60-a0e1-73fafa80b8fa,11-04-2025,d32b6352-b66b-4c4c-8f21-60e94058e04d,NAT Gateway,NAT Gateway,Global,Standard Data Processed,0.073569,0.003312
Actin-Azure Sponsorship,c27e8e3c-43a4-4c60-a0e1-73fafa80b8fa,11-05-2025,d32b6352-b66b-4c4c-8f21-60e94058e04d,NAT Gateway,NAT Gateway,Global,Standard Data Processed,0.015195,0.000685
Actin-Azure Sponsorship,c27e8e3c-43a4-4c60-a0e1-73fafa80b8fa,11-06-2025,d32b6352-b66b-4c4c-8f21-60e94058e04d,NAT Gateway,NAT Gateway,Global,Standard Data Processed,0.030139,0.001357
Actin-Azure Sponsorship,c27e8e3c-43a4-4c60-a0e1-73fafa80b8fa,11-07-2025,d32b6352-b66b-4c4c-8f21-60e94058e04d,NAT Gateway,NAT Gateway,Global,Standard Data Processed,0.013754,0.000618
Actin-Azure Sponsorship,c27e8e3c-43a4-4c60-a0e1-73fafa80b8fa,11-08-2025,d32b6352-b66b-4c4c-8f21-60e94058e04d,NAT Gateway,NAT Gateway,Global,Standard Data Processed,0.0002,0.000009
Actin-Azure Sponsorship,c27e8e3c-43a4-4c60-a0e1-73fafa80b8fa,11-09-2025,d32b6352-b66b-4c4c-8f21-60e94058e04d,NAT Gateway,NAT Gateway,Global,Standard Data Processed,0.000636,0.000029
Actin-Azure Sponsorship,c27e8e3c-43a4-4c60-a0e1-73fafa80b8fa,11-10-2025,d32b6352-b66b-4c4c-8f21-60e94058e04d,NAT Gateway,NAT Gateway,Global,Standard Data Processed,0.037635,0.001694
Actin-Azure Sponsorship,c27e8e3c-43a4-4c60-a0e1-73fafa80b8fa,11-11-2025,d32b6352-b66b-4c4c-8f21-60e94058e04d,NAT Gateway,NAT Gateway,Global,Standard Data Processed,0.025526,0.001149
Actin-Azure Sponsorship,c27e8e3c-43a4-4c60-a0e1-73fafa80b8fa,11-12-2025,d32b6352-b66b-4c4c-8f21-60e94058e04d,NAT Gateway,NAT Gateway,Global,Standard Data Processed,0.041333,0.001858
Actin-Azure Sponsorship,c27e8e3c-43a4-4c60-a0e1-73fafa80b8fa,11/13/2025,d32b6352-b66b-4c4c-8f21-60e94058e04d,NAT Gateway,NAT Gateway,Global,Standard Data Processed,0.023262,0.001048
Actin-Azure Sponsorship,c27e8e3c-43a4-4c60-a0e1-73fafa80b8fa,11/14/2025,d32b6352-b66b-4c4c-8f21-60e94058e04d,NAT Gateway,NAT Gateway,Global,Standard Data Processed,0.020641,0.000927
Actin-Azure Sponsorship,c27e8e3c-43a4-4c60-a0e1-73fafa80b8fa,11/15/2025,d32b6352-b66b-4c4c-8f21-60e94058e04d,NAT Gateway,NAT Gateway,Global,Standard Data Processed,0.003734,0.000169
Actin-Azure Sponsorship,c27e8e3c-43a4-4c60-a0e1-73fafa80b8fa,11/16/2025,d32b6352-b66b-4c4c-8f21-60e94058e04d,NAT Gateway,NAT Gateway,Global,Standard Data Processed,0.001313,0.000058
Actin-Azure Sponsorship,c27e8e3c-43a4-4c60-a0e1-73fafa80b8fa,11/17/2025,d32b6352-b66b-4c4c-8f21-60e94058e04d,NAT Gateway,NAT Gateway,Global,Standard Data Processed,0.035224,0.001586
Actin-Azure Sponsorship,c27e8e3c-43a4-4c60-a0e1-73fafa80b8fa,11/18/2025,d32b6352-b66b-4c4c-8f21-60e94058e04d,NAT Gateway,NAT Gateway,Global,Standard Data Processed,0.019567,0.000879
Actin-Azure Sponsorship,c27e8e3c-43a4-4c60-a0e1-73fafa80b8fa,11/19/2025,d32b6352-b66b-4c4c-8f21-60e94058e04d,NAT Gateway,NAT Gateway,Global,Standard Data Processed,0.040522,0.001823
Actin-Azure Sponsorship,c27e8e3c-43a4-4c60-a0e1-73fafa80b8fa,11/20/2025,d32b6352-b66b-4c4c-8f21-60e94058e04d,NAT Gateway,NAT Gateway,Global,Standard Data Processed,0.039199,0.001764
Actin-Azure Sponsorship,c27e8e3c-43a4-4c60-a0e1-73fafa80b8fa,11/21/2025,d32b6352-b66b-4c4c-8f21-60e94058e04d,NAT Gateway,NAT Gateway,Global,Standard Data Processed,0.032055,0.00144
Actin-Azure Sponsorship,c27e8e3c-43a4-4c60-a0e1-73fafa80b8fa,11/22/2025,d32b6352-b66b-4c4c-8f21-60e94058e04d,NAT Gateway,NAT Gateway,Global,Standard Data Processed,0.00777,0.000351
Actin-Azure Sponsorship,c27e8e3c-43a4-4c60-a0e1-73fafa80b8fa,11/23/2025,d32b6352-b66b-4c4c-8f21-60e94058e04d,NAT Gateway,NAT Gateway,Global,Standard Data Processed,0.00078,0.000034
Actin-Azure Sponsorship,c27e8e3c-43a4-4c60-a0e1-73fafa80b8fa,11/24/2025,d32b6352-b66b-4c4c-8f21-60e94058e04d,NAT Gateway,NAT Gateway,Global,Standard Data Processed,0.138623,0.006239
Actin-Azure Sponsorship,c27e8e3c-43a4-4c60-a0e1-73fafa80b8fa,11/25/2025,d32b6352-b66b-4c4c-8f21-60e94058e04d,NAT Gateway,NAT Gateway,Global,Standard Data Processed,0.129884,0.005844
Actin-Azure Sponsorship,c27e8e3c-43a4-4c60-a0e1-73fafa80b8fa,11/26/2025,d32b6352-b66b-4c4c-8f21-60e94058e04d,NAT Gateway,NAT Gateway,Global,Standard Data Processed,0.073011,0.003287
Actin-Azure Sponsorship,c27e8e3c-43a4-4c60-a0e1-73fafa80b8fa,11/27/2025,d32b6352-b66b-4c4c-8f21-60e94058e04d,NAT Gateway,NAT Gateway,Global,Standard Data Processed,0.04,0.001802
Actin-Azure Sponsorship,c27e8e3c-43a4-4c60-a0e1-73fafa80b8fa,11/28/2025,d32b6352-b66b-4c4c-8f21-60e94058e04d,NAT Gateway,NAT Gateway,Global,Standard Data Processed,0.095379,0.00429
Actin-Azure Sponsorship,c27e8e3c-43a4-4c60-a0e1-73fafa80b8fa,11/29/2025,d32b6352-b66b-4c4c-8f21-60e94058e04d,NAT Gateway,NAT Gateway,Global,Standard Data Processed,0.020877,0.000939
Actin-Azure Sponsorship,c27e8e3c-43a4-4c60-a0e1-73fafa80b8fa,11/30/2025,d32b6352-b66b-4c4c-8f21-60e94058e04d,NAT Gateway,NAT Gateway,Global,Standard Data Processed,0.121776,0.005477
Actin-Azure Sponsorship,c27e8e3c-43a4-4c60-a0e1-73fafa80b8fa,11-01-2025,3e7d2ab5-6a87-50b5-b6b9-6486bd6dc651,Azure Database for PostgreSQL,Flexible Server Burstable BS Series Compute,IN Central,B2s,24,2.352
Actin-Azure Sponsorship,c27e8e3c-43a4-4c60-a0e1-73fafa80b8fa,11-02-2025,3e7d2ab5-6a87-50b5-b6b9-6486bd6dc651,Azure Database for PostgreSQL,Flexible Server Burstable BS Series Compute,IN Central,B2s,24,2.352
Actin-Azure Sponsorship,c27e8e3c-43a4-4c60-a0e1-73fafa80b8fa,11-03-2025,3e7d2ab5-6a87-50b5-b6b9-6486bd6dc651,Azure Database for PostgreSQL,Flexible Server Burstable BS Series Compute,IN Central,B2s,24,2.352
Actin-Azure Sponsorship,c27e8e3c-43a4-4c60-a0e1-73fafa80b8fa,11-04-2025,3e7d2ab5-6a87-50b5-b6b9-6486bd6dc651,Azure Database for PostgreSQL,Flexible Server Burstable BS Series Compute,IN Central,B2s,24,2.352
Actin-Azure Sponsorship,c27e8e3c-43a4-4c60-a0e1-73fafa80b8fa,11-05-2025,3e7d2ab5-6a87-50b5-b6b9-6486bd6dc651,Azure Database for PostgreSQL,Flexible Server Burstable BS Series Compute,IN Central,B2s,24,2.352
Actin-Azure Sponsorship,c27e8e3c-43a4-4c60-a0e1-73fafa80b8fa,11-06-2025,3e7d2ab5-6a87-50b5-b6b9-6486bd6dc651,Azure Database for PostgreSQL,Flexible Server Burstable BS Series Compute,IN Central,B2s,24,2.352
Actin-Azure Sponsorship,c27e8e3c-43a4-4c60-a0e1-73fafa80b8fa,11-07-2025,3e7d2ab5-6a87-50b5-b6b9-6486bd6dc651,Azure Database for PostgreSQL,Flexible Server Burstable BS Series Compute,IN Central,B2s,24,2.352
Actin-Azure Sponsorship,c27e8e3c-43a4-4c60-a0e1-73fafa80b8fa,11-08-2025,3e7d2ab5-6a87-50b5-b6b9-6486bd6dc651,Azure Database for PostgreSQL,Flexible Server Burstable BS Series Compute,IN Central,B2s,24,2.352
Actin-Azure Sponsorship,c27e8e3c-43a4-4c60-a0e1-73fafa80b8fa,11-09-2025,3e7d2ab5-6a87-50b5-b6b9-6486bd6dc651,Azure Database for PostgreSQL,Flexible Server Burstable BS Series Compute,IN Central,B2s,24,2.352
Actin-Azure Sponsorship,c27e8e3c-43a4-4c60-a0e1-73fafa80b8fa,11-10-2025,3e7d2ab5-6a87-50b5-b6b9-6486bd6dc651,Azure Database for PostgreSQL,Flexible Server Burstable BS Series Compute,IN Central,B2s,24,2.352
Actin-Azure Sponsorship,c27e8e3c-43a4-4c60-a0e1-73fafa80b8fa,11-11-2025,3e7d2ab5-6a87-50b5-b6b9-6486bd6dc651,Azure Database for PostgreSQL,Flexible Server Burstable BS Series Compute,IN Central,B2s,24,2.352
Actin-Azure Sponsorship,c27e8e3c-43a4-4c60-a0e1-73fafa80b8fa,11-12-2025,3e7d2ab5-6a87-50b5-b6b9-6486bd6dc651,Azure Database for PostgreSQL,Flexible Server Burstable BS Series Compute,IN Central,B2s,24,2.352
Actin-Azure Sponsorship,c27e8e3c-43a4-4c60-a0e1-73fafa80b8fa,11/13/2025,3e7d2ab5-6a87-50b5-b6b9-6486bd6dc651,Azure Database for PostgreSQL,Flexible Server Burstable BS Series Compute,IN Central,B2s,24,2.352
Actin-Azure Sponsorship,c27e8e3c-43a4-4c60-a0e1-73fafa80b8fa,11/14/2025,3e7d2ab5-6a87-50b5-b6b9-6486bd6dc651,Azure Database for PostgreSQL,Flexible Server Burstable BS Series Compute,IN Central,B2s,24,2.352
Actin-Azure Sponsorship,c27e8e3c-43a4-4c60-a0e1-73fafa80b8fa,11/15/2025,3e7d2ab5-6a87-50b5-b6b9-6486bd6dc651,Azure Database for PostgreSQL,Flexible Server Burstable BS Series Compute,IN Central,B2s,24,2.352
Actin-Azure Sponsorship,c27e8e3c-43a4-4c60-a0e1-73fafa80b8fa,11/16/2025,3e7d2ab5-6a87-50b5-b6b9-6486bd6dc651,Azure Database for PostgreSQL,Flexible Server Burstable BS Series Compute,IN Central,B2s,24,2.352
Actin-Azure Sponsorship,c27e8e3c-43a4-4c60-a0e1-73fafa80b8fa,11/17/2025,3e7d2ab5-6a87-50b5-b6b9-6486bd6dc651,Azure Database for PostgreSQL,Flexible Server Burstable BS Series Compute,IN Central,B2s,24,2.352
Actin-Azure Sponsorship,c27e8e3c-43a4-4c60-a0e1-73fafa80b8fa,11/18/2025,3e7d2ab5-6a87-50b5-b6b9-6486bd6dc651,Azure Database for PostgreSQL,Flexible Server Burstable BS Series Compute,IN Central,B2s,24,2.352
Actin-Azure Sponsorship,c27e8e3c-43a4-4c60-a0e1-73fafa80b8fa,11/19/2025,3e7d2ab5-6a87-50b5-b6b9-6486bd6dc651,Azure Database for PostgreSQL,Flexible Server Burstable BS Series Compute,IN Central,B2s,24,2.352
Actin-Azure Sponsorship,c27e8e3c-43a4-4c60-a0e1-73fafa80b8fa,11/20/2025,3e7d2ab5-6a87-50b5-b6b9-6486bd6dc651,Azure Database for PostgreSQL,Flexible Server Burstable BS Series Compute,IN Central,B2s,24,2.352
Actin-Azure Sponsorship,c27e8e3c-43a4-4c60-a0e1-73fafa80b8fa,11/21/2025,3e7d2ab5-6a87-50b5-b6b9-6486bd6dc651,Azure Database for PostgreSQL,Flexible Server Burstable BS Series Compute,IN Central,B2s,24,2.352
Actin-Azure Sponsorship,c27e8e3c-43a4-4c60-a0e1-73fafa80b8fa,11/22/2025,3e7d2ab5-6a87-50b5-b6b9-6486bd6dc651,Azure Database for PostgreSQL,Flexible Server Burstable BS Series Compute,IN Central,B2s,24,2.352
Actin-Azure Sponsorship,c27e8e3c-43a4-4c60-a0e1-73fafa80b8fa,11/23/2025,3e7d2ab5-6a87-50b5-b6b9-6486bd6dc651,Azure Database for PostgreSQL,Flexible Server Burstable BS Series Compute,IN Central,B2s,24,2.352
Actin-Azure Sponsorship,c27e8e3c-43a4-4c60-a0e1-73fafa80b8fa,11/24/2025,3e7d2ab5-6a87-50b5-b6b9-6486bd6dc651,Azure Database for PostgreSQL,Flexible Server Burstable BS Series Compute,IN Central,B2s,24,2.352
Actin-Azure Sponsorship,c27e8e3c-43a4-4c60-a0e1-73fafa80b8fa,11/25/2025,3e7d2ab5-6a87-50b5-b6b9-6486bd6dc651,Azure Database for PostgreSQL,Flexible Server Burstable BS Series Compute,IN Central,B2s,24,2.352
Actin-Azure Sponsorship,c27e8e3c-43a4-4c60-a0e1-73fafa80b8fa,11/26/2025,3e7d2ab5-6a87-50b5-b6b9-6486bd6dc651,Azure Database for PostgreSQL,Flexible Server Burstable BS Series Compute,IN Central,B2s,24,2.352
Actin-Azure Sponsorship,c27e8e3c-43a4-4c60-a0e1-73fafa80b8fa,11/27/2025,3e7d2ab5-6a87-50b5-b6b9-6486bd6dc651,Azure Database for PostgreSQL,Flexible Server Burstable BS Series Compute,IN Central,B2s,24,2.352
Actin-Azure Sponsorship,c27e8e3c-43a4-4c60-a0e1-73fafa80b8fa,11/28/2025,3e7d2ab5-6a87-50b5-b6b9-6486bd6dc651,Azure Database for PostgreSQL,Flexible Server Burstable BS Series Compute,IN Central,B2s,24,2.352
Actin-Azure Sponsorship,c27e8e3c-43a4-4c60-a0e1-73fafa80b8fa,11/29/2025,3e7d2ab5-6a87-50b5-b6b9-6486bd6dc651,Azure Database for PostgreSQL,Flexible Server Burstable BS Series Compute,IN Central,B2s,24,2.352
Actin-Azure Sponsorship,c27e8e3c-43a4-4c60-a0e1-73fafa80b8fa,11/30/2025,3e7d2ab5-6a87-50b5-b6b9-6486bd6dc651,Azure Database for PostgreSQL,Flexible Server Burstable BS Series Compute,IN Central,B2s,24,2.352
Actin-Azure Sponsorship,c27e8e3c-43a4-4c60-a0e1-73fafa80b8fa,11-01-2025,bc0e59ac-a18b-419b-98ad-6ea6e61b361a,Storage,Standard HDD Managed Disks,IN Central,S6 LRS Disk,0.066672,0.220608
Actin-Azure Sponsorship,c27e8e3c-43a4-4c60-a0e1-73fafa80b8fa,11-02-2025,bc0e59ac-a18b-419b-98ad-6ea6e61b361a,Storage,Standard HDD Managed Disks,IN Central,S6 LRS Disk,0.066672,0.220608
Actin-Azure Sponsorship,c27e8e3c-43a4-4c60-a0e1-73fafa80b8fa,11-03-2025,bc0e59ac-a18b-419b-98ad-6ea6e61b361a,Storage,Standard HDD Managed Disks,IN Central,S6 LRS Disk,0.066672,0.220608
Actin-Azure Sponsorship,c27e8e3c-43a4-4c60-a0e1-73fafa80b8fa,11-04-2025,bc0e59ac-a18b-419b-98ad-6ea6e61b361a,Storage,Standard HDD Managed Disks,IN Central,S6 LRS Disk,0.066672,0.220608
Actin-Azure Sponsorship,c27e8e3c-43a4-4c60-a0e1-73fafa80b8fa,11-05-2025,bc0e59ac-a18b-419b-98ad-6ea6e61b361a,Storage,Standard HDD Managed Disks,IN Central,S6 LRS Disk,0.066672,0.220608
Actin-Azure Sponsorship,c27e8e3c-43a4-4c60-a0e1-73fafa80b8fa,11-06-2025,bc0e59ac-a18b-419b-98ad-6ea6e61b361a,Storage,Standard HDD Managed Disks,IN Central,S6 LRS Disk,0.066672,0.220608
Actin-Azure Sponsorship,c27e8e3c-43a4-4c60-a0e1-73fafa80b8fa,11-07-2025,bc0e59ac-a18b-419b-98ad-6ea6e61b361a,Storage,Standard HDD Managed Disks,IN Central,S6 LRS Disk,0.066672,0.220608
Actin-Azure Sponsorship,c27e8e3c-43a4-4c60-a0e1-73fafa80b8fa,11-08-2025,bc0e59ac-a18b-419b-98ad-6ea6e61b361a,Storage,Standard HDD Managed Disks,IN Central,S6 LRS Disk,0.066672,0.220608
Actin-Azure Sponsorship,c27e8e3c-43a4-4c60-a0e1-73fafa80b8fa,11-09-2025,bc0e59ac-a18b-419b-98ad-6ea6e61b361a,Storage,Standard HDD Managed Disks,IN Central,S6 LRS Disk,0.066672,0.220608
Actin-Azure Sponsorship,c27e8e3c-43a4-4c60-a0e1-73fafa80b8fa,11-10-2025,bc0e59ac-a18b-419b-98ad-6ea6e61b361a,Storage,Standard HDD Managed Disks,IN Central,S6 LRS Disk,0.066672,0.220608
Actin-Azure Sponsorship,c27e8e3c-43a4-4c60-a0e1-73fafa80b8fa,11-11-2025,bc0e59ac-a18b-419b-98ad-6ea6e61b361a,Storage,Standard HDD Managed Disks,IN Central,S6 LRS Disk,0.066672,0.220608
Actin-Azure Sponsorship,c27e8e3c-43a4-4c60-a0e1-73fafa80b8fa,11-12-2025,bc0e59ac-a18b-419b-98ad-6ea6e61b361a,Storage,Standard HDD Managed Disks,IN Central,S6 LRS Disk,0.066672,0.220608
Actin-Azure Sponsorship,c27e8e3c-43a4-4c60-a0e1-73fafa80b8fa,11/13/2025,bc0e59ac-a18b-419b-98ad-6ea6e61b361a,Storage,Standard HDD Managed Disks,IN Central,S6 LRS Disk,0.066672,0.220608
Actin-Azure Sponsorship,c27e8e3c-43a4-4c60-a0e1-73fafa80b8fa,11/14/2025,bc0e59ac-a18b-419b-98ad-6ea6e61b361a,Storage,Standard HDD Managed Disks,IN Central,S6 LRS Disk,0.066672,0.220608
Actin-Azure Sponsorship,c27e8e3c-43a4-4c60-a0e1-73fafa80b8fa,11/15/2025,bc0e59ac-a18b-419b-98ad-6ea6e61b361a,Storage,Standard HDD Managed Disks,IN Central,S6 LRS Disk,0.066672,0.220608
Actin-Azure Sponsorship,c27e8e3c-43a4-4c60-a0e1-73fafa80b8fa,11/16/2025,bc0e59ac-a18b-419b-98ad-6ea6e61b361a,Storage,Standard HDD Managed Disks,IN Central,S6 LRS Disk,0.066672,0.220608
Actin-Azure Sponsorship,c27e8e3c-43a4-4c60-a0e1-73fafa80b8fa,11/17/2025,bc0e59ac-a18b-419b-98ad-6ea6e61b361a,Storage,Standard HDD Managed Disks,IN Central,S6 LRS Disk,0.066672,0.220608
Actin-Azure Sponsorship,c27e8e3c-43a4-4c60-a0e1-73fafa80b8fa,11/18/2025,bc0e59ac-a18b-419b-98ad-6ea6e61b361a,Storage,Standard HDD Managed Disks,IN Central,S6 LRS Disk,0.066672,0.220608
Actin-Azure Sponsorship,c27e8e3c-43a4-4c60-a0e1-73fafa80b8fa,11/19/2025,bc0e59ac-a18b-419b-98ad-6ea6e61b361a,Storage,Standard HDD Managed Disks,IN Central,S6 LRS Disk,0.066672,0.220608
Actin-Azure Sponsorship,c27e8e3c-43a4-4c60-a0e1-73fafa80b8fa,11/20/2025,bc0e59ac-a18b-419b-98ad-6ea6e61b361a,Storage,Standard HDD Managed Disks,IN Central,S6 LRS Disk,0.066672,0.220608
Actin-Azure Sponsorship,c27e8e3c-43a4-4c60-a0e1-73fafa80b8fa,11/21/2025,bc0e59ac-a18b-419b-98ad-6ea6e61b361a,Storage,Standard HDD Managed Disks,IN Central,S6 LRS Disk,0.066672,0.220608
Actin-Azure Sponsorship,c27e8e3c-43a4-4c60-a0e1-73fafa80b8fa,11/22/2025,bc0e59ac-a18b-419b-98ad-6ea6e61b361a,Storage,Standard HDD Managed Disks,IN Central,S6 LRS Disk,0.066672,0.220608
Actin-Azure Sponsorship,c27e8e3c-43a4-4c60-a0e1-73fafa80b8fa,11/23/2025,bc0e59ac-a18b-419b-98ad-6ea6e61b361a,Storage,Standard HDD Managed Disks,IN Central,S6 LRS Disk,0.066672,0.220608
Actin-Azure Sponsorship,c27e8e3c-43a4-4c60-a0e1-73fafa80b8fa,11/24/2025,bc0e59ac-a18b-419b-98ad-6ea6e61b361a,Storage,Standard HDD Managed Disks,IN Central,S6 LRS Disk,0.066672,0.220608
Actin-Azure Sponsorship,c27e8e3c-43a4-4c60-a0e1-73fafa80b8fa,11/25/2025,bc0e59ac-a18b-419b-98ad-6ea6e61b361a,Storage,Standard HDD Managed Disks,IN Central,S6 LRS Disk,0.066672,0.220608
Actin-Azure Sponsorship,c27e8e3c-43a4-4c60-a0e1-73fafa80b8fa,11/26/2025,bc0e59ac-a18b-419b-98ad-6ea6e61b361a,Storage,Standard HDD Managed Disks,IN Central,S6 LRS Disk,0.066672,0.220608
Actin-Azure Sponsorship,c27e8e3c-43a4-4c60-a0e1-73fafa80b8fa,11/27/2025,bc0e59ac-a18b-419b-98ad-6ea6e61b361a,Storage,Standard HDD Managed Disks,IN Central,S6 LRS Disk,0.066672,0.220608
Actin-Azure Sponsorship,c27e8e3c-43a4-4c60-a0e1-73fafa80b8fa,11/28/2025,bc0e59ac-a18b-419b-98ad-6ea6e61b361a,Storage,Standard HDD Managed Disks,IN Central,S6 LRS Disk,0.066672,0.220608
Actin-Azure Sponsorship,c27e8e3c-43a4-4c60-a0e1-73fafa80b8fa,11/29/2025,bc0e59ac-a18b-419b-98ad-6ea6e61b361a,Storage,Standard HDD Managed Disks,IN Central,S6 LRS Disk,0.066672,0.220608
Actin-Azure Sponsorship,c27e8e3c-43a4-4c60-a0e1-73fafa80b8fa,11/30/2025,bc0e59ac-a18b-419b-98ad-6ea6e61b361a,Storage,Standard HDD Managed Disks,IN Central,S6 LRS Disk,0.066672,0.220608
Actin-Azure Sponsorship,c27e8e3c-43a4-4c60-a0e1-73fafa80b8fa,11-01-2025,c0f5cb45-6fb1-41c9-8545-72ad400d9da4,Azure App Service,Free Plan,All,F1 App,0.096768,0
Actin-Azure Sponsorship,c27e8e3c-43a4-4c60-a0e1-73fafa80b8fa,11-02-2025,c0f5cb45-6fb1-41c9-8545-72ad400d9da4,Azure App Service,Free Plan,All,F1 App,0.096768,0
Actin-Azure Sponsorship,c27e8e3c-43a4-4c60-a0e1-73fafa80b8fa,11-03-2025,c0f5cb45-6fb1-41c9-8545-72ad400d9da4,Azure App Service,Free Plan,All,F1 App,0.096768,0
Actin-Azure Sponsorship,c27e8e3c-43a4-4c60-a0e1-73fafa80b8fa,11-04-2025,c0f5cb45-6fb1-41c9-8545-72ad400d9da4,Azure App Service,Free Plan,All,F1 App,0.096768,0
Actin-Azure Sponsorship,c27e8e3c-43a4-4c60-a0e1-73fafa80b8fa,11-05-2025,c0f5cb45-6fb1-41c9-8545-72ad400d9da4,Azure App Service,Free Plan,All,F1 App,0.096768,0
Actin-Azure Sponsorship,c27e8e3c-43a4-4c60-a0e1-73fafa80b8fa,11-06-2025,c0f5cb45-6fb1-41c9-8545-72ad400d9da4,Azure App Service,Free Plan,All,F1 App,0.096768,0
Actin-Azure Sponsorship,c27e8e3c-43a4-4c60-a0e1-73fafa80b8fa,11-07-2025,c0f5cb45-6fb1-41c9-8545-72ad400d9da4,Azure App Service,Free Plan,All,F1 App,0.096768,0
Actin-Azure Sponsorship,c27e8e3c-43a4-4c60-a0e1-73fafa80b8fa,11-08-2025,c0f5cb45-6fb1-41c9-8545-72ad400d9da4,Azure App Service,Free Plan,All,F1 App,0.096768,0
Actin-Azure Sponsorship,c27e8e3c-43a4-4c60-a0e1-73fafa80b8fa,11-09-2025,c0f5cb45-6fb1-41c9-8545-72ad400d9da4,Azure App Service,Free Plan,All,F1 App,0.096768,0
Actin-Azure Sponsorship,c27e8e3c-43a4-4c60-a0e1-73fafa80b8fa,11-10-2025,c0f5cb45-6fb1-41c9-8545-72ad400d9da4,Azure App Service,Free Plan,All,F1 App,0.096768,0
Actin-Azure Sponsorship,c27e8e3c-43a4-4c60-a0e1-73fafa80b8fa,11-11-2025,c0f5cb45-6fb1-41c9-8545-72ad400d9da4,Azure App Service,Free Plan,All,F1 App,0.096768,0
Actin-Azure Sponsorship,c27e8e3c-43a4-4c60-a0e1-73fafa80b8fa,11-12-2025,c0f5cb45-6fb1-41c9-8545-72ad400d9da4,Azure App Service,Free Plan,All,F1 App,0.096768,0
Actin-Azure Sponsorship,c27e8e3c-43a4-4c60-a0e1-73fafa80b8fa,11/13/2025,c0f5cb45-6fb1-41c9-8545-72ad400d9da4,Azure App Service,Free Plan,All,F1 App,0.096768,0
Actin-Azure Sponsorship,c27e8e3c-43a4-4c60-a0e1-73fafa80b8fa,11/14/2025,c0f5cb45-6fb1-41c9-8545-72ad400d9da4,Azure App Service,Free Plan,All,F1 App,0.096768,0
Actin-Azure Sponsorship,c27e8e3c-43a4-4c60-a0e1-73fafa80b8fa,11/15/2025,c0f5cb45-6fb1-41c9-8545-72ad400d9da4,Azure App Service,Free Plan,All,F1 App,0.096768,0
Actin-Azure Sponsorship,c27e8e3c-43a4-4c60-a0e1-73fafa80b8fa,11/16/2025,c0f5cb45-6fb1-41c9-8545-72ad400d9da4,Azure App Service,Free Plan,All,F1 App,0.096768,0
Actin-Azure Sponsorship,c27e8e3c-43a4-4c60-a0e1-73fafa80b8fa,11/17/2025,c0f5cb45-6fb1-41c9-8545-72ad400d9da4,Azure App Service,Free Plan,All,F1 App,0.096768,0
Actin-Azure Sponsorship,c27e8e3c-43a4-4c60-a0e1-73fafa80b8fa,11/18/2025,c0f5cb45-6fb1-41c9-8545-72ad400d9da4,Azure App Service,Free Plan,All,F1 App,0.096768,0
Actin-Azure Sponsorship,c27e8e3c-43a4-4c60-a0e1-73fafa80b8fa,11/19/2025,c0f5cb45-6fb1-41c9-8545-72ad400d9da4,Azure App Service,Free Plan,All,F1 App,0.096768,0
Actin-Azure Sponsorship,c27e8e3c-43a4-4c60-a0e1-73fafa80b8fa,11/20/2025,c0f5cb45-6fb1-41c9-8545-72ad400d9da4,Azure App Service,Free Plan,All,F1 App,0.096768,0
Actin-Azure Sponsorship,c27e8e3c-43a4-4c60-a0e1-73fafa80b8fa,11/21/2025,c0f5cb45-6fb1-41c9-8545-72ad400d9da4,Azure App Service,Free Plan,All,F1 App,0.096768,0
Actin-Azure Sponsorship,c27e8e3c-43a4-4c60-a0e1-73fafa80b8fa,11/22/2025,c0f5cb45-6fb1-41c9-8545-72ad400d9da4,Azure App Service,Free Plan,All,F1 App,0.096768,0
Actin-Azure Sponsorship,c27e8e3c-43a4-4c60-a0e1-73fafa80b8fa,11/23/2025,c0f5cb45-6fb1-41c9-8545-72ad400d9da4,Azure App Service,Free Plan,All,F1 App,0.096768,0
Actin-Azure Sponsorship,c27e8e3c-43a4-4c60-a0e1-73fafa80b8fa,11/24/2025,c0f5cb45-6fb1-41c9-8545-72ad400d9da4,Azure App Service,Free Plan,All,F1 App,0.096768,0
Actin-Azure Sponsorship,c27e8e3c-43a4-4c60-a0e1-73fafa80b8fa,11/25/2025,c0f5cb45-6fb1-41c9-8545-72ad400d9da4,Azure App Service,Free Plan,All,F1 App,0.096768,0
Actin-Azure Sponsorship,c27e8e3c-43a4-4c60-a0e1-73fafa80b8fa,11/26/2025,c0f5cb45-6fb1-41c9-8545-72ad400d9da4,Azure App Service,Free Plan,All,F1 App,0.096768,0
Actin-Azure Sponsorship,c27e8e3c-43a4-4c60-a0e1-73fafa80b8fa,11/27/2025,c0f5cb45-6fb1-41c9-8545-72ad400d9da4,Azure App Service,Free Plan,All,F1 App,0.096768,0
Actin-Azure Sponsorship,c27e8e3c-43a4-4c60-a0e1-73fafa80b8fa,11/28/2025,c0f5cb45-6fb1-41c9-8545-72ad400d9da4,Azure App Service,Free Plan,All,F1 App,0.096768,0
Actin-Azure Sponsorship,c27e8e3c-43a4-4c60-a0e1-73fafa80b8fa,11/29/2025,c0f5cb45-6fb1-41c9-8545-72ad400d9da4,Azure App Service,Free Plan,All,F1 App,0.096768,0
Actin-Azure Sponsorship,c27e8e3c-43a4-4c60-a0e1-73fafa80b8fa,11/30/2025,c0f5cb45-6fb1-41c9-8545-72ad400d9da4,Azure App Service,Free Plan,All,F1 App,0.096768,0
Actin-Azure Sponsorship,c27e8e3c-43a4-4c60-a0e1-73fafa80b8fa,11-01-2025,52b57f57-fb19-502a-8559-75de79d57df2,GitHub,Copilot,Global,Business User,0.466667,8.866667
Actin-Azure Sponsorship,c27e8e3c-43a4-4c60-a0e1-73fafa80b8fa,11-02-2025,52b57f57-fb19-502a-8559-75de79d57df2,GitHub,Copilot,Global,Business User,0.466667,8.866667
Actin-Azure Sponsorship,c27e8e3c-43a4-4c60-a0e1-73fafa80b8fa,11-03-2025,52b57f57-fb19-502a-8559-75de79d57df2,GitHub,Copilot,Global,Business User,0.466667,8.866667
Actin-Azure Sponsorship,c27e8e3c-43a4-4c60-a0e1-73fafa80b8fa,11-04-2025,52b57f57-fb19-502a-8559-75de79d57df2,GitHub,Copilot,Global,Business User,0.466667,8.866667
Actin-Azure Sponsorship,c27e8e3c-43a4-4c60-a0e1-73fafa80b8fa,11-05-2025,52b57f57-fb19-502a-8559-75de79d57df2,GitHub,Copilot,Global,Business User,0.466667,8.866667
Actin-Azure Sponsorship,c27e8e3c-43a4-4c60-a0e1-73fafa80b8fa,11-06-2025,52b57f57-fb19-502a-8559-75de79d57df2,GitHub,Copilot,Global,Business User,0.466667,8.866667
Actin-Azure Sponsorship,c27e8e3c-43a4-4c60-a0e1-73fafa80b8fa,11-07-2025,52b57f57-fb19-502a-8559-75de79d57df2,GitHub,Copilot,Global,Business User,0.466667,8.866667
Actin-Azure Sponsorship,c27e8e3c-43a4-4c60-a0e1-73fafa80b8fa,11-08-2025,52b57f57-fb19-502a-8559-75de79d57df2,GitHub,Copilot,Global,Business User,0.466667,8.866667
Actin-Azure Sponsorship,c27e8e3c-43a4-4c60-a0e1-73fafa80b8fa,11-09-2025,52b57f57-fb19-502a-8559-75de79d57df2,GitHub,Copilot,Global,Business User,0.466667,8.866667
Actin-Azure Sponsorship,c27e8e3c-43a4-4c60-a0e1-73fafa80b8fa,11-10-2025,52b57f57-fb19-502a-8559-75de79d57df2,GitHub,Copilot,Global,Business User,0.466667,8.866667
Actin-Azure Sponsorship,c27e8e3c-43a4-4c60-a0e1-73fafa80b8fa,11-11-2025,52b57f57-fb19-502a-8559-75de79d57df2,GitHub,Copilot,Global,Business User,0.466667,8.866667
Actin-Azure Sponsorship,c27e8e3c-43a4-4c60-a0e1-73fafa80b8fa,11-12-2025,52b57f57-fb19-502a-8559-75de79d57df2,GitHub,Copilot,Global,Business User,0.466667,8.866667
Actin-Azure Sponsorship,c27e8e3c-43a4-4c60-a0e1-73fafa80b8fa,11/13/2025,52b57f57-fb19-502a-8559-75de79d57df2,GitHub,Copilot,Global,Business User,0.466667,8.866667
Actin-Azure Sponsorship,c27e8e3c-43a4-4c60-a0e1-73fafa80b8fa,11/14/2025,52b57f57-fb19-502a-8559-75de79d57df2,GitHub,Copilot,Global,Business User,0.466667,8.866667
Actin-Azure Sponsorship,c27e8e3c-43a4-4c60-a0e1-73fafa80b8fa,11/15/2025,52b57f57-fb19-502a-8559-75de79d57df2,GitHub,Copilot,Global,Business User,0.466667,8.866667
Actin-Azure Sponsorship,c27e8e3c-43a4-4c60-a0e1-73fafa80b8fa,11/16/2025,52b57f57-fb19-502a-8559-75de79d57df2,GitHub,Copilot,Global,Business User,0.466667,8.866667
Actin-Azure Sponsorship,c27e8e3c-43a4-4c60-a0e1-73fafa80b8fa,11/17/2025,52b57f57-fb19-502a-8559-75de79d57df2,GitHub,Copilot,Global,Business User,0.466667,8.866667
Actin-Azure Sponsorship,c27e8e3c-43a4-4c60-a0e1-73fafa80b8fa,11/18/2025,52b57f57-fb19-502a-8559-75de79d57df2,GitHub,Copilot,Global,Business User,0.466667,8.866667
Actin-Azure Sponsorship,c27e8e3c-43a4-4c60-a0e1-73fafa80b8fa,11/19/2025,52b57f57-fb19-502a-8559-75de79d57df2,GitHub,Copilot,Global,Business User,0.466667,8.866667
Actin-Azure Sponsorship,c27e8e3c-43a4-4c60-a0e1-73fafa80b8fa,11/20/2025,52b57f57-fb19-502a-8559-75de79d57df2,GitHub,Copilot,Global,Business User,0.466667,8.866667
Actin-Azure Sponsorship,c27e8e3c-43a4-4c60-a0e1-73fafa80b8fa,11/21/2025,52b57f57-fb19-502a-8559-75de79d57df2,GitHub,Copilot,Global,Business User,0.466667,8.866667
Actin-Azure Sponsorship,c27e8e3c-43a4-4c60-a0e1-73fafa80b8fa,11/22/2025,52b57f57-fb19-502a-8559-75de79d57df2,GitHub,Copilot,Global,Business User,0.466667,8.866667
Actin-Azure Sponsorship,c27e8e3c-43a4-4c60-a0e1-73fafa80b8fa,11/23/2025,52b57f57-fb19-502a-8559-75de79d57df2,GitHub,Copilot,Global,Business User,0.466667,8.866667
Actin-Azure Sponsorship,c27e8e3c-43a4-4c60-a0e1-73fafa80b8fa,11/24/2025,52b57f57-fb19-502a-8559-75de79d57df2,GitHub,Copilot,Global,Business User,0.466667,8.866667
Actin-Azure Sponsorship,c27e8e3c-43a4-4c60-a0e1-73fafa80b8fa,11/25/2025,52b57f57-fb19-502a-8559-75de79d57df2,GitHub,Copilot,Global,Business User,0.466667,8.866667
Actin-Azure Sponsorship,c27e8e3c-43a4-4c60-a0e1-73fafa80b8fa,11/26/2025,52b57f57-fb19-502a-8559-75de79d57df2,GitHub,Copilot,Global,Business User,0.466667,8.866667
Actin-Azure Sponsorship,c27e8e3c-43a4-4c60-a0e1-73fafa80b8fa,11/27/2025,52b57f57-fb19-502a-8559-75de79d57df2,GitHub,Copilot,Global,Business User,0.466667,8.866667
Actin-Azure Sponsorship,c27e8e3c-43a4-4c60-a0e1-73fafa80b8fa,11/28/2025,52b57f57-fb19-502a-8559-75de79d57df2,GitHub,Copilot,Global,Business User,0.466667,8.866667
Actin-Azure Sponsorship,c27e8e3c-43a4-4c60-a0e1-73fafa80b8fa,11/29/2025,52b57f57-fb19-502a-8559-75de79d57df2,GitHub,Copilot,Global,Business User,0.466667,8.866667
Actin-Azure Sponsorship,c27e8e3c-43a4-4c60-a0e1-73fafa80b8fa,11/30/2025,52b57f57-fb19-502a-8559-75de79d57df2,GitHub,Copilot,Global,Business User,0.466667,8.866667
Actin-Azure Sponsorship,c27e8e3c-43a4-4c60-a0e1-73fafa80b8fa,11-01-2025,94cadb5b-aa3f-5e96-a8db-7a4778b11616,Azure Database for PostgreSQL,Flexible Server Storage,IN Central,Storage Data Stored,1.066656,0.139728
Actin-Azure Sponsorship,c27e8e3c-43a4-4c60-a0e1-73fafa80b8fa,11-02-2025,94cadb5b-aa3f-5e96-a8db-7a4778b11616,Azure Database for PostgreSQL,Flexible Server Storage,IN Central,Storage Data Stored,1.066656,0.139728
Actin-Azure Sponsorship,c27e8e3c-43a4-4c60-a0e1-73fafa80b8fa,11-03-2025,94cadb5b-aa3f-5e96-a8db-7a4778b11616,Azure Database for PostgreSQL,Flexible Server Storage,IN Central,Storage Data Stored,1.066656,0.139728
Actin-Azure Sponsorship,c27e8e3c-43a4-4c60-a0e1-73fafa80b8fa,11-04-2025,94cadb5b-aa3f-5e96-a8db-7a4778b11616,Azure Database for PostgreSQL,Flexible Server Storage,IN Central,Storage Data Stored,1.066656,0.139728
Actin-Azure Sponsorship,c27e8e3c-43a4-4c60-a0e1-73fafa80b8fa,11-05-2025,94cadb5b-aa3f-5e96-a8db-7a4778b11616,Azure Database for PostgreSQL,Flexible Server Storage,IN Central,Storage Data Stored,1.066656,0.139728
Actin-Azure Sponsorship,c27e8e3c-43a4-4c60-a0e1-73fafa80b8fa,11-06-2025,94cadb5b-aa3f-5e96-a8db-7a4778b11616,Azure Database for PostgreSQL,Flexible Server Storage,IN Central,Storage Data Stored,1.066656,0.139728
Actin-Azure Sponsorship,c27e8e3c-43a4-4c60-a0e1-73fafa80b8fa,11-07-2025,94cadb5b-aa3f-5e96-a8db-7a4778b11616,Azure Database for PostgreSQL,Flexible Server Storage,IN Central,Storage Data Stored,1.066656,0.139728
Actin-Azure Sponsorship,c27e8e3c-43a4-4c60-a0e1-73fafa80b8fa,11-08-2025,94cadb5b-aa3f-5e96-a8db-7a4778b11616,Azure Database for PostgreSQL,Flexible Server Storage,IN Central,Storage Data Stored,1.066656,0.139728
Actin-Azure Sponsorship,c27e8e3c-43a4-4c60-a0e1-73fafa80b8fa,11-09-2025,94cadb5b-aa3f-5e96-a8db-7a4778b11616,Azure Database for PostgreSQL,Flexible Server Storage,IN Central,Storage Data Stored,1.066656,0.139728
Actin-Azure Sponsorship,c27e8e3c-43a4-4c60-a0e1-73fafa80b8fa,11-10-2025,94cadb5b-aa3f-5e96-a8db-7a4778b11616,Azure Database for PostgreSQL,Flexible Server Storage,IN Central,Storage Data Stored,1.066656,0.139728
Actin-Azure Sponsorship,c27e8e3c-43a4-4c60-a0e1-73fafa80b8fa,11-11-2025,94cadb5b-aa3f-5e96-a8db-7a4778b11616,Azure Database for PostgreSQL,Flexible Server Storage,IN Central,Storage Data Stored,1.066656,0.139728
Actin-Azure Sponsorship,c27e8e3c-43a4-4c60-a0e1-73fafa80b8fa,11-12-2025,94cadb5b-aa3f-5e96-a8db-7a4778b11616,Azure Database for PostgreSQL,Flexible Server Storage,IN Central,Storage Data Stored,1.066656,0.139728
Actin-Azure Sponsorship,c27e8e3c-43a4-4c60-a0e1-73fafa80b8fa,11/13/2025,94cadb5b-aa3f-5e96-a8db-7a4778b11616,Azure Database for PostgreSQL,Flexible Server Storage,IN Central,Storage Data Stored,1.066656,0.139728
Actin-Azure Sponsorship,c27e8e3c-43a4-4c60-a0e1-73fafa80b8fa,11/14/2025,94cadb5b-aa3f-5e96-a8db-7a4778b11616,Azure Database for PostgreSQL,Flexible Server Storage,IN Central,Storage Data Stored,1.066656,0.139728
Actin-Azure Sponsorship,c27e8e3c-43a4-4c60-a0e1-73fafa80b8fa,11/15/2025,94cadb5b-aa3f-5e96-a8db-7a4778b11616,Azure Database for PostgreSQL,Flexible Server Storage,IN Central,Storage Data Stored,1.066656,0.139728
Actin-Azure Sponsorship,c27e8e3c-43a4-4c60-a0e1-73fafa80b8fa,11/16/2025,94cadb5b-aa3f-5e96-a8db-7a4778b11616,Azure Database for PostgreSQL,Flexible Server Storage,IN Central,Storage Data Stored,1.066656,0.139728
Actin-Azure Sponsorship,c27e8e3c-43a4-4c60-a0e1-73fafa80b8fa,11/17/2025,94cadb5b-aa3f-5e96-a8db-7a4778b11616,Azure Database for PostgreSQL,Flexible Server Storage,IN Central,Storage Data Stored,1.066656,0.139728
Actin-Azure Sponsorship,c27e8e3c-43a4-4c60-a0e1-73fafa80b8fa,11/18/2025,94cadb5b-aa3f-5e96-a8db-7a4778b11616,Azure Database for PostgreSQL,Flexible Server Storage,IN Central,Storage Data Stored,1.066656,0.139728
Actin-Azure Sponsorship,c27e8e3c-43a4-4c60-a0e1-73fafa80b8fa,11/19/2025,94cadb5b-aa3f-5e96-a8db-7a4778b11616,Azure Database for PostgreSQL,Flexible Server Storage,IN Central,Storage Data Stored,1.066656,0.139728
Actin-Azure Sponsorship,c27e8e3c-43a4-4c60-a0e1-73fafa80b8fa,11/20/2025,94cadb5b-aa3f-5e96-a8db-7a4778b11616,Azure Database for PostgreSQL,Flexible Server Storage,IN Central,Storage Data Stored,1.066656,0.139728
Actin-Azure Sponsorship,c27e8e3c-43a4-4c60-a0e1-73fafa80b8fa,11/21/2025,94cadb5b-aa3f-5e96-a8db-7a4778b11616,Azure Database for PostgreSQL,Flexible Server Storage,IN Central,Storage Data Stored,1.066656,0.139728
Actin-Azure Sponsorship,c27e8e3c-43a4-4c60-a0e1-73fafa80b8fa,11/22/2025,94cadb5b-aa3f-5e96-a8db-7a4778b11616,Azure Database for PostgreSQL,Flexible Server Storage,IN Central,Storage Data Stored,1.066656,0.139728
Actin-Azure Sponsorship,c27e8e3c-43a4-4c60-a0e1-73fafa80b8fa,11/23/2025,94cadb5b-aa3f-5e96-a8db-7a4778b11616,Azure Database for PostgreSQL,Flexible Server Storage,IN Central,Storage Data Stored,1.066656,0.139728
Actin-Azure Sponsorship,c27e8e3c-43a4-4c60-a0e1-73fafa80b8fa,11/24/2025,94cadb5b-aa3f-5e96-a8db-7a4778b11616,Azure Database for PostgreSQL,Flexible Server Storage,IN Central,Storage Data Stored,1.066656,0.139728
Actin-Azure Sponsorship,c27e8e3c-43a4-4c60-a0e1-73fafa80b8fa,11/25/2025,94cadb5b-aa3f-5e96-a8db-7a4778b11616,Azure Database for PostgreSQL,Flexible Server Storage,IN Central,Storage Data Stored,1.066656,0.139728
Actin-Azure Sponsorship,c27e8e3c-43a4-4c60-a0e1-73fafa80b8fa,11/26/2025,94cadb5b-aa3f-5e96-a8db-7a4778b11616,Azure Database for PostgreSQL,Flexible Server Storage,IN Central,Storage Data Stored,1.066656,0.139728
Actin-Azure Sponsorship,c27e8e3c-43a4-4c60-a0e1-73fafa80b8fa,11/27/2025,94cadb5b-aa3f-5e96-a8db-7a4778b11616,Azure Database for PostgreSQL,Flexible Server Storage,IN Central,Storage Data Stored,1.066656,0.139728
Actin-Azure Sponsorship,c27e8e3c-43a4-4c60-a0e1-73fafa80b8fa,11/28/2025,94cadb5b-aa3f-5e96-a8db-7a4778b11616,Azure Database for PostgreSQL,Flexible Server Storage,IN Central,Storage Data Stored,1.066656,0.139728
Actin-Azure Sponsorship,c27e8e3c-43a4-4c60-a0e1-73fafa80b8fa,11/29/2025,94cadb5b-aa3f-5e96-a8db-7a4778b11616,Azure Database for PostgreSQL,Flexible Server Storage,IN Central,Storage Data Stored,1.066656,0.139728
Actin-Azure Sponsorship,c27e8e3c-43a4-4c60-a0e1-73fafa80b8fa,11/30/2025,94cadb5b-aa3f-5e96-a8db-7a4778b11616,Azure Database for PostgreSQL,Flexible Server Storage,IN Central,Storage Data Stored,1.066656,0.139728
Actin-Azure Sponsorship,c27e8e3c-43a4-4c60-a0e1-73fafa80b8fa,11-06-2025,9995d93a-7d35-4d3f-9c69-7a7fea447ef4,Bandwidth,Rtn Preference: MGN,All,Standard Data Transfer Out,0.045123,0.003922
Actin-Azure Sponsorship,c27e8e3c-43a4-4c60-a0e1-73fafa80b8fa,11-07-2025,9995d93a-7d35-4d3f-9c69-7a7fea447ef4,Bandwidth,Rtn Preference: MGN,All,Standard Data Transfer Out,0.00515,0.000448
Actin-Azure Sponsorship,c27e8e3c-43a4-4c60-a0e1-73fafa80b8fa,11-08-2025,9995d93a-7d35-4d3f-9c69-7a7fea447ef4,Bandwidth,Rtn Preference: MGN,All,Standard Data Transfer Out,0.002431,0.000214
Actin-Azure Sponsorship,c27e8e3c-43a4-4c60-a0e1-73fafa80b8fa,11-09-2025,9995d93a-7d35-4d3f-9c69-7a7fea447ef4,Bandwidth,Rtn Preference: MGN,All,Standard Data Transfer Out,0.003075,0.000267
Actin-Azure Sponsorship,c27e8e3c-43a4-4c60-a0e1-73fafa80b8fa,11-10-2025,9995d93a-7d35-4d3f-9c69-7a7fea447ef4,Bandwidth,Rtn Preference: MGN,All,Standard Data Transfer Out,0.103177,0.008974
Actin-Azure Sponsorship,c27e8e3c-43a4-4c60-a0e1-73fafa80b8fa,11-11-2025,9995d93a-7d35-4d3f-9c69-7a7fea447ef4,Bandwidth,Rtn Preference: MGN,All,Standard Data Transfer Out,0.007231,0.00063
Actin-Azure Sponsorship,c27e8e3c-43a4-4c60-a0e1-73fafa80b8fa,11-12-2025,9995d93a-7d35-4d3f-9c69-7a7fea447ef4,Bandwidth,Rtn Preference: MGN,All,Standard Data Transfer Out,0.018248,0.001585
Actin-Azure Sponsorship,c27e8e3c-43a4-4c60-a0e1-73fafa80b8fa,11/13/2025,9995d93a-7d35-4d3f-9c69-7a7fea447ef4,Bandwidth,Rtn Preference: MGN,All,Standard Data Transfer Out,0.22827,0.019859
Actin-Azure Sponsorship,c27e8e3c-43a4-4c60-a0e1-73fafa80b8fa,11/14/2025,9995d93a-7d35-4d3f-9c69-7a7fea447ef4,Bandwidth,Rtn Preference: MGN,All,Standard Data Transfer Out,0.110449,0.009612
Actin-Azure Sponsorship,c27e8e3c-43a4-4c60-a0e1-73fafa80b8fa,11/15/2025,9995d93a-7d35-4d3f-9c69-7a7fea447ef4,Bandwidth,Rtn Preference: MGN,All,Standard Data Transfer Out,0.012005,0.001043
Actin-Azure Sponsorship,c27e8e3c-43a4-4c60-a0e1-73fafa80b8fa,11/16/2025,9995d93a-7d35-4d3f-9c69-7a7fea447ef4,Bandwidth,Rtn Preference: MGN,All,Standard Data Transfer Out,0.016236,0.001411
Actin-Azure Sponsorship,c27e8e3c-43a4-4c60-a0e1-73fafa80b8fa,11/17/2025,9995d93a-7d35-4d3f-9c69-7a7fea447ef4,Bandwidth,Rtn Preference: MGN,All,Standard Data Transfer Out,0.049825,0.004331
Actin-Azure Sponsorship,c27e8e3c-43a4-4c60-a0e1-73fafa80b8fa,11/18/2025,9995d93a-7d35-4d3f-9c69-7a7fea447ef4,Bandwidth,Rtn Preference: MGN,All,Standard Data Transfer Out,0.093183,0.008107
Actin-Azure Sponsorship,c27e8e3c-43a4-4c60-a0e1-73fafa80b8fa,11/19/2025,9995d93a-7d35-4d3f-9c69-7a7fea447ef4,Bandwidth,Rtn Preference: MGN,All,Standard Data Transfer Out,3.629428,0.31576
Actin-Azure Sponsorship,c27e8e3c-43a4-4c60-a0e1-73fafa80b8fa,11/20/2025,9995d93a-7d35-4d3f-9c69-7a7fea447ef4,Bandwidth,Rtn Preference: MGN,All,Standard Data Transfer Out,3.80859,0.331351
Actin-Azure Sponsorship,c27e8e3c-43a4-4c60-a0e1-73fafa80b8fa,11/21/2025,9995d93a-7d35-4d3f-9c69-7a7fea447ef4,Bandwidth,Rtn Preference: MGN,All,Standard Data Transfer Out,0.065866,0.005727
Actin-Azure Sponsorship,c27e8e3c-43a4-4c60-a0e1-73fafa80b8fa,11/22/2025,9995d93a-7d35-4d3f-9c69-7a7fea447ef4,Bandwidth,Rtn Preference: MGN,All,Standard Data Transfer Out,0.007098,0.000619
Actin-Azure Sponsorship,c27e8e3c-43a4-4c60-a0e1-73fafa80b8fa,11/23/2025,9995d93a-7d35-4d3f-9c69-7a7fea447ef4,Bandwidth,Rtn Preference: MGN,All,Standard Data Transfer Out,0.007649,0.000666
Actin-Azure Sponsorship,c27e8e3c-43a4-4c60-a0e1-73fafa80b8fa,11/24/2025,9995d93a-7d35-4d3f-9c69-7a7fea447ef4,Bandwidth,Rtn Preference: MGN,All,Standard Data Transfer Out,0.027238,0.002368
Actin-Azure Sponsorship,c27e8e3c-43a4-4c60-a0e1-73fafa80b8fa,11/25/2025,9995d93a-7d35-4d3f-9c69-7a7fea447ef4,Bandwidth,Rtn Preference: MGN,All,Standard Data Transfer Out,0.016245,0.001412
Actin-Azure Sponsorship,c27e8e3c-43a4-4c60-a0e1-73fafa80b8fa,11/26/2025,9995d93a-7d35-4d3f-9c69-7a7fea447ef4,Bandwidth,Rtn Preference: MGN,All,Standard Data Transfer Out,0.054787,0.004763
Actin-Azure Sponsorship,c27e8e3c-43a4-4c60-a0e1-73fafa80b8fa,11/27/2025,9995d93a-7d35-4d3f-9c69-7a7fea447ef4,Bandwidth,Rtn Preference: MGN,All,Standard Data Transfer Out,0.072905,0.006341
Actin-Azure Sponsorship,c27e8e3c-43a4-4c60-a0e1-73fafa80b8fa,11/28/2025,9995d93a-7d35-4d3f-9c69-7a7fea447ef4,Bandwidth,Rtn Preference: MGN,All,Standard Data Transfer Out,0.076713,0.00667
Actin-Azure Sponsorship,c27e8e3c-43a4-4c60-a0e1-73fafa80b8fa,11/29/2025,9995d93a-7d35-4d3f-9c69-7a7fea447ef4,Bandwidth,Rtn Preference: MGN,All,Standard Data Transfer Out,0.011005,0.000958
Actin-Azure Sponsorship,c27e8e3c-43a4-4c60-a0e1-73fafa80b8fa,11/30/2025,9995d93a-7d35-4d3f-9c69-7a7fea447ef4,Bandwidth,Rtn Preference: MGN,All,Standard Data Transfer Out,0.011747,0.001023
Actin-Azure Sponsorship,c27e8e3c-43a4-4c60-a0e1-73fafa80b8fa,11-01-2025,36444397-7301-555d-859f-7df21e879b2b,Storage,Blob Features,IN Central,Data Geo Priority Replication GRS Data Replicated,0.01113,0.000168
Actin-Azure Sponsorship,c27e8e3c-43a4-4c60-a0e1-73fafa80b8fa,11-02-2025,36444397-7301-555d-859f-7df21e879b2b,Storage,Blob Features,IN Central,Data Geo Priority Replication GRS Data Replicated,0.011132,0.000168
Actin-Azure Sponsorship,c27e8e3c-43a4-4c60-a0e1-73fafa80b8fa,11-03-2025,36444397-7301-555d-859f-7df21e879b2b,Storage,Blob Features,IN Central,Data Geo Priority Replication GRS Data Replicated,0.011129,0.000168
Actin-Azure Sponsorship,c27e8e3c-43a4-4c60-a0e1-73fafa80b8fa,11-04-2025,36444397-7301-555d-859f-7df21e879b2b,Storage,Blob Features,IN Central,Data Geo Priority Replication GRS Data Replicated,0.00102,0.000015
Actin-Azure Sponsorship,c27e8e3c-43a4-4c60-a0e1-73fafa80b8fa,11-01-2025,9a62200c-d023-4b9d-8fba-7f1880c71d01,Storage,Standard SSD Managed Disks,IN Central,E6 LRS Disk,0.033336,0.176016
Actin-Azure Sponsorship,c27e8e3c-43a4-4c60-a0e1-73fafa80b8fa,11-02-2025,9a62200c-d023-4b9d-8fba-7f1880c71d01,Storage,Standard SSD Managed Disks,IN Central,E6 LRS Disk,0.033336,0.176016
Actin-Azure Sponsorship,c27e8e3c-43a4-4c60-a0e1-73fafa80b8fa,11-03-2025,9a62200c-d023-4b9d-8fba-7f1880c71d01,Storage,Standard SSD Managed Disks,IN Central,E6 LRS Disk,0.033336,0.176016
Actin-Azure Sponsorship,c27e8e3c-43a4-4c60-a0e1-73fafa80b8fa,11-04-2025,9a62200c-d023-4b9d-8fba-7f1880c71d01,Storage,Standard SSD Managed Disks,IN Central,E6 LRS Disk,0.033336,0.176016
Actin-Azure Sponsorship,c27e8e3c-43a4-4c60-a0e1-73fafa80b8fa,11-05-2025,9a62200c-d023-4b9d-8fba-7f1880c71d01,Storage,Standard SSD Managed Disks,IN Central,E6 LRS Disk,0.033336,0.176016
Actin-Azure Sponsorship,c27e8e3c-43a4-4c60-a0e1-73fafa80b8fa,11-06-2025,9a62200c-d023-4b9d-8fba-7f1880c71d01,Storage,Standard SSD Managed Disks,IN Central,E6 LRS Disk,0.033336,0.176016
Actin-Azure Sponsorship,c27e8e3c-43a4-4c60-a0e1-73fafa80b8fa,11-07-2025,9a62200c-d023-4b9d-8fba-7f1880c71d01,Storage,Standard SSD Managed Disks,IN Central,E6 LRS Disk,0.033336,0.176016
Actin-Azure Sponsorship,c27e8e3c-43a4-4c60-a0e1-73fafa80b8fa,11-08-2025,9a62200c-d023-4b9d-8fba-7f1880c71d01,Storage,Standard SSD Managed Disks,IN Central,E6 LRS Disk,0.033336,0.176016
Actin-Azure Sponsorship,c27e8e3c-43a4-4c60-a0e1-73fafa80b8fa,11-09-2025,9a62200c-d023-4b9d-8fba-7f1880c71d01,Storage,Standard SSD Managed Disks,IN Central,E6 LRS Disk,0.033336,0.176016
Actin-Azure Sponsorship,c27e8e3c-43a4-4c60-a0e1-73fafa80b8fa,11-10-2025,9a62200c-d023-4b9d-8fba-7f1880c71d01,Storage,Standard SSD Managed Disks,IN Central,E6 LRS Disk,0.033336,0.176016
Actin-Azure Sponsorship,c27e8e3c-43a4-4c60-a0e1-73fafa80b8fa,11-11-2025,9a62200c-d023-4b9d-8fba-7f1880c71d01,Storage,Standard SSD Managed Disks,IN Central,E6 LRS Disk,0.033336,0.176016
Actin-Azure Sponsorship,c27e8e3c-43a4-4c60-a0e1-73fafa80b8fa,11-12-2025,9a62200c-d023-4b9d-8fba-7f1880c71d01,Storage,Standard SSD Managed Disks,IN Central,E6 LRS Disk,0.033336,0.176016
Actin-Azure Sponsorship,c27e8e3c-43a4-4c60-a0e1-73fafa80b8fa,11/13/2025,9a62200c-d023-4b9d-8fba-7f1880c71d01,Storage,Standard SSD Managed Disks,IN Central,E6 LRS Disk,0.033336,0.176016
Actin-Azure Sponsorship,c27e8e3c-43a4-4c60-a0e1-73fafa80b8fa,11/14/2025,9a62200c-d023-4b9d-8fba-7f1880c71d01,Storage,Standard SSD Managed Disks,IN Central,E6 LRS Disk,0.033336,0.176016
Actin-Azure Sponsorship,c27e8e3c-43a4-4c60-a0e1-73fafa80b8fa,11/15/2025,9a62200c-d023-4b9d-8fba-7f1880c71d01,Storage,Standard SSD Managed Disks,IN Central,E6 LRS Disk,0.033336,0.176016
Actin-Azure Sponsorship,c27e8e3c-43a4-4c60-a0e1-73fafa80b8fa,11/16/2025,9a62200c-d023-4b9d-8fba-7f1880c71d01,Storage,Standard SSD Managed Disks,IN Central,E6 LRS Disk,0.033336,0.176016
Actin-Azure Sponsorship,c27e8e3c-43a4-4c60-a0e1-73fafa80b8fa,11/17/2025,9a62200c-d023-4b9d-8fba-7f1880c71d01,Storage,Standard SSD Managed Disks,IN Central,E6 LRS Disk,0.033336,0.176016
Actin-Azure Sponsorship,c27e8e3c-43a4-4c60-a0e1-73fafa80b8fa,11/18/2025,9a62200c-d023-4b9d-8fba-7f1880c71d01,Storage,Standard SSD Managed Disks,IN Central,E6 LRS Disk,0.033336,0.176016
Actin-Azure Sponsorship,c27e8e3c-43a4-4c60-a0e1-73fafa80b8fa,11/19/2025,9a62200c-d023-4b9d-8fba-7f1880c71d01,Storage,Standard SSD Managed Disks,IN Central,E6 LRS Disk,0.033336,0.176016
Actin-Azure Sponsorship,c27e8e3c-43a4-4c60-a0e1-73fafa80b8fa,11/20/2025,9a62200c-d023-4b9d-8fba-7f1880c71d01,Storage,Standard SSD Managed Disks,IN Central,E6 LRS Disk,0.033336,0.176016
Actin-Azure Sponsorship,c27e8e3c-43a4-4c60-a0e1-73fafa80b8fa,11/21/2025,9a62200c-d023-4b9d-8fba-7f1880c71d01,Storage,Standard SSD Managed Disks,IN Central,E6 LRS Disk,0.033336,0.176016
Actin-Azure Sponsorship,c27e8e3c-43a4-4c60-a0e1-73fafa80b8fa,11/22/2025,9a62200c-d023-4b9d-8fba-7f1880c71d01,Storage,Standard SSD Managed Disks,IN Central,E6 LRS Disk,0.033336,0.176016
Actin-Azure Sponsorship,c27e8e3c-43a4-4c60-a0e1-73fafa80b8fa,11/23/2025,9a62200c-d023-4b9d-8fba-7f1880c71d01,Storage,Standard SSD Managed Disks,IN Central,E6 LRS Disk,0.033336,0.176016
Actin-Azure Sponsorship,c27e8e3c-43a4-4c60-a0e1-73fafa80b8fa,11/24/2025,9a62200c-d023-4b9d-8fba-7f1880c71d01,Storage,Standard SSD Managed Disks,IN Central,E6 LRS Disk,0.033336,0.176016
Actin-Azure Sponsorship,c27e8e3c-43a4-4c60-a0e1-73fafa80b8fa,11/25/2025,9a62200c-d023-4b9d-8fba-7f1880c71d01,Storage,Standard SSD Managed Disks,IN Central,E6 LRS Disk,0.033336,0.176016
Actin-Azure Sponsorship,c27e8e3c-43a4-4c60-a0e1-73fafa80b8fa,11/26/2025,9a62200c-d023-4b9d-8fba-7f1880c71d01,Storage,Standard SSD Managed Disks,IN Central,E6 LRS Disk,0.033336,0.176016
Actin-Azure Sponsorship,c27e8e3c-43a4-4c60-a0e1-73fafa80b8fa,11/27/2025,9a62200c-d023-4b9d-8fba-7f1880c71d01,Storage,Standard SSD Managed Disks,IN Central,E6 LRS Disk,0.033336,0.176016
Actin-Azure Sponsorship,c27e8e3c-43a4-4c60-a0e1-73fafa80b8fa,11/28/2025,9a62200c-d023-4b9d-8fba-7f1880c71d01,Storage,Standard SSD Managed Disks,IN Central,E6 LRS Disk,0.033336,0.176016
Actin-Azure Sponsorship,c27e8e3c-43a4-4c60-a0e1-73fafa80b8fa,11/29/2025,9a62200c-d023-4b9d-8fba-7f1880c71d01,Storage,Standard SSD Managed Disks,IN Central,E6 LRS Disk,0.033336,0.176016
Actin-Azure Sponsorship,c27e8e3c-43a4-4c60-a0e1-73fafa80b8fa,11/30/2025,9a62200c-d023-4b9d-8fba-7f1880c71d01,Storage,Standard SSD Managed Disks,IN Central,E6 LRS Disk,0.033336,0.176016
Actin-Azure Sponsorship,c27e8e3c-43a4-4c60-a0e1-73fafa80b8fa,11-01-2025,cda73cca-973a-4b06-8b47-8aaf63759965,Azure Cosmos DB,All,IN Central,100 RU/s,96,0.8736
Actin-Azure Sponsorship,c27e8e3c-43a4-4c60-a0e1-73fafa80b8fa,11-02-2025,cda73cca-973a-4b06-8b47-8aaf63759965,Azure Cosmos DB,All,IN Central,100 RU/s,96,0.8736
Actin-Azure Sponsorship,c27e8e3c-43a4-4c60-a0e1-73fafa80b8fa,11-03-2025,cda73cca-973a-4b06-8b47-8aaf63759965,Azure Cosmos DB,All,IN Central,100 RU/s,96,0.8736
Actin-Azure Sponsorship,c27e8e3c-43a4-4c60-a0e1-73fafa80b8fa,11-04-2025,cda73cca-973a-4b06-8b47-8aaf63759965,Azure Cosmos DB,All,IN Central,100 RU/s,96,0.8736
Actin-Azure Sponsorship,c27e8e3c-43a4-4c60-a0e1-73fafa80b8fa,11-05-2025,cda73cca-973a-4b06-8b47-8aaf63759965,Azure Cosmos DB,All,IN Central,100 RU/s,96,0.8736
Actin-Azure Sponsorship,c27e8e3c-43a4-4c60-a0e1-73fafa80b8fa,11-06-2025,cda73cca-973a-4b06-8b47-8aaf63759965,Azure Cosmos DB,All,IN Central,100 RU/s,96,0.8736
Actin-Azure Sponsorship,c27e8e3c-43a4-4c60-a0e1-73fafa80b8fa,11-07-2025,cda73cca-973a-4b06-8b47-8aaf63759965,Azure Cosmos DB,All,IN Central,100 RU/s,96,0.8736
Actin-Azure Sponsorship,c27e8e3c-43a4-4c60-a0e1-73fafa80b8fa,11-08-2025,cda73cca-973a-4b06-8b47-8aaf63759965,Azure Cosmos DB,All,IN Central,100 RU/s,96,0.8736
Actin-Azure Sponsorship,c27e8e3c-43a4-4c60-a0e1-73fafa80b8fa,11-09-2025,cda73cca-973a-4b06-8b47-8aaf63759965,Azure Cosmos DB,All,IN Central,100 RU/s,96,0.8736
Actin-Azure Sponsorship,c27e8e3c-43a4-4c60-a0e1-73fafa80b8fa,11-10-2025,cda73cca-973a-4b06-8b47-8aaf63759965,Azure Cosmos DB,All,IN Central,100 RU/s,96,0.8736
Actin-Azure Sponsorship,c27e8e3c-43a4-4c60-a0e1-73fafa80b8fa,11-11-2025,cda73cca-973a-4b06-8b47-8aaf63759965,Azure Cosmos DB,All,IN Central,100 RU/s,96,0.8736
Actin-Azure Sponsorship,c27e8e3c-43a4-4c60-a0e1-73fafa80b8fa,11-12-2025,cda73cca-973a-4b06-8b47-8aaf63759965,Azure Cosmos DB,All,IN Central,100 RU/s,96,0.8736
Actin-Azure Sponsorship,c27e8e3c-43a4-4c60-a0e1-73fafa80b8fa,11/13/2025,cda73cca-973a-4b06-8b47-8aaf63759965,Azure Cosmos DB,All,IN Central,100 RU/s,96,0.8736
Actin-Azure Sponsorship,c27e8e3c-43a4-4c60-a0e1-73fafa80b8fa,11/14/2025,cda73cca-973a-4b06-8b47-8aaf63759965,Azure Cosmos DB,All,IN Central,100 RU/s,96,0.8736
Actin-Azure Sponsorship,c27e8e3c-43a4-4c60-a0e1-73fafa80b8fa,11/15/2025,cda73cca-973a-4b06-8b47-8aaf63759965,Azure Cosmos DB,All,IN Central,100 RU/s,96,0.8736
Actin-Azure Sponsorship,c27e8e3c-43a4-4c60-a0e1-73fafa80b8fa,11/16/2025,cda73cca-973a-4b06-8b47-8aaf63759965,Azure Cosmos DB,All,IN Central,100 RU/s,96,0.8736
Actin-Azure Sponsorship,c27e8e3c-43a4-4c60-a0e1-73fafa80b8fa,11/17/2025,cda73cca-973a-4b06-8b47-8aaf63759965,Azure Cosmos DB,All,IN Central,100 RU/s,96,0.8736
Actin-Azure Sponsorship,c27e8e3c-43a4-4c60-a0e1-73fafa80b8fa,11/18/2025,cda73cca-973a-4b06-8b47-8aaf63759965,Azure Cosmos DB,All,IN Central,100 RU/s,96,0.8736
Actin-Azure Sponsorship,c27e8e3c-43a4-4c60-a0e1-73fafa80b8fa,11/19/2025,cda73cca-973a-4b06-8b47-8aaf63759965,Azure Cosmos DB,All,IN Central,100 RU/s,96,0.8736
Actin-Azure Sponsorship,c27e8e3c-43a4-4c60-a0e1-73fafa80b8fa,11/20/2025,cda73cca-973a-4b06-8b47-8aaf63759965,Azure Cosmos DB,All,IN Central,100 RU/s,96,0.8736
Actin-Azure Sponsorship,c27e8e3c-43a4-4c60-a0e1-73fafa80b8fa,11/21/2025,cda73cca-973a-4b06-8b47-8aaf63759965,Azure Cosmos DB,All,IN Central,100 RU/s,96,0.8736
Actin-Azure Sponsorship,c27e8e3c-43a4-4c60-a0e1-73fafa80b8fa,11/22/2025,cda73cca-973a-4b06-8b47-8aaf63759965,Azure Cosmos DB,All,IN Central,100 RU/s,96,0.8736
Actin-Azure Sponsorship,c27e8e3c-43a4-4c60-a0e1-73fafa80b8fa,11/23/2025,cda73cca-973a-4b06-8b47-8aaf63759965,Azure Cosmos DB,All,IN Central,100 RU/s,96,0.8736
Actin-Azure Sponsorship,c27e8e3c-43a4-4c60-a0e1-73fafa80b8fa,11/24/2025,cda73cca-973a-4b06-8b47-8aaf63759965,Azure Cosmos DB,All,IN Central,100 RU/s,96,0.8736
Actin-Azure Sponsorship,c27e8e3c-43a4-4c60-a0e1-73fafa80b8fa,11/25/2025,cda73cca-973a-4b06-8b47-8aaf63759965,Azure Cosmos DB,All,IN Central,100 RU/s,96,0.8736
Actin-Azure Sponsorship,c27e8e3c-43a4-4c60-a0e1-73fafa80b8fa,11/26/2025,cda73cca-973a-4b06-8b47-8aaf63759965,Azure Cosmos DB,All,IN Central,100 RU/s,96,0.8736
Actin-Azure Sponsorship,c27e8e3c-43a4-4c60-a0e1-73fafa80b8fa,11/27/2025,cda73cca-973a-4b06-8b47-8aaf63759965,Azure Cosmos DB,All,IN Central,100 RU/s,96,0.8736
Actin-Azure Sponsorship,c27e8e3c-43a4-4c60-a0e1-73fafa80b8fa,11/28/2025,cda73cca-973a-4b06-8b47-8aaf63759965,Azure Cosmos DB,All,IN Central,100 RU/s,96,0.8736
Actin-Azure Sponsorship,c27e8e3c-43a4-4c60-a0e1-73fafa80b8fa,11/29/2025,cda73cca-973a-4b06-8b47-8aaf63759965,Azure Cosmos DB,All,IN Central,100 RU/s,96,0.8736
Actin-Azure Sponsorship,c27e8e3c-43a4-4c60-a0e1-73fafa80b8fa,11/30/2025,cda73cca-973a-4b06-8b47-8aaf63759965,Azure Cosmos DB,All,IN Central,100 RU/s,96,0.8736
Actin-Azure Sponsorship,c27e8e3c-43a4-4c60-a0e1-73fafa80b8fa,11-01-2025,1adb9ebc-c08f-426d-9aa4-8af9de7b6d74,Virtual Machines Licenses,SQL Server Developer Edition,Global,Developer License,24,0
Actin-Azure Sponsorship,c27e8e3c-43a4-4c60-a0e1-73fafa80b8fa,11-02-2025,1adb9ebc-c08f-426d-9aa4-8af9de7b6d74,Virtual Machines Licenses,SQL Server Developer Edition,Global,Developer License,24,0
Actin-Azure Sponsorship,c27e8e3c-43a4-4c60-a0e1-73fafa80b8fa,11-03-2025,1adb9ebc-c08f-426d-9aa4-8af9de7b6d74,Virtual Machines Licenses,SQL Server Developer Edition,Global,Developer License,24,0
Actin-Azure Sponsorship,c27e8e3c-43a4-4c60-a0e1-73fafa80b8fa,11-04-2025,1adb9ebc-c08f-426d-9aa4-8af9de7b6d74,Virtual Machines Licenses,SQL Server Developer Edition,Global,Developer License,24,0
Actin-Azure Sponsorship,c27e8e3c-43a4-4c60-a0e1-73fafa80b8fa,11-05-2025,1adb9ebc-c08f-426d-9aa4-8af9de7b6d74,Virtual Machines Licenses,SQL Server Developer Edition,Global,Developer License,24,0
Actin-Azure Sponsorship,c27e8e3c-43a4-4c60-a0e1-73fafa80b8fa,11-06-2025,1adb9ebc-c08f-426d-9aa4-8af9de7b6d74,Virtual Machines Licenses,SQL Server Developer Edition,Global,Developer License,24,0
Actin-Azure Sponsorship,c27e8e3c-43a4-4c60-a0e1-73fafa80b8fa,11-07-2025,1adb9ebc-c08f-426d-9aa4-8af9de7b6d74,Virtual Machines Licenses,SQL Server Developer Edition,Global,Developer License,24,0
Actin-Azure Sponsorship,c27e8e3c-43a4-4c60-a0e1-73fafa80b8fa,11-08-2025,1adb9ebc-c08f-426d-9aa4-8af9de7b6d74,Virtual Machines Licenses,SQL Server Developer Edition,Global,Developer License,23.983353,0
Actin-Azure Sponsorship,c27e8e3c-43a4-4c60-a0e1-73fafa80b8fa,11-09-2025,1adb9ebc-c08f-426d-9aa4-8af9de7b6d74,Virtual Machines Licenses,SQL Server Developer Edition,Global,Developer License,24,0
Actin-Azure Sponsorship,c27e8e3c-43a4-4c60-a0e1-73fafa80b8fa,11-10-2025,1adb9ebc-c08f-426d-9aa4-8af9de7b6d74,Virtual Machines Licenses,SQL Server Developer Edition,Global,Developer License,24,0
Actin-Azure Sponsorship,c27e8e3c-43a4-4c60-a0e1-73fafa80b8fa,11-11-2025,1adb9ebc-c08f-426d-9aa4-8af9de7b6d74,Virtual Machines Licenses,SQL Server Developer Edition,Global,Developer License,24,0
Actin-Azure Sponsorship,c27e8e3c-43a4-4c60-a0e1-73fafa80b8fa,11-12-2025,1adb9ebc-c08f-426d-9aa4-8af9de7b6d74,Virtual Machines Licenses,SQL Server Developer Edition,Global,Developer License,24,0
Actin-Azure Sponsorship,c27e8e3c-43a4-4c60-a0e1-73fafa80b8fa,11/13/2025,1adb9ebc-c08f-426d-9aa4-8af9de7b6d74,Virtual Machines Licenses,SQL Server Developer Edition,Global,Developer License,24,0
Actin-Azure Sponsorship,c27e8e3c-43a4-4c60-a0e1-73fafa80b8fa,11/14/2025,1adb9ebc-c08f-426d-9aa4-8af9de7b6d74,Virtual Machines Licenses,SQL Server Developer Edition,Global,Developer License,24,0
Actin-Azure Sponsorship,c27e8e3c-43a4-4c60-a0e1-73fafa80b8fa,11/15/2025,1adb9ebc-c08f-426d-9aa4-8af9de7b6d74,Virtual Machines Licenses,SQL Server Developer Edition,Global,Developer License,24,0
Actin-Azure Sponsorship,c27e8e3c-43a4-4c60-a0e1-73fafa80b8fa,11/16/2025,1adb9ebc-c08f-426d-9aa4-8af9de7b6d74,Virtual Machines Licenses,SQL Server Developer Edition,Global,Developer License,24,0
Actin-Azure Sponsorship,c27e8e3c-43a4-4c60-a0e1-73fafa80b8fa,11/17/2025,1adb9ebc-c08f-426d-9aa4-8af9de7b6d74,Virtual Machines Licenses,SQL Server Developer Edition,Global,Developer License,24,0
Actin-Azure Sponsorship,c27e8e3c-43a4-4c60-a0e1-73fafa80b8fa,11/18/2025,1adb9ebc-c08f-426d-9aa4-8af9de7b6d74,Virtual Machines Licenses,SQL Server Developer Edition,Global,Developer License,24,0
Actin-Azure Sponsorship,c27e8e3c-43a4-4c60-a0e1-73fafa80b8fa,11/19/2025,1adb9ebc-c08f-426d-9aa4-8af9de7b6d74,Virtual Machines Licenses,SQL Server Developer Edition,Global,Developer License,24,0
Actin-Azure Sponsorship,c27e8e3c-43a4-4c60-a0e1-73fafa80b8fa,11/20/2025,1adb9ebc-c08f-426d-9aa4-8af9de7b6d74,Virtual Machines Licenses,SQL Server Developer Edition,Global,Developer License,24,0
Actin-Azure Sponsorship,c27e8e3c-43a4-4c60-a0e1-73fafa80b8fa,11/21/2025,1adb9ebc-c08f-426d-9aa4-8af9de7b6d74,Virtual Machines Licenses,SQL Server Developer Edition,Global,Developer License,24,0
Actin-Azure Sponsorship,c27e8e3c-43a4-4c60-a0e1-73fafa80b8fa,11/22/2025,1adb9ebc-c08f-426d-9aa4-8af9de7b6d74,Virtual Machines Licenses,SQL Server Developer Edition,Global,Developer License,24,0
Actin-Azure Sponsorship,c27e8e3c-43a4-4c60-a0e1-73fafa80b8fa,11/23/2025,1adb9ebc-c08f-426d-9aa4-8af9de7b6d74,Virtual Machines Licenses,SQL Server Developer Edition,Global,Developer License,24,0
Actin-Azure Sponsorship,c27e8e3c-43a4-4c60-a0e1-73fafa80b8fa,11/24/2025,1adb9ebc-c08f-426d-9aa4-8af9de7b6d74,Virtual Machines Licenses,SQL Server Developer Edition,Global,Developer License,24,0
Actin-Azure Sponsorship,c27e8e3c-43a4-4c60-a0e1-73fafa80b8fa,11/25/2025,1adb9ebc-c08f-426d-9aa4-8af9de7b6d74,Virtual Machines Licenses,SQL Server Developer Edition,Global,Developer License,24,0
Actin-Azure Sponsorship,c27e8e3c-43a4-4c60-a0e1-73fafa80b8fa,11/26/2025,1adb9ebc-c08f-426d-9aa4-8af9de7b6d74,Virtual Machines Licenses,SQL Server Developer Edition,Global,Developer License,24,0
Actin-Azure Sponsorship,c27e8e3c-43a4-4c60-a0e1-73fafa80b8fa,11/27/2025,1adb9ebc-c08f-426d-9aa4-8af9de7b6d74,Virtual Machines Licenses,SQL Server Developer Edition,Global,Developer License,24,0
Actin-Azure Sponsorship,c27e8e3c-43a4-4c60-a0e1-73fafa80b8fa,11/28/2025,1adb9ebc-c08f-426d-9aa4-8af9de7b6d74,Virtual Machines Licenses,SQL Server Developer Edition,Global,Developer License,24,0
Actin-Azure Sponsorship,c27e8e3c-43a4-4c60-a0e1-73fafa80b8fa,11/29/2025,1adb9ebc-c08f-426d-9aa4-8af9de7b6d74,Virtual Machines Licenses,SQL Server Developer Edition,Global,Developer License,24,0
Actin-Azure Sponsorship,c27e8e3c-43a4-4c60-a0e1-73fafa80b8fa,11/30/2025,1adb9ebc-c08f-426d-9aa4-8af9de7b6d74,Virtual Machines Licenses,SQL Server Developer Edition,Global,Developer License,24,0
Actin-Azure Sponsorship,c27e8e3c-43a4-4c60-a0e1-73fafa80b8fa,11-01-2025,82cd70ab-1aee-4b30-bc04-8b71e1204dbc,Storage,Standard HDD Managed Disks,All,S4 LRS Disk Operations,234.2817,0.117139
Actin-Azure Sponsorship,c27e8e3c-43a4-4c60-a0e1-73fafa80b8fa,11-02-2025,82cd70ab-1aee-4b30-bc04-8b71e1204dbc,Storage,Standard HDD Managed Disks,All,S4 LRS Disk Operations,223.7956,0.111902
Actin-Azure Sponsorship,c27e8e3c-43a4-4c60-a0e1-73fafa80b8fa,11-03-2025,82cd70ab-1aee-4b30-bc04-8b71e1204dbc,Storage,Standard HDD Managed Disks,All,S4 LRS Disk Operations,349.8423,0.174925
Actin-Azure Sponsorship,c27e8e3c-43a4-4c60-a0e1-73fafa80b8fa,11-04-2025,82cd70ab-1aee-4b30-bc04-8b71e1204dbc,Storage,Standard HDD Managed Disks,All,S4 LRS Disk Operations,308.2181,0.154112
Actin-Azure Sponsorship,c27e8e3c-43a4-4c60-a0e1-73fafa80b8fa,11-05-2025,82cd70ab-1aee-4b30-bc04-8b71e1204dbc,Storage,Standard HDD Managed Disks,All,S4 LRS Disk Operations,266.147,0.133075
Actin-Azure Sponsorship,c27e8e3c-43a4-4c60-a0e1-73fafa80b8fa,11-06-2025,82cd70ab-1aee-4b30-bc04-8b71e1204dbc,Storage,Standard HDD Managed Disks,All,S4 LRS Disk Operations,339.5463,0.169779
Actin-Azure Sponsorship,c27e8e3c-43a4-4c60-a0e1-73fafa80b8fa,11-07-2025,82cd70ab-1aee-4b30-bc04-8b71e1204dbc,Storage,Standard HDD Managed Disks,All,S4 LRS Disk Operations,286.8843,0.143453
Actin-Azure Sponsorship,c27e8e3c-43a4-4c60-a0e1-73fafa80b8fa,11-08-2025,82cd70ab-1aee-4b30-bc04-8b71e1204dbc,Storage,Standard HDD Managed Disks,All,S4 LRS Disk Operations,269.5407,0.134772
Actin-Azure Sponsorship,c27e8e3c-43a4-4c60-a0e1-73fafa80b8fa,11-09-2025,82cd70ab-1aee-4b30-bc04-8b71e1204dbc,Storage,Standard HDD Managed Disks,All,S4 LRS Disk Operations,268.8966,0.13445
Actin-Azure Sponsorship,c27e8e3c-43a4-4c60-a0e1-73fafa80b8fa,11-10-2025,82cd70ab-1aee-4b30-bc04-8b71e1204dbc,Storage,Standard HDD Managed Disks,All,S4 LRS Disk Operations,338.5269,0.169265
Actin-Azure Sponsorship,c27e8e3c-43a4-4c60-a0e1-73fafa80b8fa,11-11-2025,82cd70ab-1aee-4b30-bc04-8b71e1204dbc,Storage,Standard HDD Managed Disks,All,S4 LRS Disk Operations,336.23,0.168122
Actin-Azure Sponsorship,c27e8e3c-43a4-4c60-a0e1-73fafa80b8fa,11-12-2025,82cd70ab-1aee-4b30-bc04-8b71e1204dbc,Storage,Standard HDD Managed Disks,All,S4 LRS Disk Operations,465.5954,0.232812
Actin-Azure Sponsorship,c27e8e3c-43a4-4c60-a0e1-73fafa80b8fa,11/13/2025,82cd70ab-1aee-4b30-bc04-8b71e1204dbc,Storage,Standard HDD Managed Disks,All,S4 LRS Disk Operations,414.7674,0.207393
Actin-Azure Sponsorship,c27e8e3c-43a4-4c60-a0e1-73fafa80b8fa,11/14/2025,82cd70ab-1aee-4b30-bc04-8b71e1204dbc,Storage,Standard HDD Managed Disks,All,S4 LRS Disk Operations,335.2061,0.167608
Actin-Azure Sponsorship,c27e8e3c-43a4-4c60-a0e1-73fafa80b8fa,11/15/2025,82cd70ab-1aee-4b30-bc04-8b71e1204dbc,Storage,Standard HDD Managed Disks,All,S4 LRS Disk Operations,273.2247,0.136619
Actin-Azure Sponsorship,c27e8e3c-43a4-4c60-a0e1-73fafa80b8fa,11/16/2025,82cd70ab-1aee-4b30-bc04-8b71e1204dbc,Storage,Standard HDD Managed Disks,All,S4 LRS Disk Operations,267.7558,0.133884
Actin-Azure Sponsorship,c27e8e3c-43a4-4c60-a0e1-73fafa80b8fa,11/17/2025,82cd70ab-1aee-4b30-bc04-8b71e1204dbc,Storage,Standard HDD Managed Disks,All,S4 LRS Disk Operations,348.4811,0.174246
Actin-Azure Sponsorship,c27e8e3c-43a4-4c60-a0e1-73fafa80b8fa,11/18/2025,82cd70ab-1aee-4b30-bc04-8b71e1204dbc,Storage,Standard HDD Managed Disks,All,S4 LRS Disk Operations,343.0904,0.171557
Actin-Azure Sponsorship,c27e8e3c-43a4-4c60-a0e1-73fafa80b8fa,11/19/2025,82cd70ab-1aee-4b30-bc04-8b71e1204dbc,Storage,Standard HDD Managed Disks,All,S4 LRS Disk Operations,336.3725,0.168201
Actin-Azure Sponsorship,c27e8e3c-43a4-4c60-a0e1-73fafa80b8fa,11/20/2025,82cd70ab-1aee-4b30-bc04-8b71e1204dbc,Storage,Standard HDD Managed Disks,All,S4 LRS Disk Operations,345.0073,0.172505
Actin-Azure Sponsorship,c27e8e3c-43a4-4c60-a0e1-73fafa80b8fa,11/21/2025,82cd70ab-1aee-4b30-bc04-8b71e1204dbc,Storage,Standard HDD Managed Disks,All,S4 LRS Disk Operations,361.9945,0.180998
Actin-Azure Sponsorship,c27e8e3c-43a4-4c60-a0e1-73fafa80b8fa,11/22/2025,82cd70ab-1aee-4b30-bc04-8b71e1204dbc,Storage,Standard HDD Managed Disks,All,S4 LRS Disk Operations,286.6554,0.143325
Actin-Azure Sponsorship,c27e8e3c-43a4-4c60-a0e1-73fafa80b8fa,11/23/2025,82cd70ab-1aee-4b30-bc04-8b71e1204dbc,Storage,Standard HDD Managed Disks,All,S4 LRS Disk Operations,273.4494,0.136725
Actin-Azure Sponsorship,c27e8e3c-43a4-4c60-a0e1-73fafa80b8fa,11/24/2025,82cd70ab-1aee-4b30-bc04-8b71e1204dbc,Storage,Standard HDD Managed Disks,All,S4 LRS Disk Operations,370.1103,0.185065
Actin-Azure Sponsorship,c27e8e3c-43a4-4c60-a0e1-73fafa80b8fa,11/25/2025,82cd70ab-1aee-4b30-bc04-8b71e1204dbc,Storage,Standard HDD Managed Disks,All,S4 LRS Disk Operations,344.6442,0.172331
Actin-Azure Sponsorship,c27e8e3c-43a4-4c60-a0e1-73fafa80b8fa,11/26/2025,82cd70ab-1aee-4b30-bc04-8b71e1204dbc,Storage,Standard HDD Managed Disks,All,S4 LRS Disk Operations,373.7097,0.186855
Actin-Azure Sponsorship,c27e8e3c-43a4-4c60-a0e1-73fafa80b8fa,11/27/2025,82cd70ab-1aee-4b30-bc04-8b71e1204dbc,Storage,Standard HDD Managed Disks,All,S4 LRS Disk Operations,456.7943,0.228398
Actin-Azure Sponsorship,c27e8e3c-43a4-4c60-a0e1-73fafa80b8fa,11/28/2025,82cd70ab-1aee-4b30-bc04-8b71e1204dbc,Storage,Standard HDD Managed Disks,All,S4 LRS Disk Operations,387.5536,0.193787
Actin-Azure Sponsorship,c27e8e3c-43a4-4c60-a0e1-73fafa80b8fa,11/29/2025,82cd70ab-1aee-4b30-bc04-8b71e1204dbc,Storage,Standard HDD Managed Disks,All,S4 LRS Disk Operations,360.7105,0.180355
Actin-Azure Sponsorship,c27e8e3c-43a4-4c60-a0e1-73fafa80b8fa,11/30/2025,82cd70ab-1aee-4b30-bc04-8b71e1204dbc,Storage,Standard HDD Managed Disks,All,S4 LRS Disk Operations,328.2677,0.164137
Actin-Azure Sponsorship,c27e8e3c-43a4-4c60-a0e1-73fafa80b8fa,11-01-2025,fe167397-a38d-43c3-9bb3-8e2907e56a41,Bandwidth,Rtn Preference: MGN,AU East,Standard Data Transfer Out,0.577693,0.069312
Actin-Azure Sponsorship,c27e8e3c-43a4-4c60-a0e1-73fafa80b8fa,11-02-2025,fe167397-a38d-43c3-9bb3-8e2907e56a41,Bandwidth,Rtn Preference: MGN,AU East,Standard Data Transfer Out,0.26619,0.031935
Actin-Azure Sponsorship,c27e8e3c-43a4-4c60-a0e1-73fafa80b8fa,11-03-2025,fe167397-a38d-43c3-9bb3-8e2907e56a41,Bandwidth,Rtn Preference: MGN,AU East,Standard Data Transfer Out,1.653201,0.19837
Actin-Azure Sponsorship,c27e8e3c-43a4-4c60-a0e1-73fafa80b8fa,11-04-2025,fe167397-a38d-43c3-9bb3-8e2907e56a41,Bandwidth,Rtn Preference: MGN,AU East,Standard Data Transfer Out,3.532494,0.423888
Actin-Azure Sponsorship,c27e8e3c-43a4-4c60-a0e1-73fafa80b8fa,11-05-2025,fe167397-a38d-43c3-9bb3-8e2907e56a41,Bandwidth,Rtn Preference: MGN,AU East,Standard Data Transfer Out,1.150747,0.138087
Actin-Azure Sponsorship,c27e8e3c-43a4-4c60-a0e1-73fafa80b8fa,11-06-2025,fe167397-a38d-43c3-9bb3-8e2907e56a41,Bandwidth,Rtn Preference: MGN,AU East,Standard Data Transfer Out,1.62038,0.19444
Actin-Azure Sponsorship,c27e8e3c-43a4-4c60-a0e1-73fafa80b8fa,11-07-2025,fe167397-a38d-43c3-9bb3-8e2907e56a41,Bandwidth,Rtn Preference: MGN,AU East,Standard Data Transfer Out,1.788956,0.214673
Actin-Azure Sponsorship,c27e8e3c-43a4-4c60-a0e1-73fafa80b8fa,11-08-2025,fe167397-a38d-43c3-9bb3-8e2907e56a41,Bandwidth,Rtn Preference: MGN,AU East,Standard Data Transfer Out,0.410583,0.049268
Actin-Azure Sponsorship,c27e8e3c-43a4-4c60-a0e1-73fafa80b8fa,11-09-2025,fe167397-a38d-43c3-9bb3-8e2907e56a41,Bandwidth,Rtn Preference: MGN,AU East,Standard Data Transfer Out,0.338189,0.040577
Actin-Azure Sponsorship,c27e8e3c-43a4-4c60-a0e1-73fafa80b8fa,11-10-2025,fe167397-a38d-43c3-9bb3-8e2907e56a41,Bandwidth,Rtn Preference: MGN,AU East,Standard Data Transfer Out,0.732168,0.087851
Actin-Azure Sponsorship,c27e8e3c-43a4-4c60-a0e1-73fafa80b8fa,11-11-2025,fe167397-a38d-43c3-9bb3-8e2907e56a41,Bandwidth,Rtn Preference: MGN,AU East,Standard Data Transfer Out,0.742503,0.089088
Actin-Azure Sponsorship,c27e8e3c-43a4-4c60-a0e1-73fafa80b8fa,11-12-2025,fe167397-a38d-43c3-9bb3-8e2907e56a41,Bandwidth,Rtn Preference: MGN,AU East,Standard Data Transfer Out,1.356207,0.162739
Actin-Azure Sponsorship,c27e8e3c-43a4-4c60-a0e1-73fafa80b8fa,11/13/2025,fe167397-a38d-43c3-9bb3-8e2907e56a41,Bandwidth,Rtn Preference: MGN,AU East,Standard Data Transfer Out,1.492886,0.179141
Actin-Azure Sponsorship,c27e8e3c-43a4-4c60-a0e1-73fafa80b8fa,11/14/2025,fe167397-a38d-43c3-9bb3-8e2907e56a41,Bandwidth,Rtn Preference: MGN,AU East,Standard Data Transfer Out,1.505941,0.180714
Actin-Azure Sponsorship,c27e8e3c-43a4-4c60-a0e1-73fafa80b8fa,11/15/2025,fe167397-a38d-43c3-9bb3-8e2907e56a41,Bandwidth,Rtn Preference: MGN,AU East,Standard Data Transfer Out,0.30879,0.037045
Actin-Azure Sponsorship,c27e8e3c-43a4-4c60-a0e1-73fafa80b8fa,11/16/2025,fe167397-a38d-43c3-9bb3-8e2907e56a41,Bandwidth,Rtn Preference: MGN,AU East,Standard Data Transfer Out,0.296796,0.035622
Actin-Azure Sponsorship,c27e8e3c-43a4-4c60-a0e1-73fafa80b8fa,11/17/2025,fe167397-a38d-43c3-9bb3-8e2907e56a41,Bandwidth,Rtn Preference: MGN,AU East,Standard Data Transfer Out,1.148137,0.137773
Actin-Azure Sponsorship,c27e8e3c-43a4-4c60-a0e1-73fafa80b8fa,11/18/2025,fe167397-a38d-43c3-9bb3-8e2907e56a41,Bandwidth,Rtn Preference: MGN,AU East,Standard Data Transfer Out,0.577656,0.069322
Actin-Azure Sponsorship,c27e8e3c-43a4-4c60-a0e1-73fafa80b8fa,11/19/2025,fe167397-a38d-43c3-9bb3-8e2907e56a41,Bandwidth,Rtn Preference: MGN,AU East,Standard Data Transfer Out,0.639832,0.076768
Actin-Azure Sponsorship,c27e8e3c-43a4-4c60-a0e1-73fafa80b8fa,11/20/2025,fe167397-a38d-43c3-9bb3-8e2907e56a41,Bandwidth,Rtn Preference: MGN,AU East,Standard Data Transfer Out,1.580332,0.189637
Actin-Azure Sponsorship,c27e8e3c-43a4-4c60-a0e1-73fafa80b8fa,11/21/2025,fe167397-a38d-43c3-9bb3-8e2907e56a41,Bandwidth,Rtn Preference: MGN,AU East,Standard Data Transfer Out,0.918123,0.110172
Actin-Azure Sponsorship,c27e8e3c-43a4-4c60-a0e1-73fafa80b8fa,11/22/2025,fe167397-a38d-43c3-9bb3-8e2907e56a41,Bandwidth,Rtn Preference: MGN,AU East,Standard Data Transfer Out,0.404636,0.048558
Actin-Azure Sponsorship,c27e8e3c-43a4-4c60-a0e1-73fafa80b8fa,11/23/2025,fe167397-a38d-43c3-9bb3-8e2907e56a41,Bandwidth,Rtn Preference: MGN,AU East,Standard Data Transfer Out,0.24802,0.029759
Actin-Azure Sponsorship,c27e8e3c-43a4-4c60-a0e1-73fafa80b8fa,11/24/2025,fe167397-a38d-43c3-9bb3-8e2907e56a41,Bandwidth,Rtn Preference: MGN,AU East,Standard Data Transfer Out,1.062156,0.127462
Actin-Azure Sponsorship,c27e8e3c-43a4-4c60-a0e1-73fafa80b8fa,11/25/2025,fe167397-a38d-43c3-9bb3-8e2907e56a41,Bandwidth,Rtn Preference: MGN,AU East,Standard Data Transfer Out,0.615932,0.073909
Actin-Azure Sponsorship,c27e8e3c-43a4-4c60-a0e1-73fafa80b8fa,11/26/2025,fe167397-a38d-43c3-9bb3-8e2907e56a41,Bandwidth,Rtn Preference: MGN,AU East,Standard Data Transfer Out,1.789941,0.214789
Actin-Azure Sponsorship,c27e8e3c-43a4-4c60-a0e1-73fafa80b8fa,11/27/2025,fe167397-a38d-43c3-9bb3-8e2907e56a41,Bandwidth,Rtn Preference: MGN,AU East,Standard Data Transfer Out,1.035424,0.124242
Actin-Azure Sponsorship,c27e8e3c-43a4-4c60-a0e1-73fafa80b8fa,11/28/2025,fe167397-a38d-43c3-9bb3-8e2907e56a41,Bandwidth,Rtn Preference: MGN,AU East,Standard Data Transfer Out,1.573362,0.188805
Actin-Azure Sponsorship,c27e8e3c-43a4-4c60-a0e1-73fafa80b8fa,11/29/2025,fe167397-a38d-43c3-9bb3-8e2907e56a41,Bandwidth,Rtn Preference: MGN,AU East,Standard Data Transfer Out,0.355264,0.042628
Actin-Azure Sponsorship,c27e8e3c-43a4-4c60-a0e1-73fafa80b8fa,11/30/2025,fe167397-a38d-43c3-9bb3-8e2907e56a41,Bandwidth,Rtn Preference: MGN,AU East,Standard Data Transfer Out,0.302005,0.036238
Actin-Azure Sponsorship,c27e8e3c-43a4-4c60-a0e1-73fafa80b8fa,11-01-2025,e4849c08-0b91-5c69-acce-91151c8cf71b,Virtual Machines,Dav4/Dasv4 Series,IN Central,D4a v4/D4as v4,24,2.952
Actin-Azure Sponsorship,c27e8e3c-43a4-4c60-a0e1-73fafa80b8fa,11-02-2025,e4849c08-0b91-5c69-acce-91151c8cf71b,Virtual Machines,Dav4/Dasv4 Series,IN Central,D4a v4/D4as v4,24,2.952
Actin-Azure Sponsorship,c27e8e3c-43a4-4c60-a0e1-73fafa80b8fa,11-03-2025,e4849c08-0b91-5c69-acce-91151c8cf71b,Virtual Machines,Dav4/Dasv4 Series,IN Central,D4a v4/D4as v4,24,2.952
Actin-Azure Sponsorship,c27e8e3c-43a4-4c60-a0e1-73fafa80b8fa,11-04-2025,e4849c08-0b91-5c69-acce-91151c8cf71b,Virtual Machines,Dav4/Dasv4 Series,IN Central,D4a v4/D4as v4,24,2.952
Actin-Azure Sponsorship,c27e8e3c-43a4-4c60-a0e1-73fafa80b8fa,11-05-2025,e4849c08-0b91-5c69-acce-91151c8cf71b,Virtual Machines,Dav4/Dasv4 Series,IN Central,D4a v4/D4as v4,24,2.952
Actin-Azure Sponsorship,c27e8e3c-43a4-4c60-a0e1-73fafa80b8fa,11-06-2025,e4849c08-0b91-5c69-acce-91151c8cf71b,Virtual Machines,Dav4/Dasv4 Series,IN Central,D4a v4/D4as v4,24,2.952
Actin-Azure Sponsorship,c27e8e3c-43a4-4c60-a0e1-73fafa80b8fa,11-07-2025,e4849c08-0b91-5c69-acce-91151c8cf71b,Virtual Machines,Dav4/Dasv4 Series,IN Central,D4a v4/D4as v4,24,2.952
Actin-Azure Sponsorship,c27e8e3c-43a4-4c60-a0e1-73fafa80b8fa,11-08-2025,e4849c08-0b91-5c69-acce-91151c8cf71b,Virtual Machines,Dav4/Dasv4 Series,IN Central,D4a v4/D4as v4,23.983353,2.949952
Actin-Azure Sponsorship,c27e8e3c-43a4-4c60-a0e1-73fafa80b8fa,11-09-2025,e4849c08-0b91-5c69-acce-91151c8cf71b,Virtual Machines,Dav4/Dasv4 Series,IN Central,D4a v4/D4as v4,24,2.952
Actin-Azure Sponsorship,c27e8e3c-43a4-4c60-a0e1-73fafa80b8fa,11-10-2025,e4849c08-0b91-5c69-acce-91151c8cf71b,Virtual Machines,Dav4/Dasv4 Series,IN Central,D4a v4/D4as v4,24,2.952
Actin-Azure Sponsorship,c27e8e3c-43a4-4c60-a0e1-73fafa80b8fa,11-11-2025,e4849c08-0b91-5c69-acce-91151c8cf71b,Virtual Machines,Dav4/Dasv4 Series,IN Central,D4a v4/D4as v4,24,2.952
Actin-Azure Sponsorship,c27e8e3c-43a4-4c60-a0e1-73fafa80b8fa,11-12-2025,e4849c08-0b91-5c69-acce-91151c8cf71b,Virtual Machines,Dav4/Dasv4 Series,IN Central,D4a v4/D4as v4,24,2.952
Actin-Azure Sponsorship,c27e8e3c-43a4-4c60-a0e1-73fafa80b8fa,11/13/2025,e4849c08-0b91-5c69-acce-91151c8cf71b,Virtual Machines,Dav4/Dasv4 Series,IN Central,D4a v4/D4as v4,24,2.952
Actin-Azure Sponsorship,c27e8e3c-43a4-4c60-a0e1-73fafa80b8fa,11/14/2025,e4849c08-0b91-5c69-acce-91151c8cf71b,Virtual Machines,Dav4/Dasv4 Series,IN Central,D4a v4/D4as v4,24,2.952
Actin-Azure Sponsorship,c27e8e3c-43a4-4c60-a0e1-73fafa80b8fa,11/15/2025,e4849c08-0b91-5c69-acce-91151c8cf71b,Virtual Machines,Dav4/Dasv4 Series,IN Central,D4a v4/D4as v4,24,2.952
Actin-Azure Sponsorship,c27e8e3c-43a4-4c60-a0e1-73fafa80b8fa,11/16/2025,e4849c08-0b91-5c69-acce-91151c8cf71b,Virtual Machines,Dav4/Dasv4 Series,IN Central,D4a v4/D4as v4,24,2.952
Actin-Azure Sponsorship,c27e8e3c-43a4-4c60-a0e1-73fafa80b8fa,11/17/2025,e4849c08-0b91-5c69-acce-91151c8cf71b,Virtual Machines,Dav4/Dasv4 Series,IN Central,D4a v4/D4as v4,24,2.952
Actin-Azure Sponsorship,c27e8e3c-43a4-4c60-a0e1-73fafa80b8fa,11/18/2025,e4849c08-0b91-5c69-acce-91151c8cf71b,Virtual Machines,Dav4/Dasv4 Series,IN Central,D4a v4/D4as v4,24,2.952
Actin-Azure Sponsorship,c27e8e3c-43a4-4c60-a0e1-73fafa80b8fa,11/19/2025,e4849c08-0b91-5c69-acce-91151c8cf71b,Virtual Machines,Dav4/Dasv4 Series,IN Central,D4a v4/D4as v4,24,2.952
Actin-Azure Sponsorship,c27e8e3c-43a4-4c60-a0e1-73fafa80b8fa,11/20/2025,e4849c08-0b91-5c69-acce-91151c8cf71b,Virtual Machines,Dav4/Dasv4 Series,IN Central,D4a v4/D4as v4,24,2.952
Actin-Azure Sponsorship,c27e8e3c-43a4-4c60-a0e1-73fafa80b8fa,11/21/2025,e4849c08-0b91-5c69-acce-91151c8cf71b,Virtual Machines,Dav4/Dasv4 Series,IN Central,D4a v4/D4as v4,24,2.952
Actin-Azure Sponsorship,c27e8e3c-43a4-4c60-a0e1-73fafa80b8fa,11/22/2025,e4849c08-0b91-5c69-acce-91151c8cf71b,Virtual Machines,Dav4/Dasv4 Series,IN Central,D4a v4/D4as v4,24,2.952
Actin-Azure Sponsorship,c27e8e3c-43a4-4c60-a0e1-73fafa80b8fa,11/23/2025,e4849c08-0b91-5c69-acce-91151c8cf71b,Virtual Machines,Dav4/Dasv4 Series,IN Central,D4a v4/D4as v4,24,2.952
Actin-Azure Sponsorship,c27e8e3c-43a4-4c60-a0e1-73fafa80b8fa,11/24/2025,e4849c08-0b91-5c69-acce-91151c8cf71b,Virtual Machines,Dav4/Dasv4 Series,IN Central,D4a v4/D4as v4,24,2.952
Actin-Azure Sponsorship,c27e8e3c-43a4-4c60-a0e1-73fafa80b8fa,11/25/2025,e4849c08-0b91-5c69-acce-91151c8cf71b,Virtual Machines,Dav4/Dasv4 Series,IN Central,D4a v4/D4as v4,24,2.952
Actin-Azure Sponsorship,c27e8e3c-43a4-4c60-a0e1-73fafa80b8fa,11/26/2025,e4849c08-0b91-5c69-acce-91151c8cf71b,Virtual Machines,Dav4/Dasv4 Series,IN Central,D4a v4/D4as v4,24,2.952
Actin-Azure Sponsorship,c27e8e3c-43a4-4c60-a0e1-73fafa80b8fa,11/27/2025,e4849c08-0b91-5c69-acce-91151c8cf71b,Virtual Machines,Dav4/Dasv4 Series,IN Central,D4a v4/D4as v4,24,2.952
Actin-Azure Sponsorship,c27e8e3c-43a4-4c60-a0e1-73fafa80b8fa,11/28/2025,e4849c08-0b91-5c69-acce-91151c8cf71b,Virtual Machines,Dav4/Dasv4 Series,IN Central,D4a v4/D4as v4,24,2.952
Actin-Azure Sponsorship,c27e8e3c-43a4-4c60-a0e1-73fafa80b8fa,11/29/2025,e4849c08-0b91-5c69-acce-91151c8cf71b,Virtual Machines,Dav4/Dasv4 Series,IN Central,D4a v4/D4as v4,24,2.952
Actin-Azure Sponsorship,c27e8e3c-43a4-4c60-a0e1-73fafa80b8fa,11/30/2025,e4849c08-0b91-5c69-acce-91151c8cf71b,Virtual Machines,Dav4/Dasv4 Series,IN Central,D4a v4/D4as v4,24,2.952
Actin-Azure Sponsorship,c27e8e3c-43a4-4c60-a0e1-73fafa80b8fa,11-01-2025,9894bf04-fa42-52c1-9602-91ae242463c8,IoT Hub,Device Update,AP Southeast,Free 1 DU instance,0.032258,0
Actin-Azure Sponsorship,c27e8e3c-43a4-4c60-a0e1-73fafa80b8fa,11-02-2025,9894bf04-fa42-52c1-9602-91ae242463c8,IoT Hub,Device Update,AP Southeast,Free 1 DU instance,0.032258,0
Actin-Azure Sponsorship,c27e8e3c-43a4-4c60-a0e1-73fafa80b8fa,11-03-2025,9894bf04-fa42-52c1-9602-91ae242463c8,IoT Hub,Device Update,AP Southeast,Free 1 DU instance,0.032258,0
Actin-Azure Sponsorship,c27e8e3c-43a4-4c60-a0e1-73fafa80b8fa,11-04-2025,9894bf04-fa42-52c1-9602-91ae242463c8,IoT Hub,Device Update,AP Southeast,Free 1 DU instance,0.032258,0
Actin-Azure Sponsorship,c27e8e3c-43a4-4c60-a0e1-73fafa80b8fa,11-05-2025,9894bf04-fa42-52c1-9602-91ae242463c8,IoT Hub,Device Update,AP Southeast,Free 1 DU instance,0.032258,0
Actin-Azure Sponsorship,c27e8e3c-43a4-4c60-a0e1-73fafa80b8fa,11-06-2025,9894bf04-fa42-52c1-9602-91ae242463c8,IoT Hub,Device Update,AP Southeast,Free 1 DU instance,0.032258,0
Actin-Azure Sponsorship,c27e8e3c-43a4-4c60-a0e1-73fafa80b8fa,11-07-2025,9894bf04-fa42-52c1-9602-91ae242463c8,IoT Hub,Device Update,AP Southeast,Free 1 DU instance,0.032258,0
Actin-Azure Sponsorship,c27e8e3c-43a4-4c60-a0e1-73fafa80b8fa,11-08-2025,9894bf04-fa42-52c1-9602-91ae242463c8,IoT Hub,Device Update,AP Southeast,Free 1 DU instance,0.032258,0
Actin-Azure Sponsorship,c27e8e3c-43a4-4c60-a0e1-73fafa80b8fa,11-09-2025,9894bf04-fa42-52c1-9602-91ae242463c8,IoT Hub,Device Update,AP Southeast,Free 1 DU instance,0.032258,0
Actin-Azure Sponsorship,c27e8e3c-43a4-4c60-a0e1-73fafa80b8fa,11-10-2025,9894bf04-fa42-52c1-9602-91ae242463c8,IoT Hub,Device Update,AP Southeast,Free 1 DU instance,0.032258,0
Actin-Azure Sponsorship,c27e8e3c-43a4-4c60-a0e1-73fafa80b8fa,11-11-2025,9894bf04-fa42-52c1-9602-91ae242463c8,IoT Hub,Device Update,AP Southeast,Free 1 DU instance,0.032258,0
Actin-Azure Sponsorship,c27e8e3c-43a4-4c60-a0e1-73fafa80b8fa,11-12-2025,9894bf04-fa42-52c1-9602-91ae242463c8,IoT Hub,Device Update,AP Southeast,Free 1 DU instance,0.032258,0
Actin-Azure Sponsorship,c27e8e3c-43a4-4c60-a0e1-73fafa80b8fa,11/13/2025,9894bf04-fa42-52c1-9602-91ae242463c8,IoT Hub,Device Update,AP Southeast,Free 1 DU instance,0.032258,0
Actin-Azure Sponsorship,c27e8e3c-43a4-4c60-a0e1-73fafa80b8fa,11/14/2025,9894bf04-fa42-52c1-9602-91ae242463c8,IoT Hub,Device Update,AP Southeast,Free 1 DU instance,0.032258,0
Actin-Azure Sponsorship,c27e8e3c-43a4-4c60-a0e1-73fafa80b8fa,11/15/2025,9894bf04-fa42-52c1-9602-91ae242463c8,IoT Hub,Device Update,AP Southeast,Free 1 DU instance,0.032258,0
Actin-Azure Sponsorship,c27e8e3c-43a4-4c60-a0e1-73fafa80b8fa,11/16/2025,9894bf04-fa42-52c1-9602-91ae242463c8,IoT Hub,Device Update,AP Southeast,Free 1 DU instance,0.032258,0
Actin-Azure Sponsorship,c27e8e3c-43a4-4c60-a0e1-73fafa80b8fa,11/17/2025,9894bf04-fa42-52c1-9602-91ae242463c8,IoT Hub,Device Update,AP Southeast,Free 1 DU instance,0.032258,0
Actin-Azure Sponsorship,c27e8e3c-43a4-4c60-a0e1-73fafa80b8fa,11/18/2025,9894bf04-fa42-52c1-9602-91ae242463c8,IoT Hub,Device Update,AP Southeast,Free 1 DU instance,0.032258,0
Actin-Azure Sponsorship,c27e8e3c-43a4-4c60-a0e1-73fafa80b8fa,11/19/2025,9894bf04-fa42-52c1-9602-91ae242463c8,IoT Hub,Device Update,AP Southeast,Free 1 DU instance,0.032258,0
Actin-Azure Sponsorship,c27e8e3c-43a4-4c60-a0e1-73fafa80b8fa,11/20/2025,9894bf04-fa42-52c1-9602-91ae242463c8,IoT Hub,Device Update,AP Southeast,Free 1 DU instance,0.032258,0
Actin-Azure Sponsorship,c27e8e3c-43a4-4c60-a0e1-73fafa80b8fa,11/21/2025,9894bf04-fa42-52c1-9602-91ae242463c8,IoT Hub,Device Update,AP Southeast,Free 1 DU instance,0.032258,0
Actin-Azure Sponsorship,c27e8e3c-43a4-4c60-a0e1-73fafa80b8fa,11/22/2025,9894bf04-fa42-52c1-9602-91ae242463c8,IoT Hub,Device Update,AP Southeast,Free 1 DU instance,0.032258,0
Actin-Azure Sponsorship,c27e8e3c-43a4-4c60-a0e1-73fafa80b8fa,11/23/2025,9894bf04-fa42-52c1-9602-91ae242463c8,IoT Hub,Device Update,AP Southeast,Free 1 DU instance,0.032258,0
Actin-Azure Sponsorship,c27e8e3c-43a4-4c60-a0e1-73fafa80b8fa,11/24/2025,9894bf04-fa42-52c1-9602-91ae242463c8,IoT Hub,Device Update,AP Southeast,Free 1 DU instance,0.032258,0
Actin-Azure Sponsorship,c27e8e3c-43a4-4c60-a0e1-73fafa80b8fa,11/25/2025,9894bf04-fa42-52c1-9602-91ae242463c8,IoT Hub,Device Update,AP Southeast,Free 1 DU instance,0.032258,0
Actin-Azure Sponsorship,c27e8e3c-43a4-4c60-a0e1-73fafa80b8fa,11/26/2025,9894bf04-fa42-52c1-9602-91ae242463c8,IoT Hub,Device Update,AP Southeast,Free 1 DU instance,0.032258,0
Actin-Azure Sponsorship,c27e8e3c-43a4-4c60-a0e1-73fafa80b8fa,11/27/2025,9894bf04-fa42-52c1-9602-91ae242463c8,IoT Hub,Device Update,AP Southeast,Free 1 DU instance,0.032258,0
Actin-Azure Sponsorship,c27e8e3c-43a4-4c60-a0e1-73fafa80b8fa,11/28/2025,9894bf04-fa42-52c1-9602-91ae242463c8,IoT Hub,Device Update,AP Southeast,Free 1 DU instance,0.032258,0
Actin-Azure Sponsorship,c27e8e3c-43a4-4c60-a0e1-73fafa80b8fa,11/29/2025,9894bf04-fa42-52c1-9602-91ae242463c8,IoT Hub,Device Update,AP Southeast,Free 1 DU instance,0.032258,0
Actin-Azure Sponsorship,c27e8e3c-43a4-4c60-a0e1-73fafa80b8fa,11/30/2025,9894bf04-fa42-52c1-9602-91ae242463c8,IoT Hub,Device Update,AP Southeast,Free 1 DU instance,0.032258,0
Actin-Azure Sponsorship,c27e8e3c-43a4-4c60-a0e1-73fafa80b8fa,11-01-2025,e9483ab1-cba9-4424-9f0d-95280faa6262,Storage,Standard Page Blob v2,IN Central,GRS Data Stored,3.819096,0.252072
Actin-Azure Sponsorship,c27e8e3c-43a4-4c60-a0e1-73fafa80b8fa,11-02-2025,e9483ab1-cba9-4424-9f0d-95280faa6262,Storage,Standard Page Blob v2,IN Central,GRS Data Stored,3.819096,0.252072
Actin-Azure Sponsorship,c27e8e3c-43a4-4c60-a0e1-73fafa80b8fa,11-03-2025,e9483ab1-cba9-4424-9f0d-95280faa6262,Storage,Standard Page Blob v2,IN Central,GRS Data Stored,3.819096,0.252072
Actin-Azure Sponsorship,c27e8e3c-43a4-4c60-a0e1-73fafa80b8fa,11-04-2025,e9483ab1-cba9-4424-9f0d-95280faa6262,Storage,Standard Page Blob v2,IN Central,GRS Data Stored,3.819096,0.252072
Actin-Azure Sponsorship,c27e8e3c-43a4-4c60-a0e1-73fafa80b8fa,11-05-2025,e9483ab1-cba9-4424-9f0d-95280faa6262,Storage,Standard Page Blob v2,IN Central,GRS Data Stored,3.819096,0.252072
Actin-Azure Sponsorship,c27e8e3c-43a4-4c60-a0e1-73fafa80b8fa,11-06-2025,e9483ab1-cba9-4424-9f0d-95280faa6262,Storage,Standard Page Blob v2,IN Central,GRS Data Stored,3.819096,0.252072
Actin-Azure Sponsorship,c27e8e3c-43a4-4c60-a0e1-73fafa80b8fa,11-07-2025,e9483ab1-cba9-4424-9f0d-95280faa6262,Storage,Standard Page Blob v2,IN Central,GRS Data Stored,3.819096,0.252072
Actin-Azure Sponsorship,c27e8e3c-43a4-4c60-a0e1-73fafa80b8fa,11-08-2025,e9483ab1-cba9-4424-9f0d-95280faa6262,Storage,Standard Page Blob v2,IN Central,GRS Data Stored,3.819096,0.252072
Actin-Azure Sponsorship,c27e8e3c-43a4-4c60-a0e1-73fafa80b8fa,11-09-2025,e9483ab1-cba9-4424-9f0d-95280faa6262,Storage,Standard Page Blob v2,IN Central,GRS Data Stored,3.819096,0.252072
Actin-Azure Sponsorship,c27e8e3c-43a4-4c60-a0e1-73fafa80b8fa,11-10-2025,e9483ab1-cba9-4424-9f0d-95280faa6262,Storage,Standard Page Blob v2,IN Central,GRS Data Stored,3.819096,0.252072
Actin-Azure Sponsorship,c27e8e3c-43a4-4c60-a0e1-73fafa80b8fa,11-11-2025,e9483ab1-cba9-4424-9f0d-95280faa6262,Storage,Standard Page Blob v2,IN Central,GRS Data Stored,3.819096,0.252072
Actin-Azure Sponsorship,c27e8e3c-43a4-4c60-a0e1-73fafa80b8fa,11-12-2025,e9483ab1-cba9-4424-9f0d-95280faa6262,Storage,Standard Page Blob v2,IN Central,GRS Data Stored,3.819096,0.252072
Actin-Azure Sponsorship,c27e8e3c-43a4-4c60-a0e1-73fafa80b8fa,11/13/2025,e9483ab1-cba9-4424-9f0d-95280faa6262,Storage,Standard Page Blob v2,IN Central,GRS Data Stored,3.819096,0.252072
Actin-Azure Sponsorship,c27e8e3c-43a4-4c60-a0e1-73fafa80b8fa,11/14/2025,e9483ab1-cba9-4424-9f0d-95280faa6262,Storage,Standard Page Blob v2,IN Central,GRS Data Stored,3.819096,0.252072
Actin-Azure Sponsorship,c27e8e3c-43a4-4c60-a0e1-73fafa80b8fa,11/15/2025,e9483ab1-cba9-4424-9f0d-95280faa6262,Storage,Standard Page Blob v2,IN Central,GRS Data Stored,3.819096,0.252072
Actin-Azure Sponsorship,c27e8e3c-43a4-4c60-a0e1-73fafa80b8fa,11/16/2025,e9483ab1-cba9-4424-9f0d-95280faa6262,Storage,Standard Page Blob v2,IN Central,GRS Data Stored,3.819096,0.252072
Actin-Azure Sponsorship,c27e8e3c-43a4-4c60-a0e1-73fafa80b8fa,11/17/2025,e9483ab1-cba9-4424-9f0d-95280faa6262,Storage,Standard Page Blob v2,IN Central,GRS Data Stored,3.819096,0.252072
Actin-Azure Sponsorship,c27e8e3c-43a4-4c60-a0e1-73fafa80b8fa,11/18/2025,e9483ab1-cba9-4424-9f0d-95280faa6262,Storage,Standard Page Blob v2,IN Central,GRS Data Stored,3.819096,0.252072
Actin-Azure Sponsorship,c27e8e3c-43a4-4c60-a0e1-73fafa80b8fa,11/19/2025,e9483ab1-cba9-4424-9f0d-95280faa6262,Storage,Standard Page Blob v2,IN Central,GRS Data Stored,3.819096,0.252072
Actin-Azure Sponsorship,c27e8e3c-43a4-4c60-a0e1-73fafa80b8fa,11/20/2025,e9483ab1-cba9-4424-9f0d-95280faa6262,Storage,Standard Page Blob v2,IN Central,GRS Data Stored,3.819096,0.252072
Actin-Azure Sponsorship,c27e8e3c-43a4-4c60-a0e1-73fafa80b8fa,11/21/2025,e9483ab1-cba9-4424-9f0d-95280faa6262,Storage,Standard Page Blob v2,IN Central,GRS Data Stored,3.819096,0.252072
Actin-Azure Sponsorship,c27e8e3c-43a4-4c60-a0e1-73fafa80b8fa,11/22/2025,e9483ab1-cba9-4424-9f0d-95280faa6262,Storage,Standard Page Blob v2,IN Central,GRS Data Stored,3.819096,0.252072
Actin-Azure Sponsorship,c27e8e3c-43a4-4c60-a0e1-73fafa80b8fa,11/23/2025,e9483ab1-cba9-4424-9f0d-95280faa6262,Storage,Standard Page Blob v2,IN Central,GRS Data Stored,3.819096,0.252072
Actin-Azure Sponsorship,c27e8e3c-43a4-4c60-a0e1-73fafa80b8fa,11/24/2025,e9483ab1-cba9-4424-9f0d-95280faa6262,Storage,Standard Page Blob v2,IN Central,GRS Data Stored,3.819096,0.252072
Actin-Azure Sponsorship,c27e8e3c-43a4-4c60-a0e1-73fafa80b8fa,11/25/2025,e9483ab1-cba9-4424-9f0d-95280faa6262,Storage,Standard Page Blob v2,IN Central,GRS Data Stored,3.819096,0.252072
Actin-Azure Sponsorship,c27e8e3c-43a4-4c60-a0e1-73fafa80b8fa,11/26/2025,e9483ab1-cba9-4424-9f0d-95280faa6262,Storage,Standard Page Blob v2,IN Central,GRS Data Stored,3.819096,0.252072
Actin-Azure Sponsorship,c27e8e3c-43a4-4c60-a0e1-73fafa80b8fa,11/27/2025,e9483ab1-cba9-4424-9f0d-95280faa6262,Storage,Standard Page Blob v2,IN Central,GRS Data Stored,3.819096,0.252072
Actin-Azure Sponsorship,c27e8e3c-43a4-4c60-a0e1-73fafa80b8fa,11/28/2025,e9483ab1-cba9-4424-9f0d-95280faa6262,Storage,Standard Page Blob v2,IN Central,GRS Data Stored,3.819096,0.252072
Actin-Azure Sponsorship,c27e8e3c-43a4-4c60-a0e1-73fafa80b8fa,11/29/2025,e9483ab1-cba9-4424-9f0d-95280faa6262,Storage,Standard Page Blob v2,IN Central,GRS Data Stored,3.819096,0.252072
Actin-Azure Sponsorship,c27e8e3c-43a4-4c60-a0e1-73fafa80b8fa,11/30/2025,e9483ab1-cba9-4424-9f0d-95280faa6262,Storage,Standard Page Blob v2,IN Central,GRS Data Stored,3.819096,0.252072
Actin-Azure Sponsorship,c27e8e3c-43a4-4c60-a0e1-73fafa80b8fa,11-06-2025,3c95dd0f-555c-4caa-9d03-958a6778df30,Event Hubs,All,All,Basic Ingress Events,0.0018,0.000051
Actin-Azure Sponsorship,c27e8e3c-43a4-4c60-a0e1-73fafa80b8fa,11-07-2025,3c95dd0f-555c-4caa-9d03-958a6778df30,Event Hubs,All,All,Basic Ingress Events,1.8E-05,0.000001
Actin-Azure Sponsorship,c27e8e3c-43a4-4c60-a0e1-73fafa80b8fa,11-01-2025,e86146db-e868-41bf-a1dd-98c927abf13d,Storage,Standard HDD Managed Disks,IN Central,S15 LRS Disk,0.133344,1.661568
Actin-Azure Sponsorship,c27e8e3c-43a4-4c60-a0e1-73fafa80b8fa,11-02-2025,e86146db-e868-41bf-a1dd-98c927abf13d,Storage,Standard HDD Managed Disks,IN Central,S15 LRS Disk,0.133344,1.661568
Actin-Azure Sponsorship,c27e8e3c-43a4-4c60-a0e1-73fafa80b8fa,11-03-2025,e86146db-e868-41bf-a1dd-98c927abf13d,Storage,Standard HDD Managed Disks,IN Central,S15 LRS Disk,0.133344,1.661568
Actin-Azure Sponsorship,c27e8e3c-43a4-4c60-a0e1-73fafa80b8fa,11-04-2025,e86146db-e868-41bf-a1dd-98c927abf13d,Storage,Standard HDD Managed Disks,IN Central,S15 LRS Disk,0.133344,1.661568
Actin-Azure Sponsorship,c27e8e3c-43a4-4c60-a0e1-73fafa80b8fa,11-05-2025,e86146db-e868-41bf-a1dd-98c927abf13d,Storage,Standard HDD Managed Disks,IN Central,S15 LRS Disk,0.133344,1.661568
Actin-Azure Sponsorship,c27e8e3c-43a4-4c60-a0e1-73fafa80b8fa,11-06-2025,e86146db-e868-41bf-a1dd-98c927abf13d,Storage,Standard HDD Managed Disks,IN Central,S15 LRS Disk,0.133344,1.661568
Actin-Azure Sponsorship,c27e8e3c-43a4-4c60-a0e1-73fafa80b8fa,11-07-2025,e86146db-e868-41bf-a1dd-98c927abf13d,Storage,Standard HDD Managed Disks,IN Central,S15 LRS Disk,0.133344,1.661568
Actin-Azure Sponsorship,c27e8e3c-43a4-4c60-a0e1-73fafa80b8fa,11-08-2025,e86146db-e868-41bf-a1dd-98c927abf13d,Storage,Standard HDD Managed Disks,IN Central,S15 LRS Disk,0.133344,1.661568
Actin-Azure Sponsorship,c27e8e3c-43a4-4c60-a0e1-73fafa80b8fa,11-09-2025,e86146db-e868-41bf-a1dd-98c927abf13d,Storage,Standard HDD Managed Disks,IN Central,S15 LRS Disk,0.133344,1.661568
Actin-Azure Sponsorship,c27e8e3c-43a4-4c60-a0e1-73fafa80b8fa,11-10-2025,e86146db-e868-41bf-a1dd-98c927abf13d,Storage,Standard HDD Managed Disks,IN Central,S15 LRS Disk,0.133344,1.661568
Actin-Azure Sponsorship,c27e8e3c-43a4-4c60-a0e1-73fafa80b8fa,11-11-2025,e86146db-e868-41bf-a1dd-98c927abf13d,Storage,Standard HDD Managed Disks,IN Central,S15 LRS Disk,0.133344,1.661568
Actin-Azure Sponsorship,c27e8e3c-43a4-4c60-a0e1-73fafa80b8fa,11-12-2025,e86146db-e868-41bf-a1dd-98c927abf13d,Storage,Standard HDD Managed Disks,IN Central,S15 LRS Disk,0.133344,1.661568
Actin-Azure Sponsorship,c27e8e3c-43a4-4c60-a0e1-73fafa80b8fa,11/13/2025,e86146db-e868-41bf-a1dd-98c927abf13d,Storage,Standard HDD Managed Disks,IN Central,S15 LRS Disk,0.133344,1.661568
Actin-Azure Sponsorship,c27e8e3c-43a4-4c60-a0e1-73fafa80b8fa,11/14/2025,e86146db-e868-41bf-a1dd-98c927abf13d,Storage,Standard HDD Managed Disks,IN Central,S15 LRS Disk,0.133344,1.661568
Actin-Azure Sponsorship,c27e8e3c-43a4-4c60-a0e1-73fafa80b8fa,11/15/2025,e86146db-e868-41bf-a1dd-98c927abf13d,Storage,Standard HDD Managed Disks,IN Central,S15 LRS Disk,0.133344,1.661568
Actin-Azure Sponsorship,c27e8e3c-43a4-4c60-a0e1-73fafa80b8fa,11/16/2025,e86146db-e868-41bf-a1dd-98c927abf13d,Storage,Standard HDD Managed Disks,IN Central,S15 LRS Disk,0.133344,1.661568
Actin-Azure Sponsorship,c27e8e3c-43a4-4c60-a0e1-73fafa80b8fa,11/17/2025,e86146db-e868-41bf-a1dd-98c927abf13d,Storage,Standard HDD Managed Disks,IN Central,S15 LRS Disk,0.133344,1.661568
Actin-Azure Sponsorship,c27e8e3c-43a4-4c60-a0e1-73fafa80b8fa,11/18/2025,e86146db-e868-41bf-a1dd-98c927abf13d,Storage,Standard HDD Managed Disks,IN Central,S15 LRS Disk,0.133344,1.661568
Actin-Azure Sponsorship,c27e8e3c-43a4-4c60-a0e1-73fafa80b8fa,11/19/2025,e86146db-e868-41bf-a1dd-98c927abf13d,Storage,Standard HDD Managed Disks,IN Central,S15 LRS Disk,0.133344,1.661568
Actin-Azure Sponsorship,c27e8e3c-43a4-4c60-a0e1-73fafa80b8fa,11/20/2025,e86146db-e868-41bf-a1dd-98c927abf13d,Storage,Standard HDD Managed Disks,IN Central,S15 LRS Disk,0.133344,1.661568
Actin-Azure Sponsorship,c27e8e3c-43a4-4c60-a0e1-73fafa80b8fa,11/21/2025,e86146db-e868-41bf-a1dd-98c927abf13d,Storage,Standard HDD Managed Disks,IN Central,S15 LRS Disk,0.133344,1.661568
Actin-Azure Sponsorship,c27e8e3c-43a4-4c60-a0e1-73fafa80b8fa,11/22/2025,e86146db-e868-41bf-a1dd-98c927abf13d,Storage,Standard HDD Managed Disks,IN Central,S15 LRS Disk,0.133344,1.661568
Actin-Azure Sponsorship,c27e8e3c-43a4-4c60-a0e1-73fafa80b8fa,11/23/2025,e86146db-e868-41bf-a1dd-98c927abf13d,Storage,Standard HDD Managed Disks,IN Central,S15 LRS Disk,0.133344,1.661568
Actin-Azure Sponsorship,c27e8e3c-43a4-4c60-a0e1-73fafa80b8fa,11/24/2025,e86146db-e868-41bf-a1dd-98c927abf13d,Storage,Standard HDD Managed Disks,IN Central,S15 LRS Disk,0.133344,1.661568
Actin-Azure Sponsorship,c27e8e3c-43a4-4c60-a0e1-73fafa80b8fa,11/25/2025,e86146db-e868-41bf-a1dd-98c927abf13d,Storage,Standard HDD Managed Disks,IN Central,S15 LRS Disk,0.133344,1.661568
Actin-Azure Sponsorship,c27e8e3c-43a4-4c60-a0e1-73fafa80b8fa,11/26/2025,e86146db-e868-41bf-a1dd-98c927abf13d,Storage,Standard HDD Managed Disks,IN Central,S15 LRS Disk,0.133344,1.661568
Actin-Azure Sponsorship,c27e8e3c-43a4-4c60-a0e1-73fafa80b8fa,11/27/2025,e86146db-e868-41bf-a1dd-98c927abf13d,Storage,Standard HDD Managed Disks,IN Central,S15 LRS Disk,0.133344,1.661568
Actin-Azure Sponsorship,c27e8e3c-43a4-4c60-a0e1-73fafa80b8fa,11/28/2025,e86146db-e868-41bf-a1dd-98c927abf13d,Storage,Standard HDD Managed Disks,IN Central,S15 LRS Disk,0.133344,1.661568
Actin-Azure Sponsorship,c27e8e3c-43a4-4c60-a0e1-73fafa80b8fa,11/29/2025,e86146db-e868-41bf-a1dd-98c927abf13d,Storage,Standard HDD Managed Disks,IN Central,S15 LRS Disk,0.133344,1.661568
Actin-Azure Sponsorship,c27e8e3c-43a4-4c60-a0e1-73fafa80b8fa,11/30/2025,e86146db-e868-41bf-a1dd-98c927abf13d,Storage,Standard HDD Managed Disks,IN Central,S15 LRS Disk,0.133344,1.661568
Actin-Azure Sponsorship,c27e8e3c-43a4-4c60-a0e1-73fafa80b8fa,11-01-2025,7b362907-1d27-4f3c-985a-99d2562fcedb,Storage,General Block Blob,IN Central,LRS Data Stored,7.2E-05,0
Actin-Azure Sponsorship,c27e8e3c-43a4-4c60-a0e1-73fafa80b8fa,11-02-2025,7b362907-1d27-4f3c-985a-99d2562fcedb,Storage,General Block Blob,IN Central,LRS Data Stored,7.2E-05,0
Actin-Azure Sponsorship,c27e8e3c-43a4-4c60-a0e1-73fafa80b8fa,11-03-2025,7b362907-1d27-4f3c-985a-99d2562fcedb,Storage,General Block Blob,IN Central,LRS Data Stored,7.2E-05,0
Actin-Azure Sponsorship,c27e8e3c-43a4-4c60-a0e1-73fafa80b8fa,11-04-2025,7b362907-1d27-4f3c-985a-99d2562fcedb,Storage,General Block Blob,IN Central,LRS Data Stored,7.2E-05,0
Actin-Azure Sponsorship,c27e8e3c-43a4-4c60-a0e1-73fafa80b8fa,11-05-2025,7b362907-1d27-4f3c-985a-99d2562fcedb,Storage,General Block Blob,IN Central,LRS Data Stored,7.2E-05,0
Actin-Azure Sponsorship,c27e8e3c-43a4-4c60-a0e1-73fafa80b8fa,11-06-2025,7b362907-1d27-4f3c-985a-99d2562fcedb,Storage,General Block Blob,IN Central,LRS Data Stored,7.2E-05,0
Actin-Azure Sponsorship,c27e8e3c-43a4-4c60-a0e1-73fafa80b8fa,11-07-2025,7b362907-1d27-4f3c-985a-99d2562fcedb,Storage,General Block Blob,IN Central,LRS Data Stored,7.2E-05,0
Actin-Azure Sponsorship,c27e8e3c-43a4-4c60-a0e1-73fafa80b8fa,11-08-2025,7b362907-1d27-4f3c-985a-99d2562fcedb,Storage,General Block Blob,IN Central,LRS Data Stored,7.2E-05,0
Actin-Azure Sponsorship,c27e8e3c-43a4-4c60-a0e1-73fafa80b8fa,11-09-2025,7b362907-1d27-4f3c-985a-99d2562fcedb,Storage,General Block Blob,IN Central,LRS Data Stored,7.2E-05,0
Actin-Azure Sponsorship,c27e8e3c-43a4-4c60-a0e1-73fafa80b8fa,11-10-2025,7b362907-1d27-4f3c-985a-99d2562fcedb,Storage,General Block Blob,IN Central,LRS Data Stored,7.2E-05,0
Actin-Azure Sponsorship,c27e8e3c-43a4-4c60-a0e1-73fafa80b8fa,11-11-2025,7b362907-1d27-4f3c-985a-99d2562fcedb,Storage,General Block Blob,IN Central,LRS Data Stored,7.2E-05,0
Actin-Azure Sponsorship,c27e8e3c-43a4-4c60-a0e1-73fafa80b8fa,11-12-2025,7b362907-1d27-4f3c-985a-99d2562fcedb,Storage,General Block Blob,IN Central,LRS Data Stored,7.2E-05,0
Actin-Azure Sponsorship,c27e8e3c-43a4-4c60-a0e1-73fafa80b8fa,11/13/2025,7b362907-1d27-4f3c-985a-99d2562fcedb,Storage,General Block Blob,IN Central,LRS Data Stored,7.2E-05,0
Actin-Azure Sponsorship,c27e8e3c-43a4-4c60-a0e1-73fafa80b8fa,11/14/2025,7b362907-1d27-4f3c-985a-99d2562fcedb,Storage,General Block Blob,IN Central,LRS Data Stored,7.2E-05,0
Actin-Azure Sponsorship,c27e8e3c-43a4-4c60-a0e1-73fafa80b8fa,11/15/2025,7b362907-1d27-4f3c-985a-99d2562fcedb,Storage,General Block Blob,IN Central,LRS Data Stored,7.2E-05,0
Actin-Azure Sponsorship,c27e8e3c-43a4-4c60-a0e1-73fafa80b8fa,11/16/2025,7b362907-1d27-4f3c-985a-99d2562fcedb,Storage,General Block Blob,IN Central,LRS Data Stored,7.2E-05,0
Actin-Azure Sponsorship,c27e8e3c-43a4-4c60-a0e1-73fafa80b8fa,11/17/2025,7b362907-1d27-4f3c-985a-99d2562fcedb,Storage,General Block Blob,IN Central,LRS Data Stored,7.2E-05,0
Actin-Azure Sponsorship,c27e8e3c-43a4-4c60-a0e1-73fafa80b8fa,11/18/2025,7b362907-1d27-4f3c-985a-99d2562fcedb,Storage,General Block Blob,IN Central,LRS Data Stored,7.2E-05,0
Actin-Azure Sponsorship,c27e8e3c-43a4-4c60-a0e1-73fafa80b8fa,11/19/2025,7b362907-1d27-4f3c-985a-99d2562fcedb,Storage,General Block Blob,IN Central,LRS Data Stored,7.2E-05,0
Actin-Azure Sponsorship,c27e8e3c-43a4-4c60-a0e1-73fafa80b8fa,11/20/2025,7b362907-1d27-4f3c-985a-99d2562fcedb,Storage,General Block Blob,IN Central,LRS Data Stored,7.2E-05,0
Actin-Azure Sponsorship,c27e8e3c-43a4-4c60-a0e1-73fafa80b8fa,11/21/2025,7b362907-1d27-4f3c-985a-99d2562fcedb,Storage,General Block Blob,IN Central,LRS Data Stored,7.2E-05,0
Actin-Azure Sponsorship,c27e8e3c-43a4-4c60-a0e1-73fafa80b8fa,11/22/2025,7b362907-1d27-4f3c-985a-99d2562fcedb,Storage,General Block Blob,IN Central,LRS Data Stored,7.2E-05,0
Actin-Azure Sponsorship,c27e8e3c-43a4-4c60-a0e1-73fafa80b8fa,11/23/2025,7b362907-1d27-4f3c-985a-99d2562fcedb,Storage,General Block Blob,IN Central,LRS Data Stored,7.2E-05,0
Actin-Azure Sponsorship,c27e8e3c-43a4-4c60-a0e1-73fafa80b8fa,11/24/2025,7b362907-1d27-4f3c-985a-99d2562fcedb,Storage,General Block Blob,IN Central,LRS Data Stored,7.2E-05,0
Actin-Azure Sponsorship,c27e8e3c-43a4-4c60-a0e1-73fafa80b8fa,11/25/2025,7b362907-1d27-4f3c-985a-99d2562fcedb,Storage,General Block Blob,IN Central,LRS Data Stored,7.2E-05,0
Actin-Azure Sponsorship,c27e8e3c-43a4-4c60-a0e1-73fafa80b8fa,11/26/2025,7b362907-1d27-4f3c-985a-99d2562fcedb,Storage,General Block Blob,IN Central,LRS Data Stored,7.2E-05,0
Actin-Azure Sponsorship,c27e8e3c-43a4-4c60-a0e1-73fafa80b8fa,11/27/2025,7b362907-1d27-4f3c-985a-99d2562fcedb,Storage,General Block Blob,IN Central,LRS Data Stored,7.2E-05,0
Actin-Azure Sponsorship,c27e8e3c-43a4-4c60-a0e1-73fafa80b8fa,11/28/2025,7b362907-1d27-4f3c-985a-99d2562fcedb,Storage,General Block Blob,IN Central,LRS Data Stored,7.2E-05,0
Actin-Azure Sponsorship,c27e8e3c-43a4-4c60-a0e1-73fafa80b8fa,11/29/2025,7b362907-1d27-4f3c-985a-99d2562fcedb,Storage,General Block Blob,IN Central,LRS Data Stored,7.2E-05,0
Actin-Azure Sponsorship,c27e8e3c-43a4-4c60-a0e1-73fafa80b8fa,11/30/2025,7b362907-1d27-4f3c-985a-99d2562fcedb,Storage,General Block Blob,IN Central,LRS Data Stored,7.2E-05,0
Actin-Azure Sponsorship,c27e8e3c-43a4-4c60-a0e1-73fafa80b8fa,11-03-2025,95eca2c1-9519-4c55-baa1-9a0e0b201e25,Automation,Process,All,Basic Runtime,0.016667,0.000033
Actin-Azure Sponsorship,c27e8e3c-43a4-4c60-a0e1-73fafa80b8fa,11-04-2025,95eca2c1-9519-4c55-baa1-9a0e0b201e25,Automation,Process,All,Basic Runtime,0.016667,0.000033
Actin-Azure Sponsorship,c27e8e3c-43a4-4c60-a0e1-73fafa80b8fa,11-05-2025,95eca2c1-9519-4c55-baa1-9a0e0b201e25,Automation,Process,All,Basic Runtime,0.016667,0.000033
Actin-Azure Sponsorship,c27e8e3c-43a4-4c60-a0e1-73fafa80b8fa,11-06-2025,95eca2c1-9519-4c55-baa1-9a0e0b201e25,Automation,Process,All,Basic Runtime,0.033333,0.000067
Actin-Azure Sponsorship,c27e8e3c-43a4-4c60-a0e1-73fafa80b8fa,11-07-2025,95eca2c1-9519-4c55-baa1-9a0e0b201e25,Automation,Process,All,Basic Runtime,0.016667,0.000033
Actin-Azure Sponsorship,c27e8e3c-43a4-4c60-a0e1-73fafa80b8fa,11-10-2025,95eca2c1-9519-4c55-baa1-9a0e0b201e25,Automation,Process,All,Basic Runtime,0.016667,0.000033
Actin-Azure Sponsorship,c27e8e3c-43a4-4c60-a0e1-73fafa80b8fa,11-11-2025,95eca2c1-9519-4c55-baa1-9a0e0b201e25,Automation,Process,All,Basic Runtime,0.016667,0.000033
Actin-Azure Sponsorship,c27e8e3c-43a4-4c60-a0e1-73fafa80b8fa,11/13/2025,95eca2c1-9519-4c55-baa1-9a0e0b201e25,Automation,Process,All,Basic Runtime,0.033333,0.000067
Actin-Azure Sponsorship,c27e8e3c-43a4-4c60-a0e1-73fafa80b8fa,11/14/2025,95eca2c1-9519-4c55-baa1-9a0e0b201e25,Automation,Process,All,Basic Runtime,0.033333,0.000067
Actin-Azure Sponsorship,c27e8e3c-43a4-4c60-a0e1-73fafa80b8fa,11/18/2025,95eca2c1-9519-4c55-baa1-9a0e0b201e25,Automation,Process,All,Basic Runtime,0.033333,0.000067
Actin-Azure Sponsorship,c27e8e3c-43a4-4c60-a0e1-73fafa80b8fa,11/19/2025,95eca2c1-9519-4c55-baa1-9a0e0b201e25,Automation,Process,All,Basic Runtime,0.016667,0.000033
Actin-Azure Sponsorship,c27e8e3c-43a4-4c60-a0e1-73fafa80b8fa,11/20/2025,95eca2c1-9519-4c55-baa1-9a0e0b201e25,Automation,Process,All,Basic Runtime,0.033333,0.000067
Actin-Azure Sponsorship,c27e8e3c-43a4-4c60-a0e1-73fafa80b8fa,11/21/2025,95eca2c1-9519-4c55-baa1-9a0e0b201e25,Automation,Process,All,Basic Runtime,0.016667,0.000033
Actin-Azure Sponsorship,c27e8e3c-43a4-4c60-a0e1-73fafa80b8fa,11/24/2025,95eca2c1-9519-4c55-baa1-9a0e0b201e25,Automation,Process,All,Basic Runtime,0.033333,0.000067
Actin-Azure Sponsorship,c27e8e3c-43a4-4c60-a0e1-73fafa80b8fa,11/25/2025,95eca2c1-9519-4c55-baa1-9a0e0b201e25,Automation,Process,All,Basic Runtime,0.1,0.0002
Actin-Azure Sponsorship,c27e8e3c-43a4-4c60-a0e1-73fafa80b8fa,11/26/2025,95eca2c1-9519-4c55-baa1-9a0e0b201e25,Automation,Process,All,Basic Runtime,0.016667,0.000033
Actin-Azure Sponsorship,c27e8e3c-43a4-4c60-a0e1-73fafa80b8fa,11/28/2025,95eca2c1-9519-4c55-baa1-9a0e0b201e25,Automation,Process,All,Basic Runtime,0.033333,0.000067
Actin-Azure Sponsorship,c27e8e3c-43a4-4c60-a0e1-73fafa80b8fa,11-01-2025,3c5657c6-28c7-49f0-9456-9a165161954d,Service Bus,All,All,Basic Messaging Operations,1.7E-05,0
Actin-Azure Sponsorship,c27e8e3c-43a4-4c60-a0e1-73fafa80b8fa,11-02-2025,3c5657c6-28c7-49f0-9456-9a165161954d,Service Bus,All,All,Basic Messaging Operations,9E-06,0
Actin-Azure Sponsorship,c27e8e3c-43a4-4c60-a0e1-73fafa80b8fa,11-03-2025,3c5657c6-28c7-49f0-9456-9a165161954d,Service Bus,All,All,Basic Messaging Operations,5E-06,0
Actin-Azure Sponsorship,c27e8e3c-43a4-4c60-a0e1-73fafa80b8fa,11-04-2025,3c5657c6-28c7-49f0-9456-9a165161954d,Service Bus,All,All,Basic Messaging Operations,9E-06,0
Actin-Azure Sponsorship,c27e8e3c-43a4-4c60-a0e1-73fafa80b8fa,11-05-2025,3c5657c6-28c7-49f0-9456-9a165161954d,Service Bus,All,All,Basic Messaging Operations,8E-06,0
Actin-Azure Sponsorship,c27e8e3c-43a4-4c60-a0e1-73fafa80b8fa,11-06-2025,3c5657c6-28c7-49f0-9456-9a165161954d,Service Bus,All,All,Basic Messaging Operations,1E-06,0
Actin-Azure Sponsorship,c27e8e3c-43a4-4c60-a0e1-73fafa80b8fa,11-07-2025,3c5657c6-28c7-49f0-9456-9a165161954d,Service Bus,All,All,Basic Messaging Operations,1E-06,0
Actin-Azure Sponsorship,c27e8e3c-43a4-4c60-a0e1-73fafa80b8fa,11-08-2025,3c5657c6-28c7-49f0-9456-9a165161954d,Service Bus,All,All,Basic Messaging Operations,1E-06,0
Actin-Azure Sponsorship,c27e8e3c-43a4-4c60-a0e1-73fafa80b8fa,11-09-2025,3c5657c6-28c7-49f0-9456-9a165161954d,Service Bus,All,All,Basic Messaging Operations,1E-06,0
Actin-Azure Sponsorship,c27e8e3c-43a4-4c60-a0e1-73fafa80b8fa,11-10-2025,3c5657c6-28c7-49f0-9456-9a165161954d,Service Bus,All,All,Basic Messaging Operations,1E-06,0
Actin-Azure Sponsorship,c27e8e3c-43a4-4c60-a0e1-73fafa80b8fa,11-11-2025,3c5657c6-28c7-49f0-9456-9a165161954d,Service Bus,All,All,Basic Messaging Operations,1E-06,0
Actin-Azure Sponsorship,c27e8e3c-43a4-4c60-a0e1-73fafa80b8fa,11-12-2025,3c5657c6-28c7-49f0-9456-9a165161954d,Service Bus,All,All,Basic Messaging Operations,1E-06,0
Actin-Azure Sponsorship,c27e8e3c-43a4-4c60-a0e1-73fafa80b8fa,11/13/2025,3c5657c6-28c7-49f0-9456-9a165161954d,Service Bus,All,All,Basic Messaging Operations,1E-06,0
Actin-Azure Sponsorship,c27e8e3c-43a4-4c60-a0e1-73fafa80b8fa,11/14/2025,3c5657c6-28c7-49f0-9456-9a165161954d,Service Bus,All,All,Basic Messaging Operations,1E-06,0
Actin-Azure Sponsorship,c27e8e3c-43a4-4c60-a0e1-73fafa80b8fa,11/15/2025,3c5657c6-28c7-49f0-9456-9a165161954d,Service Bus,All,All,Basic Messaging Operations,1E-06,0
Actin-Azure Sponsorship,c27e8e3c-43a4-4c60-a0e1-73fafa80b8fa,11/16/2025,3c5657c6-28c7-49f0-9456-9a165161954d,Service Bus,All,All,Basic Messaging Operations,1E-06,0
Actin-Azure Sponsorship,c27e8e3c-43a4-4c60-a0e1-73fafa80b8fa,11/17/2025,3c5657c6-28c7-49f0-9456-9a165161954d,Service Bus,All,All,Basic Messaging Operations,1E-06,0
Actin-Azure Sponsorship,c27e8e3c-43a4-4c60-a0e1-73fafa80b8fa,11/18/2025,3c5657c6-28c7-49f0-9456-9a165161954d,Service Bus,All,All,Basic Messaging Operations,2E-06,0
Actin-Azure Sponsorship,c27e8e3c-43a4-4c60-a0e1-73fafa80b8fa,11/19/2025,3c5657c6-28c7-49f0-9456-9a165161954d,Service Bus,All,All,Basic Messaging Operations,1E-06,0
Actin-Azure Sponsorship,c27e8e3c-43a4-4c60-a0e1-73fafa80b8fa,11/20/2025,3c5657c6-28c7-49f0-9456-9a165161954d,Service Bus,All,All,Basic Messaging Operations,1E-06,0
Actin-Azure Sponsorship,c27e8e3c-43a4-4c60-a0e1-73fafa80b8fa,11/21/2025,3c5657c6-28c7-49f0-9456-9a165161954d,Service Bus,All,All,Basic Messaging Operations,1E-06,0
Actin-Azure Sponsorship,c27e8e3c-43a4-4c60-a0e1-73fafa80b8fa,11/22/2025,3c5657c6-28c7-49f0-9456-9a165161954d,Service Bus,All,All,Basic Messaging Operations,1E-06,0
Actin-Azure Sponsorship,c27e8e3c-43a4-4c60-a0e1-73fafa80b8fa,11/23/2025,3c5657c6-28c7-49f0-9456-9a165161954d,Service Bus,All,All,Basic Messaging Operations,1E-06,0
Actin-Azure Sponsorship,c27e8e3c-43a4-4c60-a0e1-73fafa80b8fa,11/24/2025,3c5657c6-28c7-49f0-9456-9a165161954d,Service Bus,All,All,Basic Messaging Operations,1E-06,0
Actin-Azure Sponsorship,c27e8e3c-43a4-4c60-a0e1-73fafa80b8fa,11/25/2025,3c5657c6-28c7-49f0-9456-9a165161954d,Service Bus,All,All,Basic Messaging Operations,1E-06,0
Actin-Azure Sponsorship,c27e8e3c-43a4-4c60-a0e1-73fafa80b8fa,11/26/2025,3c5657c6-28c7-49f0-9456-9a165161954d,Service Bus,All,All,Basic Messaging Operations,1E-06,0
Actin-Azure Sponsorship,c27e8e3c-43a4-4c60-a0e1-73fafa80b8fa,11/27/2025,3c5657c6-28c7-49f0-9456-9a165161954d,Service Bus,All,All,Basic Messaging Operations,1E-06,0
Actin-Azure Sponsorship,c27e8e3c-43a4-4c60-a0e1-73fafa80b8fa,11/28/2025,3c5657c6-28c7-49f0-9456-9a165161954d,Service Bus,All,All,Basic Messaging Operations,1E-06,0
Actin-Azure Sponsorship,c27e8e3c-43a4-4c60-a0e1-73fafa80b8fa,11/29/2025,3c5657c6-28c7-49f0-9456-9a165161954d,Service Bus,All,All,Basic Messaging Operations,1E-06,0
Actin-Azure Sponsorship,c27e8e3c-43a4-4c60-a0e1-73fafa80b8fa,11/30/2025,3c5657c6-28c7-49f0-9456-9a165161954d,Service Bus,All,All,Basic Messaging Operations,1E-06,0
Actin-Azure Sponsorship,c27e8e3c-43a4-4c60-a0e1-73fafa80b8fa,11-01-2025,9ad66567-242f-470b-b85c-9a41347c1fe5,Storage,Standard SSD Managed Disks,IN Central,E30 LRS Disk,0.033336,2.816232
Actin-Azure Sponsorship,c27e8e3c-43a4-4c60-a0e1-73fafa80b8fa,11-02-2025,9ad66567-242f-470b-b85c-9a41347c1fe5,Storage,Standard SSD Managed Disks,IN Central,E30 LRS Disk,0.033336,2.816232
Actin-Azure Sponsorship,c27e8e3c-43a4-4c60-a0e1-73fafa80b8fa,11-03-2025,9ad66567-242f-470b-b85c-9a41347c1fe5,Storage,Standard SSD Managed Disks,IN Central,E30 LRS Disk,0.033336,2.816232
Actin-Azure Sponsorship,c27e8e3c-43a4-4c60-a0e1-73fafa80b8fa,11-04-2025,9ad66567-242f-470b-b85c-9a41347c1fe5,Storage,Standard SSD Managed Disks,IN Central,E30 LRS Disk,0.033336,2.816232
Actin-Azure Sponsorship,c27e8e3c-43a4-4c60-a0e1-73fafa80b8fa,11-05-2025,9ad66567-242f-470b-b85c-9a41347c1fe5,Storage,Standard SSD Managed Disks,IN Central,E30 LRS Disk,0.033336,2.816232
Actin-Azure Sponsorship,c27e8e3c-43a4-4c60-a0e1-73fafa80b8fa,11-06-2025,9ad66567-242f-470b-b85c-9a41347c1fe5,Storage,Standard SSD Managed Disks,IN Central,E30 LRS Disk,0.033336,2.816232
Actin-Azure Sponsorship,c27e8e3c-43a4-4c60-a0e1-73fafa80b8fa,11-07-2025,9ad66567-242f-470b-b85c-9a41347c1fe5,Storage,Standard SSD Managed Disks,IN Central,E30 LRS Disk,0.033336,2.816232
Actin-Azure Sponsorship,c27e8e3c-43a4-4c60-a0e1-73fafa80b8fa,11-08-2025,9ad66567-242f-470b-b85c-9a41347c1fe5,Storage,Standard SSD Managed Disks,IN Central,E30 LRS Disk,0.033336,2.816232
Actin-Azure Sponsorship,c27e8e3c-43a4-4c60-a0e1-73fafa80b8fa,11-09-2025,9ad66567-242f-470b-b85c-9a41347c1fe5,Storage,Standard SSD Managed Disks,IN Central,E30 LRS Disk,0.033336,2.816232
Actin-Azure Sponsorship,c27e8e3c-43a4-4c60-a0e1-73fafa80b8fa,11-10-2025,9ad66567-242f-470b-b85c-9a41347c1fe5,Storage,Standard SSD Managed Disks,IN Central,E30 LRS Disk,0.033336,2.816232
Actin-Azure Sponsorship,c27e8e3c-43a4-4c60-a0e1-73fafa80b8fa,11-11-2025,9ad66567-242f-470b-b85c-9a41347c1fe5,Storage,Standard SSD Managed Disks,IN Central,E30 LRS Disk,0.033336,2.816232
Actin-Azure Sponsorship,c27e8e3c-43a4-4c60-a0e1-73fafa80b8fa,11-12-2025,9ad66567-242f-470b-b85c-9a41347c1fe5,Storage,Standard SSD Managed Disks,IN Central,E30 LRS Disk,0.033336,2.816232
Actin-Azure Sponsorship,c27e8e3c-43a4-4c60-a0e1-73fafa80b8fa,11/13/2025,9ad66567-242f-470b-b85c-9a41347c1fe5,Storage,Standard SSD Managed Disks,IN Central,E30 LRS Disk,0.033336,2.816232
Actin-Azure Sponsorship,c27e8e3c-43a4-4c60-a0e1-73fafa80b8fa,11/14/2025,9ad66567-242f-470b-b85c-9a41347c1fe5,Storage,Standard SSD Managed Disks,IN Central,E30 LRS Disk,0.033336,2.816232
Actin-Azure Sponsorship,c27e8e3c-43a4-4c60-a0e1-73fafa80b8fa,11/15/2025,9ad66567-242f-470b-b85c-9a41347c1fe5,Storage,Standard SSD Managed Disks,IN Central,E30 LRS Disk,0.033336,2.816232
Actin-Azure Sponsorship,c27e8e3c-43a4-4c60-a0e1-73fafa80b8fa,11/16/2025,9ad66567-242f-470b-b85c-9a41347c1fe5,Storage,Standard SSD Managed Disks,IN Central,E30 LRS Disk,0.033336,2.816232
Actin-Azure Sponsorship,c27e8e3c-43a4-4c60-a0e1-73fafa80b8fa,11/17/2025,9ad66567-242f-470b-b85c-9a41347c1fe5,Storage,Standard SSD Managed Disks,IN Central,E30 LRS Disk,0.033336,2.816232
Actin-Azure Sponsorship,c27e8e3c-43a4-4c60-a0e1-73fafa80b8fa,11/18/2025,9ad66567-242f-470b-b85c-9a41347c1fe5,Storage,Standard SSD Managed Disks,IN Central,E30 LRS Disk,0.033336,2.816232
Actin-Azure Sponsorship,c27e8e3c-43a4-4c60-a0e1-73fafa80b8fa,11/19/2025,9ad66567-242f-470b-b85c-9a41347c1fe5,Storage,Standard SSD Managed Disks,IN Central,E30 LRS Disk,0.033336,2.816232
Actin-Azure Sponsorship,c27e8e3c-43a4-4c60-a0e1-73fafa80b8fa,11/20/2025,9ad66567-242f-470b-b85c-9a41347c1fe5,Storage,Standard SSD Managed Disks,IN Central,E30 LRS Disk,0.033336,2.816232
Actin-Azure Sponsorship,c27e8e3c-43a4-4c60-a0e1-73fafa80b8fa,11/21/2025,9ad66567-242f-470b-b85c-9a41347c1fe5,Storage,Standard SSD Managed Disks,IN Central,E30 LRS Disk,0.033336,2.816232
Actin-Azure Sponsorship,c27e8e3c-43a4-4c60-a0e1-73fafa80b8fa,11/22/2025,9ad66567-242f-470b-b85c-9a41347c1fe5,Storage,Standard SSD Managed Disks,IN Central,E30 LRS Disk,0.033336,2.816232
Actin-Azure Sponsorship,c27e8e3c-43a4-4c60-a0e1-73fafa80b8fa,11/23/2025,9ad66567-242f-470b-b85c-9a41347c1fe5,Storage,Standard SSD Managed Disks,IN Central,E30 LRS Disk,0.033336,2.816232
Actin-Azure Sponsorship,c27e8e3c-43a4-4c60-a0e1-73fafa80b8fa,11/24/2025,9ad66567-242f-470b-b85c-9a41347c1fe5,Storage,Standard SSD Managed Disks,IN Central,E30 LRS Disk,0.033336,2.816232
Actin-Azure Sponsorship,c27e8e3c-43a4-4c60-a0e1-73fafa80b8fa,11/25/2025,9ad66567-242f-470b-b85c-9a41347c1fe5,Storage,Standard SSD Managed Disks,IN Central,E30 LRS Disk,0.033336,2.816232
Actin-Azure Sponsorship,c27e8e3c-43a4-4c60-a0e1-73fafa80b8fa,11/26/2025,9ad66567-242f-470b-b85c-9a41347c1fe5,Storage,Standard SSD Managed Disks,IN Central,E30 LRS Disk,0.033336,2.816232
Actin-Azure Sponsorship,c27e8e3c-43a4-4c60-a0e1-73fafa80b8fa,11/27/2025,9ad66567-242f-470b-b85c-9a41347c1fe5,Storage,Standard SSD Managed Disks,IN Central,E30 LRS Disk,0.033336,2.816232
Actin-Azure Sponsorship,c27e8e3c-43a4-4c60-a0e1-73fafa80b8fa,11/28/2025,9ad66567-242f-470b-b85c-9a41347c1fe5,Storage,Standard SSD Managed Disks,IN Central,E30 LRS Disk,0.033336,2.816232
Actin-Azure Sponsorship,c27e8e3c-43a4-4c60-a0e1-73fafa80b8fa,11/29/2025,9ad66567-242f-470b-b85c-9a41347c1fe5,Storage,Standard SSD Managed Disks,IN Central,E30 LRS Disk,0.033336,2.816232
Actin-Azure Sponsorship,c27e8e3c-43a4-4c60-a0e1-73fafa80b8fa,11/30/2025,9ad66567-242f-470b-b85c-9a41347c1fe5,Storage,Standard SSD Managed Disks,IN Central,E30 LRS Disk,0.033336,2.816232
Actin-Azure Sponsorship,c27e8e3c-43a4-4c60-a0e1-73fafa80b8fa,11-01-2025,a90aec9f-eecb-42c7-8421-9b96716996dc,Azure App Service,Free Plan - Linux,All,F1 App,0.032256,0
Actin-Azure Sponsorship,c27e8e3c-43a4-4c60-a0e1-73fafa80b8fa,11-02-2025,a90aec9f-eecb-42c7-8421-9b96716996dc,Azure App Service,Free Plan - Linux,All,F1 App,0.032256,0
Actin-Azure Sponsorship,c27e8e3c-43a4-4c60-a0e1-73fafa80b8fa,11-03-2025,a90aec9f-eecb-42c7-8421-9b96716996dc,Azure App Service,Free Plan - Linux,All,F1 App,0.032256,0
Actin-Azure Sponsorship,c27e8e3c-43a4-4c60-a0e1-73fafa80b8fa,11-04-2025,a90aec9f-eecb-42c7-8421-9b96716996dc,Azure App Service,Free Plan - Linux,All,F1 App,0.032256,0
Actin-Azure Sponsorship,c27e8e3c-43a4-4c60-a0e1-73fafa80b8fa,11-05-2025,a90aec9f-eecb-42c7-8421-9b96716996dc,Azure App Service,Free Plan - Linux,All,F1 App,0.032256,0
Actin-Azure Sponsorship,c27e8e3c-43a4-4c60-a0e1-73fafa80b8fa,11-06-2025,a90aec9f-eecb-42c7-8421-9b96716996dc,Azure App Service,Free Plan - Linux,All,F1 App,0.032256,0
Actin-Azure Sponsorship,c27e8e3c-43a4-4c60-a0e1-73fafa80b8fa,11-07-2025,a90aec9f-eecb-42c7-8421-9b96716996dc,Azure App Service,Free Plan - Linux,All,F1 App,0.032256,0
Actin-Azure Sponsorship,c27e8e3c-43a4-4c60-a0e1-73fafa80b8fa,11-08-2025,a90aec9f-eecb-42c7-8421-9b96716996dc,Azure App Service,Free Plan - Linux,All,F1 App,0.032256,0
Actin-Azure Sponsorship,c27e8e3c-43a4-4c60-a0e1-73fafa80b8fa,11-09-2025,a90aec9f-eecb-42c7-8421-9b96716996dc,Azure App Service,Free Plan - Linux,All,F1 App,0.032256,0
Actin-Azure Sponsorship,c27e8e3c-43a4-4c60-a0e1-73fafa80b8fa,11-10-2025,a90aec9f-eecb-42c7-8421-9b96716996dc,Azure App Service,Free Plan - Linux,All,F1 App,0.032256,0
Actin-Azure Sponsorship,c27e8e3c-43a4-4c60-a0e1-73fafa80b8fa,11-11-2025,a90aec9f-eecb-42c7-8421-9b96716996dc,Azure App Service,Free Plan - Linux,All,F1 App,0.032256,0
Actin-Azure Sponsorship,c27e8e3c-43a4-4c60-a0e1-73fafa80b8fa,11-12-2025,a90aec9f-eecb-42c7-8421-9b96716996dc,Azure App Service,Free Plan - Linux,All,F1 App,0.032256,0
Actin-Azure Sponsorship,c27e8e3c-43a4-4c60-a0e1-73fafa80b8fa,11/13/2025,a90aec9f-eecb-42c7-8421-9b96716996dc,Azure App Service,Free Plan - Linux,All,F1 App,0.032256,0
Actin-Azure Sponsorship,c27e8e3c-43a4-4c60-a0e1-73fafa80b8fa,11/14/2025,a90aec9f-eecb-42c7-8421-9b96716996dc,Azure App Service,Free Plan - Linux,All,F1 App,0.032256,0
Actin-Azure Sponsorship,c27e8e3c-43a4-4c60-a0e1-73fafa80b8fa,11/15/2025,a90aec9f-eecb-42c7-8421-9b96716996dc,Azure App Service,Free Plan - Linux,All,F1 App,0.032256,0
Actin-Azure Sponsorship,c27e8e3c-43a4-4c60-a0e1-73fafa80b8fa,11/16/2025,a90aec9f-eecb-42c7-8421-9b96716996dc,Azure App Service,Free Plan - Linux,All,F1 App,0.032256,0
Actin-Azure Sponsorship,c27e8e3c-43a4-4c60-a0e1-73fafa80b8fa,11/17/2025,a90aec9f-eecb-42c7-8421-9b96716996dc,Azure App Service,Free Plan - Linux,All,F1 App,0.032256,0
Actin-Azure Sponsorship,c27e8e3c-43a4-4c60-a0e1-73fafa80b8fa,11/18/2025,a90aec9f-eecb-42c7-8421-9b96716996dc,Azure App Service,Free Plan - Linux,All,F1 App,0.032256,0
Actin-Azure Sponsorship,c27e8e3c-43a4-4c60-a0e1-73fafa80b8fa,11/19/2025,a90aec9f-eecb-42c7-8421-9b96716996dc,Azure App Service,Free Plan - Linux,All,F1 App,0.032256,0
Actin-Azure Sponsorship,c27e8e3c-43a4-4c60-a0e1-73fafa80b8fa,11/20/2025,a90aec9f-eecb-42c7-8421-9b96716996dc,Azure App Service,Free Plan - Linux,All,F1 App,0.032256,0
Actin-Azure Sponsorship,c27e8e3c-43a4-4c60-a0e1-73fafa80b8fa,11/21/2025,a90aec9f-eecb-42c7-8421-9b96716996dc,Azure App Service,Free Plan - Linux,All,F1 App,0.032256,0
Actin-Azure Sponsorship,c27e8e3c-43a4-4c60-a0e1-73fafa80b8fa,11/22/2025,a90aec9f-eecb-42c7-8421-9b96716996dc,Azure App Service,Free Plan - Linux,All,F1 App,0.032256,0
Actin-Azure Sponsorship,c27e8e3c-43a4-4c60-a0e1-73fafa80b8fa,11/23/2025,a90aec9f-eecb-42c7-8421-9b96716996dc,Azure App Service,Free Plan - Linux,All,F1 App,0.032256,0
Actin-Azure Sponsorship,c27e8e3c-43a4-4c60-a0e1-73fafa80b8fa,11/24/2025,a90aec9f-eecb-42c7-8421-9b96716996dc,Azure App Service,Free Plan - Linux,All,F1 App,0.032256,0
Actin-Azure Sponsorship,c27e8e3c-43a4-4c60-a0e1-73fafa80b8fa,11/25/2025,a90aec9f-eecb-42c7-8421-9b96716996dc,Azure App Service,Free Plan - Linux,All,F1 App,0.032256,0
Actin-Azure Sponsorship,c27e8e3c-43a4-4c60-a0e1-73fafa80b8fa,11/26/2025,a90aec9f-eecb-42c7-8421-9b96716996dc,Azure App Service,Free Plan - Linux,All,F1 App,0.032256,0
Actin-Azure Sponsorship,c27e8e3c-43a4-4c60-a0e1-73fafa80b8fa,11/27/2025,a90aec9f-eecb-42c7-8421-9b96716996dc,Azure App Service,Free Plan - Linux,All,F1 App,0.032256,0
Actin-Azure Sponsorship,c27e8e3c-43a4-4c60-a0e1-73fafa80b8fa,11/28/2025,a90aec9f-eecb-42c7-8421-9b96716996dc,Azure App Service,Free Plan - Linux,All,F1 App,0.032256,0
Actin-Azure Sponsorship,c27e8e3c-43a4-4c60-a0e1-73fafa80b8fa,11/29/2025,a90aec9f-eecb-42c7-8421-9b96716996dc,Azure App Service,Free Plan - Linux,All,F1 App,0.032256,0
Actin-Azure Sponsorship,c27e8e3c-43a4-4c60-a0e1-73fafa80b8fa,11/30/2025,a90aec9f-eecb-42c7-8421-9b96716996dc,Azure App Service,Free Plan - Linux,All,F1 App,0.032256,0
Actin-Azure Sponsorship,c27e8e3c-43a4-4c60-a0e1-73fafa80b8fa,11-01-2025,177ee643-5434-4c04-ae11-9e01672ed87e,Event Hubs,All,All,Basic Throughput Unit,24,0.36
Actin-Azure Sponsorship,c27e8e3c-43a4-4c60-a0e1-73fafa80b8fa,11-02-2025,177ee643-5434-4c04-ae11-9e01672ed87e,Event Hubs,All,All,Basic Throughput Unit,23,0.345
Actin-Azure Sponsorship,c27e8e3c-43a4-4c60-a0e1-73fafa80b8fa,11-03-2025,177ee643-5434-4c04-ae11-9e01672ed87e,Event Hubs,All,All,Basic Throughput Unit,23,0.345
Actin-Azure Sponsorship,c27e8e3c-43a4-4c60-a0e1-73fafa80b8fa,11-04-2025,177ee643-5434-4c04-ae11-9e01672ed87e,Event Hubs,All,All,Basic Throughput Unit,24,0.36
Actin-Azure Sponsorship,c27e8e3c-43a4-4c60-a0e1-73fafa80b8fa,11-05-2025,177ee643-5434-4c04-ae11-9e01672ed87e,Event Hubs,All,All,Basic Throughput Unit,24,0.36
Actin-Azure Sponsorship,c27e8e3c-43a4-4c60-a0e1-73fafa80b8fa,11-06-2025,177ee643-5434-4c04-ae11-9e01672ed87e,Event Hubs,All,All,Basic Throughput Unit,24,0.36
Actin-Azure Sponsorship,c27e8e3c-43a4-4c60-a0e1-73fafa80b8fa,11-07-2025,177ee643-5434-4c04-ae11-9e01672ed87e,Event Hubs,All,All,Basic Throughput Unit,24,0.36
Actin-Azure Sponsorship,c27e8e3c-43a4-4c60-a0e1-73fafa80b8fa,11-08-2025,177ee643-5434-4c04-ae11-9e01672ed87e,Event Hubs,All,All,Basic Throughput Unit,24,0.36
Actin-Azure Sponsorship,c27e8e3c-43a4-4c60-a0e1-73fafa80b8fa,11-09-2025,177ee643-5434-4c04-ae11-9e01672ed87e,Event Hubs,All,All,Basic Throughput Unit,24,0.36
Actin-Azure Sponsorship,c27e8e3c-43a4-4c60-a0e1-73fafa80b8fa,11-10-2025,177ee643-5434-4c04-ae11-9e01672ed87e,Event Hubs,All,All,Basic Throughput Unit,24,0.36
Actin-Azure Sponsorship,c27e8e3c-43a4-4c60-a0e1-73fafa80b8fa,11-11-2025,177ee643-5434-4c04-ae11-9e01672ed87e,Event Hubs,All,All,Basic Throughput Unit,24,0.36
Actin-Azure Sponsorship,c27e8e3c-43a4-4c60-a0e1-73fafa80b8fa,11-12-2025,177ee643-5434-4c04-ae11-9e01672ed87e,Event Hubs,All,All,Basic Throughput Unit,24,0.36
Actin-Azure Sponsorship,c27e8e3c-43a4-4c60-a0e1-73fafa80b8fa,11/13/2025,177ee643-5434-4c04-ae11-9e01672ed87e,Event Hubs,All,All,Basic Throughput Unit,24,0.36
Actin-Azure Sponsorship,c27e8e3c-43a4-4c60-a0e1-73fafa80b8fa,11/14/2025,177ee643-5434-4c04-ae11-9e01672ed87e,Event Hubs,All,All,Basic Throughput Unit,24,0.36
Actin-Azure Sponsorship,c27e8e3c-43a4-4c60-a0e1-73fafa80b8fa,11/15/2025,177ee643-5434-4c04-ae11-9e01672ed87e,Event Hubs,All,All,Basic Throughput Unit,24,0.36
Actin-Azure Sponsorship,c27e8e3c-43a4-4c60-a0e1-73fafa80b8fa,11/16/2025,177ee643-5434-4c04-ae11-9e01672ed87e,Event Hubs,All,All,Basic Throughput Unit,24,0.36
Actin-Azure Sponsorship,c27e8e3c-43a4-4c60-a0e1-73fafa80b8fa,11/17/2025,177ee643-5434-4c04-ae11-9e01672ed87e,Event Hubs,All,All,Basic Throughput Unit,24,0.36
Actin-Azure Sponsorship,c27e8e3c-43a4-4c60-a0e1-73fafa80b8fa,11/18/2025,177ee643-5434-4c04-ae11-9e01672ed87e,Event Hubs,All,All,Basic Throughput Unit,24,0.36
Actin-Azure Sponsorship,c27e8e3c-43a4-4c60-a0e1-73fafa80b8fa,11/19/2025,177ee643-5434-4c04-ae11-9e01672ed87e,Event Hubs,All,All,Basic Throughput Unit,24,0.36
Actin-Azure Sponsorship,c27e8e3c-43a4-4c60-a0e1-73fafa80b8fa,11/20/2025,177ee643-5434-4c04-ae11-9e01672ed87e,Event Hubs,All,All,Basic Throughput Unit,24,0.36
Actin-Azure Sponsorship,c27e8e3c-43a4-4c60-a0e1-73fafa80b8fa,11/21/2025,177ee643-5434-4c04-ae11-9e01672ed87e,Event Hubs,All,All,Basic Throughput Unit,24,0.36
Actin-Azure Sponsorship,c27e8e3c-43a4-4c60-a0e1-73fafa80b8fa,11/22/2025,177ee643-5434-4c04-ae11-9e01672ed87e,Event Hubs,All,All,Basic Throughput Unit,24,0.36
Actin-Azure Sponsorship,c27e8e3c-43a4-4c60-a0e1-73fafa80b8fa,11/23/2025,177ee643-5434-4c04-ae11-9e01672ed87e,Event Hubs,All,All,Basic Throughput Unit,24,0.36
Actin-Azure Sponsorship,c27e8e3c-43a4-4c60-a0e1-73fafa80b8fa,11/24/2025,177ee643-5434-4c04-ae11-9e01672ed87e,Event Hubs,All,All,Basic Throughput Unit,24,0.36
Actin-Azure Sponsorship,c27e8e3c-43a4-4c60-a0e1-73fafa80b8fa,11/25/2025,177ee643-5434-4c04-ae11-9e01672ed87e,Event Hubs,All,All,Basic Throughput Unit,24,0.36
Actin-Azure Sponsorship,c27e8e3c-43a4-4c60-a0e1-73fafa80b8fa,11/26/2025,177ee643-5434-4c04-ae11-9e01672ed87e,Event Hubs,All,All,Basic Throughput Unit,24,0.36
Actin-Azure Sponsorship,c27e8e3c-43a4-4c60-a0e1-73fafa80b8fa,11/27/2025,177ee643-5434-4c04-ae11-9e01672ed87e,Event Hubs,All,All,Basic Throughput Unit,24,0.36
Actin-Azure Sponsorship,c27e8e3c-43a4-4c60-a0e1-73fafa80b8fa,11/28/2025,177ee643-5434-4c04-ae11-9e01672ed87e,Event Hubs,All,All,Basic Throughput Unit,24,0.36
Actin-Azure Sponsorship,c27e8e3c-43a4-4c60-a0e1-73fafa80b8fa,11/29/2025,177ee643-5434-4c04-ae11-9e01672ed87e,Event Hubs,All,All,Basic Throughput Unit,24,0.36
Actin-Azure Sponsorship,c27e8e3c-43a4-4c60-a0e1-73fafa80b8fa,11/30/2025,177ee643-5434-4c04-ae11-9e01672ed87e,Event Hubs,All,All,Basic Throughput Unit,24,0.36
Actin-Azure Sponsorship,c27e8e3c-43a4-4c60-a0e1-73fafa80b8fa,11-01-2025,734de0e1-404b-4c78-a340-a5f6498aca77,Virtual Machines,BS Series,IN Central,B2s,71.966706,3.224108
Actin-Azure Sponsorship,c27e8e3c-43a4-4c60-a0e1-73fafa80b8fa,11-02-2025,734de0e1-404b-4c78-a340-a5f6498aca77,Virtual Machines,BS Series,IN Central,B2s,72,3.2256
Actin-Azure Sponsorship,c27e8e3c-43a4-4c60-a0e1-73fafa80b8fa,11-03-2025,734de0e1-404b-4c78-a340-a5f6498aca77,Virtual Machines,BS Series,IN Central,B2s,72,3.2256
Actin-Azure Sponsorship,c27e8e3c-43a4-4c60-a0e1-73fafa80b8fa,11-04-2025,734de0e1-404b-4c78-a340-a5f6498aca77,Virtual Machines,BS Series,IN Central,B2s,49.200004,2.20416
Actin-Azure Sponsorship,c27e8e3c-43a4-4c60-a0e1-73fafa80b8fa,11-05-2025,734de0e1-404b-4c78-a340-a5f6498aca77,Virtual Machines,BS Series,IN Central,B2s,48,2.1504
Actin-Azure Sponsorship,c27e8e3c-43a4-4c60-a0e1-73fafa80b8fa,11-06-2025,734de0e1-404b-4c78-a340-a5f6498aca77,Virtual Machines,BS Series,IN Central,B2s,48,2.1504
Actin-Azure Sponsorship,c27e8e3c-43a4-4c60-a0e1-73fafa80b8fa,11-07-2025,734de0e1-404b-4c78-a340-a5f6498aca77,Virtual Machines,BS Series,IN Central,B2s,48,2.1504
Actin-Azure Sponsorship,c27e8e3c-43a4-4c60-a0e1-73fafa80b8fa,11-08-2025,734de0e1-404b-4c78-a340-a5f6498aca77,Virtual Machines,BS Series,IN Central,B2s,47.983353,2.149654
Actin-Azure Sponsorship,c27e8e3c-43a4-4c60-a0e1-73fafa80b8fa,11-09-2025,734de0e1-404b-4c78-a340-a5f6498aca77,Virtual Machines,BS Series,IN Central,B2s,48,2.1504
Actin-Azure Sponsorship,c27e8e3c-43a4-4c60-a0e1-73fafa80b8fa,11-10-2025,734de0e1-404b-4c78-a340-a5f6498aca77,Virtual Machines,BS Series,IN Central,B2s,47.966706,2.148908
Actin-Azure Sponsorship,c27e8e3c-43a4-4c60-a0e1-73fafa80b8fa,11-11-2025,734de0e1-404b-4c78-a340-a5f6498aca77,Virtual Machines,BS Series,IN Central,B2s,48,2.1504
Actin-Azure Sponsorship,c27e8e3c-43a4-4c60-a0e1-73fafa80b8fa,11-12-2025,734de0e1-404b-4c78-a340-a5f6498aca77,Virtual Machines,BS Series,IN Central,B2s,48,2.1504
Actin-Azure Sponsorship,c27e8e3c-43a4-4c60-a0e1-73fafa80b8fa,11/13/2025,734de0e1-404b-4c78-a340-a5f6498aca77,Virtual Machines,BS Series,IN Central,B2s,47.983353,2.149654
Actin-Azure Sponsorship,c27e8e3c-43a4-4c60-a0e1-73fafa80b8fa,11/14/2025,734de0e1-404b-4c78-a340-a5f6498aca77,Virtual Machines,BS Series,IN Central,B2s,47.950059,2.148162
Actin-Azure Sponsorship,c27e8e3c-43a4-4c60-a0e1-73fafa80b8fa,11/15/2025,734de0e1-404b-4c78-a340-a5f6498aca77,Virtual Machines,BS Series,IN Central,B2s,47.983353,2.149654
Actin-Azure Sponsorship,c27e8e3c-43a4-4c60-a0e1-73fafa80b8fa,11/16/2025,734de0e1-404b-4c78-a340-a5f6498aca77,Virtual Machines,BS Series,IN Central,B2s,47.933412,2.147416
Actin-Azure Sponsorship,c27e8e3c-43a4-4c60-a0e1-73fafa80b8fa,11/17/2025,734de0e1-404b-4c78-a340-a5f6498aca77,Virtual Machines,BS Series,IN Central,B2s,47.966706,2.148908
Actin-Azure Sponsorship,c27e8e3c-43a4-4c60-a0e1-73fafa80b8fa,11/18/2025,734de0e1-404b-4c78-a340-a5f6498aca77,Virtual Machines,BS Series,IN Central,B2s,48,2.1504
Actin-Azure Sponsorship,c27e8e3c-43a4-4c60-a0e1-73fafa80b8fa,11/19/2025,734de0e1-404b-4c78-a340-a5f6498aca77,Virtual Machines,BS Series,IN Central,B2s,48,2.1504
Actin-Azure Sponsorship,c27e8e3c-43a4-4c60-a0e1-73fafa80b8fa,11/20/2025,734de0e1-404b-4c78-a340-a5f6498aca77,Virtual Machines,BS Series,IN Central,B2s,47.950059,2.148162
Actin-Azure Sponsorship,c27e8e3c-43a4-4c60-a0e1-73fafa80b8fa,11/21/2025,734de0e1-404b-4c78-a340-a5f6498aca77,Virtual Machines,BS Series,IN Central,B2s,47.950059,2.148162
Actin-Azure Sponsorship,c27e8e3c-43a4-4c60-a0e1-73fafa80b8fa,11/22/2025,734de0e1-404b-4c78-a340-a5f6498aca77,Virtual Machines,BS Series,IN Central,B2s,47.950059,2.148162
Actin-Azure Sponsorship,c27e8e3c-43a4-4c60-a0e1-73fafa80b8fa,11/23/2025,734de0e1-404b-4c78-a340-a5f6498aca77,Virtual Machines,BS Series,IN Central,B2s,47.933412,2.147416
Actin-Azure Sponsorship,c27e8e3c-43a4-4c60-a0e1-73fafa80b8fa,11/24/2025,734de0e1-404b-4c78-a340-a5f6498aca77,Virtual Machines,BS Series,IN Central,B2s,47.983353,2.149654
Actin-Azure Sponsorship,c27e8e3c-43a4-4c60-a0e1-73fafa80b8fa,11/25/2025,734de0e1-404b-4c78-a340-a5f6498aca77,Virtual Machines,BS Series,IN Central,B2s,48,2.1504
Actin-Azure Sponsorship,c27e8e3c-43a4-4c60-a0e1-73fafa80b8fa,11/26/2025,734de0e1-404b-4c78-a340-a5f6498aca77,Virtual Machines,BS Series,IN Central,B2s,48,2.1504
Actin-Azure Sponsorship,c27e8e3c-43a4-4c60-a0e1-73fafa80b8fa,11/27/2025,734de0e1-404b-4c78-a340-a5f6498aca77,Virtual Machines,BS Series,IN Central,B2s,48,2.1504
Actin-Azure Sponsorship,c27e8e3c-43a4-4c60-a0e1-73fafa80b8fa,11/28/2025,734de0e1-404b-4c78-a340-a5f6498aca77,Virtual Machines,BS Series,IN Central,B2s,48,2.1504
Actin-Azure Sponsorship,c27e8e3c-43a4-4c60-a0e1-73fafa80b8fa,11/29/2025,734de0e1-404b-4c78-a340-a5f6498aca77,Virtual Machines,BS Series,IN Central,B2s,48,2.1504
Actin-Azure Sponsorship,c27e8e3c-43a4-4c60-a0e1-73fafa80b8fa,11/30/2025,734de0e1-404b-4c78-a340-a5f6498aca77,Virtual Machines,BS Series,IN Central,B2s,48,2.1504
Actin-Azure Sponsorship,c27e8e3c-43a4-4c60-a0e1-73fafa80b8fa,11-01-2025,ae30040a-67f5-485b-b0f4-a6ef50504d9c,NAT Gateway,NAT Gateway,Global,Standard Gateway,24,1.08
Actin-Azure Sponsorship,c27e8e3c-43a4-4c60-a0e1-73fafa80b8fa,11-02-2025,ae30040a-67f5-485b-b0f4-a6ef50504d9c,NAT Gateway,NAT Gateway,Global,Standard Gateway,24,1.08
Actin-Azure Sponsorship,c27e8e3c-43a4-4c60-a0e1-73fafa80b8fa,11-03-2025,ae30040a-67f5-485b-b0f4-a6ef50504d9c,NAT Gateway,NAT Gateway,Global,Standard Gateway,24,1.08
Actin-Azure Sponsorship,c27e8e3c-43a4-4c60-a0e1-73fafa80b8fa,11-04-2025,ae30040a-67f5-485b-b0f4-a6ef50504d9c,NAT Gateway,NAT Gateway,Global,Standard Gateway,24,1.08
Actin-Azure Sponsorship,c27e8e3c-43a4-4c60-a0e1-73fafa80b8fa,11-05-2025,ae30040a-67f5-485b-b0f4-a6ef50504d9c,NAT Gateway,NAT Gateway,Global,Standard Gateway,24,1.08
Actin-Azure Sponsorship,c27e8e3c-43a4-4c60-a0e1-73fafa80b8fa,11-06-2025,ae30040a-67f5-485b-b0f4-a6ef50504d9c,NAT Gateway,NAT Gateway,Global,Standard Gateway,24,1.08
Actin-Azure Sponsorship,c27e8e3c-43a4-4c60-a0e1-73fafa80b8fa,11-07-2025,ae30040a-67f5-485b-b0f4-a6ef50504d9c,NAT Gateway,NAT Gateway,Global,Standard Gateway,24,1.08
Actin-Azure Sponsorship,c27e8e3c-43a4-4c60-a0e1-73fafa80b8fa,11-08-2025,ae30040a-67f5-485b-b0f4-a6ef50504d9c,NAT Gateway,NAT Gateway,Global,Standard Gateway,24,1.08
Actin-Azure Sponsorship,c27e8e3c-43a4-4c60-a0e1-73fafa80b8fa,11-09-2025,ae30040a-67f5-485b-b0f4-a6ef50504d9c,NAT Gateway,NAT Gateway,Global,Standard Gateway,24,1.08
Actin-Azure Sponsorship,c27e8e3c-43a4-4c60-a0e1-73fafa80b8fa,11-10-2025,ae30040a-67f5-485b-b0f4-a6ef50504d9c,NAT Gateway,NAT Gateway,Global,Standard Gateway,24,1.08
Actin-Azure Sponsorship,c27e8e3c-43a4-4c60-a0e1-73fafa80b8fa,11-11-2025,ae30040a-67f5-485b-b0f4-a6ef50504d9c,NAT Gateway,NAT Gateway,Global,Standard Gateway,24,1.08
Actin-Azure Sponsorship,c27e8e3c-43a4-4c60-a0e1-73fafa80b8fa,11-12-2025,ae30040a-67f5-485b-b0f4-a6ef50504d9c,NAT Gateway,NAT Gateway,Global,Standard Gateway,24,1.08
Actin-Azure Sponsorship,c27e8e3c-43a4-4c60-a0e1-73fafa80b8fa,11/13/2025,ae30040a-67f5-485b-b0f4-a6ef50504d9c,NAT Gateway,NAT Gateway,Global,Standard Gateway,24,1.08
Actin-Azure Sponsorship,c27e8e3c-43a4-4c60-a0e1-73fafa80b8fa,11/14/2025,ae30040a-67f5-485b-b0f4-a6ef50504d9c,NAT Gateway,NAT Gateway,Global,Standard Gateway,24,1.08
Actin-Azure Sponsorship,c27e8e3c-43a4-4c60-a0e1-73fafa80b8fa,11/15/2025,ae30040a-67f5-485b-b0f4-a6ef50504d9c,NAT Gateway,NAT Gateway,Global,Standard Gateway,24,1.08
Actin-Azure Sponsorship,c27e8e3c-43a4-4c60-a0e1-73fafa80b8fa,11/16/2025,ae30040a-67f5-485b-b0f4-a6ef50504d9c,NAT Gateway,NAT Gateway,Global,Standard Gateway,24,1.08
Actin-Azure Sponsorship,c27e8e3c-43a4-4c60-a0e1-73fafa80b8fa,11/17/2025,ae30040a-67f5-485b-b0f4-a6ef50504d9c,NAT Gateway,NAT Gateway,Global,Standard Gateway,24,1.08
Actin-Azure Sponsorship,c27e8e3c-43a4-4c60-a0e1-73fafa80b8fa,11/18/2025,ae30040a-67f5-485b-b0f4-a6ef50504d9c,NAT Gateway,NAT Gateway,Global,Standard Gateway,24,1.08
Actin-Azure Sponsorship,c27e8e3c-43a4-4c60-a0e1-73fafa80b8fa,11/19/2025,ae30040a-67f5-485b-b0f4-a6ef50504d9c,NAT Gateway,NAT Gateway,Global,Standard Gateway,24,1.08
Actin-Azure Sponsorship,c27e8e3c-43a4-4c60-a0e1-73fafa80b8fa,11/20/2025,ae30040a-67f5-485b-b0f4-a6ef50504d9c,NAT Gateway,NAT Gateway,Global,Standard Gateway,24,1.08
Actin-Azure Sponsorship,c27e8e3c-43a4-4c60-a0e1-73fafa80b8fa,11/21/2025,ae30040a-67f5-485b-b0f4-a6ef50504d9c,NAT Gateway,NAT Gateway,Global,Standard Gateway,24,1.08
Actin-Azure Sponsorship,c27e8e3c-43a4-4c60-a0e1-73fafa80b8fa,11/22/2025,ae30040a-67f5-485b-b0f4-a6ef50504d9c,NAT Gateway,NAT Gateway,Global,Standard Gateway,24,1.08
Actin-Azure Sponsorship,c27e8e3c-43a4-4c60-a0e1-73fafa80b8fa,11/23/2025,ae30040a-67f5-485b-b0f4-a6ef50504d9c,NAT Gateway,NAT Gateway,Global,Standard Gateway,24,1.08
Actin-Azure Sponsorship,c27e8e3c-43a4-4c60-a0e1-73fafa80b8fa,11/24/2025,ae30040a-67f5-485b-b0f4-a6ef50504d9c,NAT Gateway,NAT Gateway,Global,Standard Gateway,24,1.08
Actin-Azure Sponsorship,c27e8e3c-43a4-4c60-a0e1-73fafa80b8fa,11/25/2025,ae30040a-67f5-485b-b0f4-a6ef50504d9c,NAT Gateway,NAT Gateway,Global,Standard Gateway,24,1.08
Actin-Azure Sponsorship,c27e8e3c-43a4-4c60-a0e1-73fafa80b8fa,11/26/2025,ae30040a-67f5-485b-b0f4-a6ef50504d9c,NAT Gateway,NAT Gateway,Global,Standard Gateway,24,1.08
Actin-Azure Sponsorship,c27e8e3c-43a4-4c60-a0e1-73fafa80b8fa,11/27/2025,ae30040a-67f5-485b-b0f4-a6ef50504d9c,NAT Gateway,NAT Gateway,Global,Standard Gateway,24,1.08
Actin-Azure Sponsorship,c27e8e3c-43a4-4c60-a0e1-73fafa80b8fa,11/28/2025,ae30040a-67f5-485b-b0f4-a6ef50504d9c,NAT Gateway,NAT Gateway,Global,Standard Gateway,24,1.08
Actin-Azure Sponsorship,c27e8e3c-43a4-4c60-a0e1-73fafa80b8fa,11/29/2025,ae30040a-67f5-485b-b0f4-a6ef50504d9c,NAT Gateway,NAT Gateway,Global,Standard Gateway,24,1.08
Actin-Azure Sponsorship,c27e8e3c-43a4-4c60-a0e1-73fafa80b8fa,11/30/2025,ae30040a-67f5-485b-b0f4-a6ef50504d9c,NAT Gateway,NAT Gateway,Global,Standard Gateway,24,1.08
Actin-Azure Sponsorship,c27e8e3c-43a4-4c60-a0e1-73fafa80b8fa,11-03-2025,7cbf574b-c5bb-5cb8-a4cd-aba3c8cb0525,Virtual Machines,Basv2 Series,IN Central,B8als v2,0.800016,0.139203
Actin-Azure Sponsorship,c27e8e3c-43a4-4c60-a0e1-73fafa80b8fa,11-04-2025,7cbf574b-c5bb-5cb8-a4cd-aba3c8cb0525,Virtual Machines,Basv2 Series,IN Central,B8als v2,8.283359,1.441305
Actin-Azure Sponsorship,c27e8e3c-43a4-4c60-a0e1-73fafa80b8fa,11-10-2025,7cbf574b-c5bb-5cb8-a4cd-aba3c8cb0525,Virtual Machines,Basv2 Series,IN Central,B8als v2,3.600012,0.626402
Actin-Azure Sponsorship,c27e8e3c-43a4-4c60-a0e1-73fafa80b8fa,11-11-2025,7cbf574b-c5bb-5cb8-a4cd-aba3c8cb0525,Virtual Machines,Basv2 Series,IN Central,B8als v2,8.16669,1.421004
Actin-Azure Sponsorship,c27e8e3c-43a4-4c60-a0e1-73fafa80b8fa,11-12-2025,7cbf574b-c5bb-5cb8-a4cd-aba3c8cb0525,Virtual Machines,Basv2 Series,IN Central,B8als v2,8.216691,1.429704
Actin-Azure Sponsorship,c27e8e3c-43a4-4c60-a0e1-73fafa80b8fa,11/13/2025,7cbf574b-c5bb-5cb8-a4cd-aba3c8cb0525,Virtual Machines,Basv2 Series,IN Central,B8als v2,7.733348,1.345603
Actin-Azure Sponsorship,c27e8e3c-43a4-4c60-a0e1-73fafa80b8fa,11/14/2025,7cbf574b-c5bb-5cb8-a4cd-aba3c8cb0525,Virtual Machines,Basv2 Series,IN Central,B8als v2,3.183357,0.553904
Actin-Azure Sponsorship,c27e8e3c-43a4-4c60-a0e1-73fafa80b8fa,11/17/2025,7cbf574b-c5bb-5cb8-a4cd-aba3c8cb0525,Virtual Machines,Basv2 Series,IN Central,B8als v2,8.16669,1.421004
Actin-Azure Sponsorship,c27e8e3c-43a4-4c60-a0e1-73fafa80b8fa,11/18/2025,7cbf574b-c5bb-5cb8-a4cd-aba3c8cb0525,Virtual Machines,Basv2 Series,IN Central,B8als v2,8.33336,1.450005
Actin-Azure Sponsorship,c27e8e3c-43a4-4c60-a0e1-73fafa80b8fa,11/19/2025,7cbf574b-c5bb-5cb8-a4cd-aba3c8cb0525,Virtual Machines,Basv2 Series,IN Central,B8als v2,8.216691,1.429704
Actin-Azure Sponsorship,c27e8e3c-43a4-4c60-a0e1-73fafa80b8fa,11/20/2025,7cbf574b-c5bb-5cb8-a4cd-aba3c8cb0525,Virtual Machines,Basv2 Series,IN Central,B8als v2,7.783349,1.354303
Actin-Azure Sponsorship,c27e8e3c-43a4-4c60-a0e1-73fafa80b8fa,11/21/2025,7cbf574b-c5bb-5cb8-a4cd-aba3c8cb0525,Virtual Machines,Basv2 Series,IN Central,B8als v2,8.133356,1.415204
Actin-Azure Sponsorship,c27e8e3c-43a4-4c60-a0e1-73fafa80b8fa,11/24/2025,7cbf574b-c5bb-5cb8-a4cd-aba3c8cb0525,Virtual Machines,Basv2 Series,IN Central,B8als v2,8.233358,1.432604
Actin-Azure Sponsorship,c27e8e3c-43a4-4c60-a0e1-73fafa80b8fa,11/25/2025,7cbf574b-c5bb-5cb8-a4cd-aba3c8cb0525,Virtual Machines,Basv2 Series,IN Central,B8als v2,8.233358,1.432604
Actin-Azure Sponsorship,c27e8e3c-43a4-4c60-a0e1-73fafa80b8fa,11/26/2025,7cbf574b-c5bb-5cb8-a4cd-aba3c8cb0525,Virtual Machines,Basv2 Series,IN Central,B8als v2,7.816683,1.360103
Actin-Azure Sponsorship,c27e8e3c-43a4-4c60-a0e1-73fafa80b8fa,11/27/2025,7cbf574b-c5bb-5cb8-a4cd-aba3c8cb0525,Virtual Machines,Basv2 Series,IN Central,B8als v2,19.683367,3.424906
Actin-Azure Sponsorship,c27e8e3c-43a4-4c60-a0e1-73fafa80b8fa,11/28/2025,7cbf574b-c5bb-5cb8-a4cd-aba3c8cb0525,Virtual Machines,Basv2 Series,IN Central,B8als v2,12.66668,2.204002
Actin-Azure Sponsorship,c27e8e3c-43a4-4c60-a0e1-73fafa80b8fa,11/29/2025,7cbf574b-c5bb-5cb8-a4cd-aba3c8cb0525,Virtual Machines,Basv2 Series,IN Central,B8als v2,8.516697,1.481905
Actin-Azure Sponsorship,c27e8e3c-43a4-4c60-a0e1-73fafa80b8fa,11/30/2025,7cbf574b-c5bb-5cb8-a4cd-aba3c8cb0525,Virtual Machines,Basv2 Series,IN Central,B8als v2,7.716681,1.342703
Actin-Azure Sponsorship,c27e8e3c-43a4-4c60-a0e1-73fafa80b8fa,11-06-2025,096ca432-a7a3-4ab7-bc9f-adc62b0edfeb,Storage,Standard HDD Managed Disks,DE West Central,S6 LRS Disk,0.025936,0.078013
Actin-Azure Sponsorship,c27e8e3c-43a4-4c60-a0e1-73fafa80b8fa,11-07-2025,096ca432-a7a3-4ab7-bc9f-adc62b0edfeb,Storage,Standard HDD Managed Disks,DE West Central,S6 LRS Disk,0.033336,0.100272
Actin-Azure Sponsorship,c27e8e3c-43a4-4c60-a0e1-73fafa80b8fa,11-08-2025,096ca432-a7a3-4ab7-bc9f-adc62b0edfeb,Storage,Standard HDD Managed Disks,DE West Central,S6 LRS Disk,0.033336,0.100272
Actin-Azure Sponsorship,c27e8e3c-43a4-4c60-a0e1-73fafa80b8fa,11-09-2025,096ca432-a7a3-4ab7-bc9f-adc62b0edfeb,Storage,Standard HDD Managed Disks,DE West Central,S6 LRS Disk,0.033336,0.100272
Actin-Azure Sponsorship,c27e8e3c-43a4-4c60-a0e1-73fafa80b8fa,11-10-2025,096ca432-a7a3-4ab7-bc9f-adc62b0edfeb,Storage,Standard HDD Managed Disks,DE West Central,S6 LRS Disk,0.033336,0.100272
Actin-Azure Sponsorship,c27e8e3c-43a4-4c60-a0e1-73fafa80b8fa,11-11-2025,096ca432-a7a3-4ab7-bc9f-adc62b0edfeb,Storage,Standard HDD Managed Disks,DE West Central,S6 LRS Disk,0.033336,0.100272
Actin-Azure Sponsorship,c27e8e3c-43a4-4c60-a0e1-73fafa80b8fa,11-12-2025,096ca432-a7a3-4ab7-bc9f-adc62b0edfeb,Storage,Standard HDD Managed Disks,DE West Central,S6 LRS Disk,0.033336,0.100272
Actin-Azure Sponsorship,c27e8e3c-43a4-4c60-a0e1-73fafa80b8fa,11/13/2025,096ca432-a7a3-4ab7-bc9f-adc62b0edfeb,Storage,Standard HDD Managed Disks,DE West Central,S6 LRS Disk,0.033336,0.100272
Actin-Azure Sponsorship,c27e8e3c-43a4-4c60-a0e1-73fafa80b8fa,11/14/2025,096ca432-a7a3-4ab7-bc9f-adc62b0edfeb,Storage,Standard HDD Managed Disks,DE West Central,S6 LRS Disk,0.033336,0.100272
Actin-Azure Sponsorship,c27e8e3c-43a4-4c60-a0e1-73fafa80b8fa,11/15/2025,096ca432-a7a3-4ab7-bc9f-adc62b0edfeb,Storage,Standard HDD Managed Disks,DE West Central,S6 LRS Disk,0.033336,0.100272
Actin-Azure Sponsorship,c27e8e3c-43a4-4c60-a0e1-73fafa80b8fa,11/16/2025,096ca432-a7a3-4ab7-bc9f-adc62b0edfeb,Storage,Standard HDD Managed Disks,DE West Central,S6 LRS Disk,0.033336,0.100272
Actin-Azure Sponsorship,c27e8e3c-43a4-4c60-a0e1-73fafa80b8fa,11/17/2025,096ca432-a7a3-4ab7-bc9f-adc62b0edfeb,Storage,Standard HDD Managed Disks,DE West Central,S6 LRS Disk,0.033336,0.100272
Actin-Azure Sponsorship,c27e8e3c-43a4-4c60-a0e1-73fafa80b8fa,11/18/2025,096ca432-a7a3-4ab7-bc9f-adc62b0edfeb,Storage,Standard HDD Managed Disks,DE West Central,S6 LRS Disk,0.033336,0.100272
Actin-Azure Sponsorship,c27e8e3c-43a4-4c60-a0e1-73fafa80b8fa,11/19/2025,096ca432-a7a3-4ab7-bc9f-adc62b0edfeb,Storage,Standard HDD Managed Disks,DE West Central,S6 LRS Disk,0.033336,0.100272
Actin-Azure Sponsorship,c27e8e3c-43a4-4c60-a0e1-73fafa80b8fa,11/20/2025,096ca432-a7a3-4ab7-bc9f-adc62b0edfeb,Storage,Standard HDD Managed Disks,DE West Central,S6 LRS Disk,0.033336,0.100272
Actin-Azure Sponsorship,c27e8e3c-43a4-4c60-a0e1-73fafa80b8fa,11/21/2025,096ca432-a7a3-4ab7-bc9f-adc62b0edfeb,Storage,Standard HDD Managed Disks,DE West Central,S6 LRS Disk,0.033336,0.100272
Actin-Azure Sponsorship,c27e8e3c-43a4-4c60-a0e1-73fafa80b8fa,11/22/2025,096ca432-a7a3-4ab7-bc9f-adc62b0edfeb,Storage,Standard HDD Managed Disks,DE West Central,S6 LRS Disk,0.033336,0.100272
Actin-Azure Sponsorship,c27e8e3c-43a4-4c60-a0e1-73fafa80b8fa,11/23/2025,096ca432-a7a3-4ab7-bc9f-adc62b0edfeb,Storage,Standard HDD Managed Disks,DE West Central,S6 LRS Disk,0.033336,0.100272
Actin-Azure Sponsorship,c27e8e3c-43a4-4c60-a0e1-73fafa80b8fa,11/24/2025,096ca432-a7a3-4ab7-bc9f-adc62b0edfeb,Storage,Standard HDD Managed Disks,DE West Central,S6 LRS Disk,0.033336,0.100272
Actin-Azure Sponsorship,c27e8e3c-43a4-4c60-a0e1-73fafa80b8fa,11/25/2025,096ca432-a7a3-4ab7-bc9f-adc62b0edfeb,Storage,Standard HDD Managed Disks,DE West Central,S6 LRS Disk,0.033336,0.100272
Actin-Azure Sponsorship,c27e8e3c-43a4-4c60-a0e1-73fafa80b8fa,11/26/2025,096ca432-a7a3-4ab7-bc9f-adc62b0edfeb,Storage,Standard HDD Managed Disks,DE West Central,S6 LRS Disk,0.033336,0.100272
Actin-Azure Sponsorship,c27e8e3c-43a4-4c60-a0e1-73fafa80b8fa,11/27/2025,096ca432-a7a3-4ab7-bc9f-adc62b0edfeb,Storage,Standard HDD Managed Disks,DE West Central,S6 LRS Disk,0.033336,0.100272
Actin-Azure Sponsorship,c27e8e3c-43a4-4c60-a0e1-73fafa80b8fa,11/28/2025,096ca432-a7a3-4ab7-bc9f-adc62b0edfeb,Storage,Standard HDD Managed Disks,DE West Central,S6 LRS Disk,0.033336,0.100272
Actin-Azure Sponsorship,c27e8e3c-43a4-4c60-a0e1-73fafa80b8fa,11/29/2025,096ca432-a7a3-4ab7-bc9f-adc62b0edfeb,Storage,Standard HDD Managed Disks,DE West Central,S6 LRS Disk,0.033336,0.100272
Actin-Azure Sponsorship,c27e8e3c-43a4-4c60-a0e1-73fafa80b8fa,11/30/2025,096ca432-a7a3-4ab7-bc9f-adc62b0edfeb,Storage,Standard HDD Managed Disks,DE West Central,S6 LRS Disk,0.033336,0.100272
Actin-Azure Sponsorship,c27e8e3c-43a4-4c60-a0e1-73fafa80b8fa,11-01-2025,90827432-b319-43b8-9927-aff1b13143ac,Storage,Standard HDD Managed Disks,IN Central,Snapshots ZRS Snapshots,0.962736,0.04812
Actin-Azure Sponsorship,c27e8e3c-43a4-4c60-a0e1-73fafa80b8fa,11-02-2025,90827432-b319-43b8-9927-aff1b13143ac,Storage,Standard HDD Managed Disks,IN Central,Snapshots ZRS Snapshots,0.962736,0.04812
Actin-Azure Sponsorship,c27e8e3c-43a4-4c60-a0e1-73fafa80b8fa,11-03-2025,90827432-b319-43b8-9927-aff1b13143ac,Storage,Standard HDD Managed Disks,IN Central,Snapshots ZRS Snapshots,0.962736,0.04812
Actin-Azure Sponsorship,c27e8e3c-43a4-4c60-a0e1-73fafa80b8fa,11-04-2025,90827432-b319-43b8-9927-aff1b13143ac,Storage,Standard HDD Managed Disks,IN Central,Snapshots ZRS Snapshots,0.962736,0.04812
Actin-Azure Sponsorship,c27e8e3c-43a4-4c60-a0e1-73fafa80b8fa,11-05-2025,90827432-b319-43b8-9927-aff1b13143ac,Storage,Standard HDD Managed Disks,IN Central,Snapshots ZRS Snapshots,0.962736,0.04812
Actin-Azure Sponsorship,c27e8e3c-43a4-4c60-a0e1-73fafa80b8fa,11-06-2025,90827432-b319-43b8-9927-aff1b13143ac,Storage,Standard HDD Managed Disks,IN Central,Snapshots ZRS Snapshots,0.962736,0.04812
Actin-Azure Sponsorship,c27e8e3c-43a4-4c60-a0e1-73fafa80b8fa,11-07-2025,90827432-b319-43b8-9927-aff1b13143ac,Storage,Standard HDD Managed Disks,IN Central,Snapshots ZRS Snapshots,0.962736,0.04812
Actin-Azure Sponsorship,c27e8e3c-43a4-4c60-a0e1-73fafa80b8fa,11-08-2025,90827432-b319-43b8-9927-aff1b13143ac,Storage,Standard HDD Managed Disks,IN Central,Snapshots ZRS Snapshots,0.962736,0.04812
Actin-Azure Sponsorship,c27e8e3c-43a4-4c60-a0e1-73fafa80b8fa,11-09-2025,90827432-b319-43b8-9927-aff1b13143ac,Storage,Standard HDD Managed Disks,IN Central,Snapshots ZRS Snapshots,0.962736,0.04812
Actin-Azure Sponsorship,c27e8e3c-43a4-4c60-a0e1-73fafa80b8fa,11-10-2025,90827432-b319-43b8-9927-aff1b13143ac,Storage,Standard HDD Managed Disks,IN Central,Snapshots ZRS Snapshots,0.962736,0.04812
Actin-Azure Sponsorship,c27e8e3c-43a4-4c60-a0e1-73fafa80b8fa,11-11-2025,90827432-b319-43b8-9927-aff1b13143ac,Storage,Standard HDD Managed Disks,IN Central,Snapshots ZRS Snapshots,0.962736,0.04812
Actin-Azure Sponsorship,c27e8e3c-43a4-4c60-a0e1-73fafa80b8fa,11-12-2025,90827432-b319-43b8-9927-aff1b13143ac,Storage,Standard HDD Managed Disks,IN Central,Snapshots ZRS Snapshots,0.962736,0.04812
Actin-Azure Sponsorship,c27e8e3c-43a4-4c60-a0e1-73fafa80b8fa,11/13/2025,90827432-b319-43b8-9927-aff1b13143ac,Storage,Standard HDD Managed Disks,IN Central,Snapshots ZRS Snapshots,0.962736,0.04812
Actin-Azure Sponsorship,c27e8e3c-43a4-4c60-a0e1-73fafa80b8fa,11/14/2025,90827432-b319-43b8-9927-aff1b13143ac,Storage,Standard HDD Managed Disks,IN Central,Snapshots ZRS Snapshots,0.962736,0.04812
Actin-Azure Sponsorship,c27e8e3c-43a4-4c60-a0e1-73fafa80b8fa,11/15/2025,90827432-b319-43b8-9927-aff1b13143ac,Storage,Standard HDD Managed Disks,IN Central,Snapshots ZRS Snapshots,0.962736,0.04812
Actin-Azure Sponsorship,c27e8e3c-43a4-4c60-a0e1-73fafa80b8fa,11/16/2025,90827432-b319-43b8-9927-aff1b13143ac,Storage,Standard HDD Managed Disks,IN Central,Snapshots ZRS Snapshots,0.962736,0.04812
Actin-Azure Sponsorship,c27e8e3c-43a4-4c60-a0e1-73fafa80b8fa,11/17/2025,90827432-b319-43b8-9927-aff1b13143ac,Storage,Standard HDD Managed Disks,IN Central,Snapshots ZRS Snapshots,0.962736,0.04812
Actin-Azure Sponsorship,c27e8e3c-43a4-4c60-a0e1-73fafa80b8fa,11/18/2025,90827432-b319-43b8-9927-aff1b13143ac,Storage,Standard HDD Managed Disks,IN Central,Snapshots ZRS Snapshots,0.962736,0.04812
Actin-Azure Sponsorship,c27e8e3c-43a4-4c60-a0e1-73fafa80b8fa,11/19/2025,90827432-b319-43b8-9927-aff1b13143ac,Storage,Standard HDD Managed Disks,IN Central,Snapshots ZRS Snapshots,0.962736,0.04812
Actin-Azure Sponsorship,c27e8e3c-43a4-4c60-a0e1-73fafa80b8fa,11/20/2025,90827432-b319-43b8-9927-aff1b13143ac,Storage,Standard HDD Managed Disks,IN Central,Snapshots ZRS Snapshots,0.962736,0.04812
Actin-Azure Sponsorship,c27e8e3c-43a4-4c60-a0e1-73fafa80b8fa,11/21/2025,90827432-b319-43b8-9927-aff1b13143ac,Storage,Standard HDD Managed Disks,IN Central,Snapshots ZRS Snapshots,0.962736,0.04812
Actin-Azure Sponsorship,c27e8e3c-43a4-4c60-a0e1-73fafa80b8fa,11/22/2025,90827432-b319-43b8-9927-aff1b13143ac,Storage,Standard HDD Managed Disks,IN Central,Snapshots ZRS Snapshots,0.962736,0.04812
Actin-Azure Sponsorship,c27e8e3c-43a4-4c60-a0e1-73fafa80b8fa,11/23/2025,90827432-b319-43b8-9927-aff1b13143ac,Storage,Standard HDD Managed Disks,IN Central,Snapshots ZRS Snapshots,0.962736,0.04812
Actin-Azure Sponsorship,c27e8e3c-43a4-4c60-a0e1-73fafa80b8fa,11/24/2025,90827432-b319-43b8-9927-aff1b13143ac,Storage,Standard HDD Managed Disks,IN Central,Snapshots ZRS Snapshots,0.962736,0.04812
Actin-Azure Sponsorship,c27e8e3c-43a4-4c60-a0e1-73fafa80b8fa,11/25/2025,90827432-b319-43b8-9927-aff1b13143ac,Storage,Standard HDD Managed Disks,IN Central,Snapshots ZRS Snapshots,0.962736,0.04812
Actin-Azure Sponsorship,c27e8e3c-43a4-4c60-a0e1-73fafa80b8fa,11/26/2025,90827432-b319-43b8-9927-aff1b13143ac,Storage,Standard HDD Managed Disks,IN Central,Snapshots ZRS Snapshots,0.962736,0.04812
Actin-Azure Sponsorship,c27e8e3c-43a4-4c60-a0e1-73fafa80b8fa,11/27/2025,90827432-b319-43b8-9927-aff1b13143ac,Storage,Standard HDD Managed Disks,IN Central,Snapshots ZRS Snapshots,0.962736,0.04812
Actin-Azure Sponsorship,c27e8e3c-43a4-4c60-a0e1-73fafa80b8fa,11/28/2025,90827432-b319-43b8-9927-aff1b13143ac,Storage,Standard HDD Managed Disks,IN Central,Snapshots ZRS Snapshots,0.962736,0.04812
Actin-Azure Sponsorship,c27e8e3c-43a4-4c60-a0e1-73fafa80b8fa,11/29/2025,90827432-b319-43b8-9927-aff1b13143ac,Storage,Standard HDD Managed Disks,IN Central,Snapshots ZRS Snapshots,0.962736,0.04812
Actin-Azure Sponsorship,c27e8e3c-43a4-4c60-a0e1-73fafa80b8fa,11/30/2025,90827432-b319-43b8-9927-aff1b13143ac,Storage,Standard HDD Managed Disks,IN Central,Snapshots ZRS Snapshots,0.962736,0.04812
Actin-Azure Sponsorship,c27e8e3c-43a4-4c60-a0e1-73fafa80b8fa,11-04-2025,191f4276-72c9-4aae-85b5-b18ce0599558,Azure Monitor,All,All,SMS Country Code 91 Notification,1,0.0042
Actin-Azure Sponsorship,c27e8e3c-43a4-4c60-a0e1-73fafa80b8fa,11-01-2025,d0dab517-ac9a-4cd6-b4e7-b7fb3bfd1d3f,Storage,Standard SSD Managed Disks,IN Central,E15 LRS Disk,0.033336,0.704064
Actin-Azure Sponsorship,c27e8e3c-43a4-4c60-a0e1-73fafa80b8fa,11-02-2025,d0dab517-ac9a-4cd6-b4e7-b7fb3bfd1d3f,Storage,Standard SSD Managed Disks,IN Central,E15 LRS Disk,0.033336,0.704064
Actin-Azure Sponsorship,c27e8e3c-43a4-4c60-a0e1-73fafa80b8fa,11-03-2025,d0dab517-ac9a-4cd6-b4e7-b7fb3bfd1d3f,Storage,Standard SSD Managed Disks,IN Central,E15 LRS Disk,0.033336,0.704064
Actin-Azure Sponsorship,c27e8e3c-43a4-4c60-a0e1-73fafa80b8fa,11-04-2025,d0dab517-ac9a-4cd6-b4e7-b7fb3bfd1d3f,Storage,Standard SSD Managed Disks,IN Central,E15 LRS Disk,0.033336,0.704064
Actin-Azure Sponsorship,c27e8e3c-43a4-4c60-a0e1-73fafa80b8fa,11-05-2025,d0dab517-ac9a-4cd6-b4e7-b7fb3bfd1d3f,Storage,Standard SSD Managed Disks,IN Central,E15 LRS Disk,0.033336,0.704064
Actin-Azure Sponsorship,c27e8e3c-43a4-4c60-a0e1-73fafa80b8fa,11-06-2025,d0dab517-ac9a-4cd6-b4e7-b7fb3bfd1d3f,Storage,Standard SSD Managed Disks,IN Central,E15 LRS Disk,0.033336,0.704064
Actin-Azure Sponsorship,c27e8e3c-43a4-4c60-a0e1-73fafa80b8fa,11-07-2025,d0dab517-ac9a-4cd6-b4e7-b7fb3bfd1d3f,Storage,Standard SSD Managed Disks,IN Central,E15 LRS Disk,0.033336,0.704064
Actin-Azure Sponsorship,c27e8e3c-43a4-4c60-a0e1-73fafa80b8fa,11-08-2025,d0dab517-ac9a-4cd6-b4e7-b7fb3bfd1d3f,Storage,Standard SSD Managed Disks,IN Central,E15 LRS Disk,0.033336,0.704064
Actin-Azure Sponsorship,c27e8e3c-43a4-4c60-a0e1-73fafa80b8fa,11-09-2025,d0dab517-ac9a-4cd6-b4e7-b7fb3bfd1d3f,Storage,Standard SSD Managed Disks,IN Central,E15 LRS Disk,0.033336,0.704064
Actin-Azure Sponsorship,c27e8e3c-43a4-4c60-a0e1-73fafa80b8fa,11-10-2025,d0dab517-ac9a-4cd6-b4e7-b7fb3bfd1d3f,Storage,Standard SSD Managed Disks,IN Central,E15 LRS Disk,0.033336,0.704064
Actin-Azure Sponsorship,c27e8e3c-43a4-4c60-a0e1-73fafa80b8fa,11-11-2025,d0dab517-ac9a-4cd6-b4e7-b7fb3bfd1d3f,Storage,Standard SSD Managed Disks,IN Central,E15 LRS Disk,0.033336,0.704064
Actin-Azure Sponsorship,c27e8e3c-43a4-4c60-a0e1-73fafa80b8fa,11-12-2025,d0dab517-ac9a-4cd6-b4e7-b7fb3bfd1d3f,Storage,Standard SSD Managed Disks,IN Central,E15 LRS Disk,0.033336,0.704064
Actin-Azure Sponsorship,c27e8e3c-43a4-4c60-a0e1-73fafa80b8fa,11/13/2025,d0dab517-ac9a-4cd6-b4e7-b7fb3bfd1d3f,Storage,Standard SSD Managed Disks,IN Central,E15 LRS Disk,0.033336,0.704064
Actin-Azure Sponsorship,c27e8e3c-43a4-4c60-a0e1-73fafa80b8fa,11/14/2025,d0dab517-ac9a-4cd6-b4e7-b7fb3bfd1d3f,Storage,Standard SSD Managed Disks,IN Central,E15 LRS Disk,0.033336,0.704064
Actin-Azure Sponsorship,c27e8e3c-43a4-4c60-a0e1-73fafa80b8fa,11/15/2025,d0dab517-ac9a-4cd6-b4e7-b7fb3bfd1d3f,Storage,Standard SSD Managed Disks,IN Central,E15 LRS Disk,0.033336,0.704064
Actin-Azure Sponsorship,c27e8e3c-43a4-4c60-a0e1-73fafa80b8fa,11/16/2025,d0dab517-ac9a-4cd6-b4e7-b7fb3bfd1d3f,Storage,Standard SSD Managed Disks,IN Central,E15 LRS Disk,0.033336,0.704064
Actin-Azure Sponsorship,c27e8e3c-43a4-4c60-a0e1-73fafa80b8fa,11/17/2025,d0dab517-ac9a-4cd6-b4e7-b7fb3bfd1d3f,Storage,Standard SSD Managed Disks,IN Central,E15 LRS Disk,0.033336,0.704064
Actin-Azure Sponsorship,c27e8e3c-43a4-4c60-a0e1-73fafa80b8fa,11/18/2025,d0dab517-ac9a-4cd6-b4e7-b7fb3bfd1d3f,Storage,Standard SSD Managed Disks,IN Central,E15 LRS Disk,0.033336,0.704064
Actin-Azure Sponsorship,c27e8e3c-43a4-4c60-a0e1-73fafa80b8fa,11/19/2025,d0dab517-ac9a-4cd6-b4e7-b7fb3bfd1d3f,Storage,Standard SSD Managed Disks,IN Central,E15 LRS Disk,0.033336,0.704064
Actin-Azure Sponsorship,c27e8e3c-43a4-4c60-a0e1-73fafa80b8fa,11/20/2025,d0dab517-ac9a-4cd6-b4e7-b7fb3bfd1d3f,Storage,Standard SSD Managed Disks,IN Central,E15 LRS Disk,0.033336,0.704064
Actin-Azure Sponsorship,c27e8e3c-43a4-4c60-a0e1-73fafa80b8fa,11/21/2025,d0dab517-ac9a-4cd6-b4e7-b7fb3bfd1d3f,Storage,Standard SSD Managed Disks,IN Central,E15 LRS Disk,0.033336,0.704064
Actin-Azure Sponsorship,c27e8e3c-43a4-4c60-a0e1-73fafa80b8fa,11/22/2025,d0dab517-ac9a-4cd6-b4e7-b7fb3bfd1d3f,Storage,Standard SSD Managed Disks,IN Central,E15 LRS Disk,0.033336,0.704064
Actin-Azure Sponsorship,c27e8e3c-43a4-4c60-a0e1-73fafa80b8fa,11/23/2025,d0dab517-ac9a-4cd6-b4e7-b7fb3bfd1d3f,Storage,Standard SSD Managed Disks,IN Central,E15 LRS Disk,0.033336,0.704064
Actin-Azure Sponsorship,c27e8e3c-43a4-4c60-a0e1-73fafa80b8fa,11/24/2025,d0dab517-ac9a-4cd6-b4e7-b7fb3bfd1d3f,Storage,Standard SSD Managed Disks,IN Central,E15 LRS Disk,0.033336,0.704064
Actin-Azure Sponsorship,c27e8e3c-43a4-4c60-a0e1-73fafa80b8fa,11/25/2025,d0dab517-ac9a-4cd6-b4e7-b7fb3bfd1d3f,Storage,Standard SSD Managed Disks,IN Central,E15 LRS Disk,0.033336,0.704064
Actin-Azure Sponsorship,c27e8e3c-43a4-4c60-a0e1-73fafa80b8fa,11/26/2025,d0dab517-ac9a-4cd6-b4e7-b7fb3bfd1d3f,Storage,Standard SSD Managed Disks,IN Central,E15 LRS Disk,0.033336,0.704064
Actin-Azure Sponsorship,c27e8e3c-43a4-4c60-a0e1-73fafa80b8fa,11/27/2025,d0dab517-ac9a-4cd6-b4e7-b7fb3bfd1d3f,Storage,Standard SSD Managed Disks,IN Central,E15 LRS Disk,0.033336,0.704064
Actin-Azure Sponsorship,c27e8e3c-43a4-4c60-a0e1-73fafa80b8fa,11/28/2025,d0dab517-ac9a-4cd6-b4e7-b7fb3bfd1d3f,Storage,Standard SSD Managed Disks,IN Central,E15 LRS Disk,0.033336,0.704064
Actin-Azure Sponsorship,c27e8e3c-43a4-4c60-a0e1-73fafa80b8fa,11/29/2025,d0dab517-ac9a-4cd6-b4e7-b7fb3bfd1d3f,Storage,Standard SSD Managed Disks,IN Central,E15 LRS Disk,0.033336,0.704064
Actin-Azure Sponsorship,c27e8e3c-43a4-4c60-a0e1-73fafa80b8fa,11/30/2025,d0dab517-ac9a-4cd6-b4e7-b7fb3bfd1d3f,Storage,Standard SSD Managed Disks,IN Central,E15 LRS Disk,0.033336,0.704064
Actin-Azure Sponsorship,c27e8e3c-43a4-4c60-a0e1-73fafa80b8fa,11-01-2025,0ea6d749-64b6-4df9-8ec1-bea860c143d3,Storage,Standard HDD Managed Disks,IN Central,S10 LRS Disk,0.100008,0.647712
Actin-Azure Sponsorship,c27e8e3c-43a4-4c60-a0e1-73fafa80b8fa,11-02-2025,0ea6d749-64b6-4df9-8ec1-bea860c143d3,Storage,Standard HDD Managed Disks,IN Central,S10 LRS Disk,0.100008,0.647712
Actin-Azure Sponsorship,c27e8e3c-43a4-4c60-a0e1-73fafa80b8fa,11-03-2025,0ea6d749-64b6-4df9-8ec1-bea860c143d3,Storage,Standard HDD Managed Disks,IN Central,S10 LRS Disk,0.100008,0.647712
Actin-Azure Sponsorship,c27e8e3c-43a4-4c60-a0e1-73fafa80b8fa,11-04-2025,0ea6d749-64b6-4df9-8ec1-bea860c143d3,Storage,Standard HDD Managed Disks,IN Central,S10 LRS Disk,0.100008,0.647712
Actin-Azure Sponsorship,c27e8e3c-43a4-4c60-a0e1-73fafa80b8fa,11-05-2025,0ea6d749-64b6-4df9-8ec1-bea860c143d3,Storage,Standard HDD Managed Disks,IN Central,S10 LRS Disk,0.100008,0.647712
Actin-Azure Sponsorship,c27e8e3c-43a4-4c60-a0e1-73fafa80b8fa,11-06-2025,0ea6d749-64b6-4df9-8ec1-bea860c143d3,Storage,Standard HDD Managed Disks,IN Central,S10 LRS Disk,0.100064,0.648075
Actin-Azure Sponsorship,c27e8e3c-43a4-4c60-a0e1-73fafa80b8fa,11-07-2025,0ea6d749-64b6-4df9-8ec1-bea860c143d3,Storage,Standard HDD Managed Disks,IN Central,S10 LRS Disk,0.100008,0.647712
Actin-Azure Sponsorship,c27e8e3c-43a4-4c60-a0e1-73fafa80b8fa,11-08-2025,0ea6d749-64b6-4df9-8ec1-bea860c143d3,Storage,Standard HDD Managed Disks,IN Central,S10 LRS Disk,0.100008,0.647712
Actin-Azure Sponsorship,c27e8e3c-43a4-4c60-a0e1-73fafa80b8fa,11-09-2025,0ea6d749-64b6-4df9-8ec1-bea860c143d3,Storage,Standard HDD Managed Disks,IN Central,S10 LRS Disk,0.100008,0.647712
Actin-Azure Sponsorship,c27e8e3c-43a4-4c60-a0e1-73fafa80b8fa,11-10-2025,0ea6d749-64b6-4df9-8ec1-bea860c143d3,Storage,Standard HDD Managed Disks,IN Central,S10 LRS Disk,0.100008,0.647712
Actin-Azure Sponsorship,c27e8e3c-43a4-4c60-a0e1-73fafa80b8fa,11-11-2025,0ea6d749-64b6-4df9-8ec1-bea860c143d3,Storage,Standard HDD Managed Disks,IN Central,S10 LRS Disk,0.100008,0.647712
Actin-Azure Sponsorship,c27e8e3c-43a4-4c60-a0e1-73fafa80b8fa,11-12-2025,0ea6d749-64b6-4df9-8ec1-bea860c143d3,Storage,Standard HDD Managed Disks,IN Central,S10 LRS Disk,0.100008,0.647712
Actin-Azure Sponsorship,c27e8e3c-43a4-4c60-a0e1-73fafa80b8fa,11/13/2025,0ea6d749-64b6-4df9-8ec1-bea860c143d3,Storage,Standard HDD Managed Disks,IN Central,S10 LRS Disk,0.100008,0.647712
Actin-Azure Sponsorship,c27e8e3c-43a4-4c60-a0e1-73fafa80b8fa,11/14/2025,0ea6d749-64b6-4df9-8ec1-bea860c143d3,Storage,Standard HDD Managed Disks,IN Central,S10 LRS Disk,0.100008,0.647712
Actin-Azure Sponsorship,c27e8e3c-43a4-4c60-a0e1-73fafa80b8fa,11/15/2025,0ea6d749-64b6-4df9-8ec1-bea860c143d3,Storage,Standard HDD Managed Disks,IN Central,S10 LRS Disk,0.100008,0.647712
Actin-Azure Sponsorship,c27e8e3c-43a4-4c60-a0e1-73fafa80b8fa,11/16/2025,0ea6d749-64b6-4df9-8ec1-bea860c143d3,Storage,Standard HDD Managed Disks,IN Central,S10 LRS Disk,0.100008,0.647712
Actin-Azure Sponsorship,c27e8e3c-43a4-4c60-a0e1-73fafa80b8fa,11/17/2025,0ea6d749-64b6-4df9-8ec1-bea860c143d3,Storage,Standard HDD Managed Disks,IN Central,S10 LRS Disk,0.100008,0.647712
Actin-Azure Sponsorship,c27e8e3c-43a4-4c60-a0e1-73fafa80b8fa,11/18/2025,0ea6d749-64b6-4df9-8ec1-bea860c143d3,Storage,Standard HDD Managed Disks,IN Central,S10 LRS Disk,0.100008,0.647712
Actin-Azure Sponsorship,c27e8e3c-43a4-4c60-a0e1-73fafa80b8fa,11/19/2025,0ea6d749-64b6-4df9-8ec1-bea860c143d3,Storage,Standard HDD Managed Disks,IN Central,S10 LRS Disk,0.100008,0.647712
Actin-Azure Sponsorship,c27e8e3c-43a4-4c60-a0e1-73fafa80b8fa,11/20/2025,0ea6d749-64b6-4df9-8ec1-bea860c143d3,Storage,Standard HDD Managed Disks,IN Central,S10 LRS Disk,0.100008,0.647712
Actin-Azure Sponsorship,c27e8e3c-43a4-4c60-a0e1-73fafa80b8fa,11/21/2025,0ea6d749-64b6-4df9-8ec1-bea860c143d3,Storage,Standard HDD Managed Disks,IN Central,S10 LRS Disk,0.100008,0.647712
Actin-Azure Sponsorship,c27e8e3c-43a4-4c60-a0e1-73fafa80b8fa,11/22/2025,0ea6d749-64b6-4df9-8ec1-bea860c143d3,Storage,Standard HDD Managed Disks,IN Central,S10 LRS Disk,0.100008,0.647712
Actin-Azure Sponsorship,c27e8e3c-43a4-4c60-a0e1-73fafa80b8fa,11/23/2025,0ea6d749-64b6-4df9-8ec1-bea860c143d3,Storage,Standard HDD Managed Disks,IN Central,S10 LRS Disk,0.100008,0.647712
Actin-Azure Sponsorship,c27e8e3c-43a4-4c60-a0e1-73fafa80b8fa,11/24/2025,0ea6d749-64b6-4df9-8ec1-bea860c143d3,Storage,Standard HDD Managed Disks,IN Central,S10 LRS Disk,0.100008,0.647712
Actin-Azure Sponsorship,c27e8e3c-43a4-4c60-a0e1-73fafa80b8fa,11/25/2025,0ea6d749-64b6-4df9-8ec1-bea860c143d3,Storage,Standard HDD Managed Disks,IN Central,S10 LRS Disk,0.100008,0.647712
Actin-Azure Sponsorship,c27e8e3c-43a4-4c60-a0e1-73fafa80b8fa,11/26/2025,0ea6d749-64b6-4df9-8ec1-bea860c143d3,Storage,Standard HDD Managed Disks,IN Central,S10 LRS Disk,0.100008,0.647712
Actin-Azure Sponsorship,c27e8e3c-43a4-4c60-a0e1-73fafa80b8fa,11/27/2025,0ea6d749-64b6-4df9-8ec1-bea860c143d3,Storage,Standard HDD Managed Disks,IN Central,S10 LRS Disk,0.100008,0.647712
Actin-Azure Sponsorship,c27e8e3c-43a4-4c60-a0e1-73fafa80b8fa,11/28/2025,0ea6d749-64b6-4df9-8ec1-bea860c143d3,Storage,Standard HDD Managed Disks,IN Central,S10 LRS Disk,0.100008,0.647712
Actin-Azure Sponsorship,c27e8e3c-43a4-4c60-a0e1-73fafa80b8fa,11/29/2025,0ea6d749-64b6-4df9-8ec1-bea860c143d3,Storage,Standard HDD Managed Disks,IN Central,S10 LRS Disk,0.100008,0.647712
Actin-Azure Sponsorship,c27e8e3c-43a4-4c60-a0e1-73fafa80b8fa,11/30/2025,0ea6d749-64b6-4df9-8ec1-bea860c143d3,Storage,Standard HDD Managed Disks,IN Central,S10 LRS Disk,0.100008,0.647712
Actin-Azure Sponsorship,c27e8e3c-43a4-4c60-a0e1-73fafa80b8fa,11-01-2025,7859c8b5-7af7-52ae-941f-bef62776c6a9,Virtual Machines,Basv2 Series,IN Central,B4als v2,24,2.0928
Actin-Azure Sponsorship,c27e8e3c-43a4-4c60-a0e1-73fafa80b8fa,11-02-2025,7859c8b5-7af7-52ae-941f-bef62776c6a9,Virtual Machines,Basv2 Series,IN Central,B4als v2,24,2.0928
Actin-Azure Sponsorship,c27e8e3c-43a4-4c60-a0e1-73fafa80b8fa,11-03-2025,7859c8b5-7af7-52ae-941f-bef62776c6a9,Virtual Machines,Basv2 Series,IN Central,B4als v2,24,2.0928
Actin-Azure Sponsorship,c27e8e3c-43a4-4c60-a0e1-73fafa80b8fa,11-04-2025,7859c8b5-7af7-52ae-941f-bef62776c6a9,Virtual Machines,Basv2 Series,IN Central,B4als v2,24,2.0928
Actin-Azure Sponsorship,c27e8e3c-43a4-4c60-a0e1-73fafa80b8fa,11-05-2025,7859c8b5-7af7-52ae-941f-bef62776c6a9,Virtual Machines,Basv2 Series,IN Central,B4als v2,24,2.0928
Actin-Azure Sponsorship,c27e8e3c-43a4-4c60-a0e1-73fafa80b8fa,11-06-2025,7859c8b5-7af7-52ae-941f-bef62776c6a9,Virtual Machines,Basv2 Series,IN Central,B4als v2,24,2.0928
Actin-Azure Sponsorship,c27e8e3c-43a4-4c60-a0e1-73fafa80b8fa,11-07-2025,7859c8b5-7af7-52ae-941f-bef62776c6a9,Virtual Machines,Basv2 Series,IN Central,B4als v2,24,2.0928
Actin-Azure Sponsorship,c27e8e3c-43a4-4c60-a0e1-73fafa80b8fa,11-08-2025,7859c8b5-7af7-52ae-941f-bef62776c6a9,Virtual Machines,Basv2 Series,IN Central,B4als v2,23.983353,2.091348
Actin-Azure Sponsorship,c27e8e3c-43a4-4c60-a0e1-73fafa80b8fa,11-09-2025,7859c8b5-7af7-52ae-941f-bef62776c6a9,Virtual Machines,Basv2 Series,IN Central,B4als v2,24,2.0928
Actin-Azure Sponsorship,c27e8e3c-43a4-4c60-a0e1-73fafa80b8fa,11-10-2025,7859c8b5-7af7-52ae-941f-bef62776c6a9,Virtual Machines,Basv2 Series,IN Central,B4als v2,24,2.0928
Actin-Azure Sponsorship,c27e8e3c-43a4-4c60-a0e1-73fafa80b8fa,11-11-2025,7859c8b5-7af7-52ae-941f-bef62776c6a9,Virtual Machines,Basv2 Series,IN Central,B4als v2,24,2.0928
Actin-Azure Sponsorship,c27e8e3c-43a4-4c60-a0e1-73fafa80b8fa,11-12-2025,7859c8b5-7af7-52ae-941f-bef62776c6a9,Virtual Machines,Basv2 Series,IN Central,B4als v2,24,2.0928
Actin-Azure Sponsorship,c27e8e3c-43a4-4c60-a0e1-73fafa80b8fa,11/13/2025,7859c8b5-7af7-52ae-941f-bef62776c6a9,Virtual Machines,Basv2 Series,IN Central,B4als v2,24,2.0928
Actin-Azure Sponsorship,c27e8e3c-43a4-4c60-a0e1-73fafa80b8fa,11/14/2025,7859c8b5-7af7-52ae-941f-bef62776c6a9,Virtual Machines,Basv2 Series,IN Central,B4als v2,24,2.0928
Actin-Azure Sponsorship,c27e8e3c-43a4-4c60-a0e1-73fafa80b8fa,11/15/2025,7859c8b5-7af7-52ae-941f-bef62776c6a9,Virtual Machines,Basv2 Series,IN Central,B4als v2,24,2.0928
Actin-Azure Sponsorship,c27e8e3c-43a4-4c60-a0e1-73fafa80b8fa,11/16/2025,7859c8b5-7af7-52ae-941f-bef62776c6a9,Virtual Machines,Basv2 Series,IN Central,B4als v2,24,2.0928
Actin-Azure Sponsorship,c27e8e3c-43a4-4c60-a0e1-73fafa80b8fa,11/17/2025,7859c8b5-7af7-52ae-941f-bef62776c6a9,Virtual Machines,Basv2 Series,IN Central,B4als v2,24,2.0928
Actin-Azure Sponsorship,c27e8e3c-43a4-4c60-a0e1-73fafa80b8fa,11/18/2025,7859c8b5-7af7-52ae-941f-bef62776c6a9,Virtual Machines,Basv2 Series,IN Central,B4als v2,24,2.0928
Actin-Azure Sponsorship,c27e8e3c-43a4-4c60-a0e1-73fafa80b8fa,11/19/2025,7859c8b5-7af7-52ae-941f-bef62776c6a9,Virtual Machines,Basv2 Series,IN Central,B4als v2,24,2.0928
Actin-Azure Sponsorship,c27e8e3c-43a4-4c60-a0e1-73fafa80b8fa,11/20/2025,7859c8b5-7af7-52ae-941f-bef62776c6a9,Virtual Machines,Basv2 Series,IN Central,B4als v2,24,2.0928
Actin-Azure Sponsorship,c27e8e3c-43a4-4c60-a0e1-73fafa80b8fa,11/21/2025,7859c8b5-7af7-52ae-941f-bef62776c6a9,Virtual Machines,Basv2 Series,IN Central,B4als v2,24,2.0928
Actin-Azure Sponsorship,c27e8e3c-43a4-4c60-a0e1-73fafa80b8fa,11/22/2025,7859c8b5-7af7-52ae-941f-bef62776c6a9,Virtual Machines,Basv2 Series,IN Central,B4als v2,24,2.0928
Actin-Azure Sponsorship,c27e8e3c-43a4-4c60-a0e1-73fafa80b8fa,11/23/2025,7859c8b5-7af7-52ae-941f-bef62776c6a9,Virtual Machines,Basv2 Series,IN Central,B4als v2,24,2.0928
Actin-Azure Sponsorship,c27e8e3c-43a4-4c60-a0e1-73fafa80b8fa,11/24/2025,7859c8b5-7af7-52ae-941f-bef62776c6a9,Virtual Machines,Basv2 Series,IN Central,B4als v2,24,2.0928
Actin-Azure Sponsorship,c27e8e3c-43a4-4c60-a0e1-73fafa80b8fa,11/25/2025,7859c8b5-7af7-52ae-941f-bef62776c6a9,Virtual Machines,Basv2 Series,IN Central,B4als v2,24,2.0928
Actin-Azure Sponsorship,c27e8e3c-43a4-4c60-a0e1-73fafa80b8fa,11/26/2025,7859c8b5-7af7-52ae-941f-bef62776c6a9,Virtual Machines,Basv2 Series,IN Central,B4als v2,24,2.0928
Actin-Azure Sponsorship,c27e8e3c-43a4-4c60-a0e1-73fafa80b8fa,11/27/2025,7859c8b5-7af7-52ae-941f-bef62776c6a9,Virtual Machines,Basv2 Series,IN Central,B4als v2,24,2.0928
Actin-Azure Sponsorship,c27e8e3c-43a4-4c60-a0e1-73fafa80b8fa,11/28/2025,7859c8b5-7af7-52ae-941f-bef62776c6a9,Virtual Machines,Basv2 Series,IN Central,B4als v2,24,2.0928
Actin-Azure Sponsorship,c27e8e3c-43a4-4c60-a0e1-73fafa80b8fa,11/29/2025,7859c8b5-7af7-52ae-941f-bef62776c6a9,Virtual Machines,Basv2 Series,IN Central,B4als v2,24,2.0928
Actin-Azure Sponsorship,c27e8e3c-43a4-4c60-a0e1-73fafa80b8fa,11/30/2025,7859c8b5-7af7-52ae-941f-bef62776c6a9,Virtual Machines,Basv2 Series,IN Central,B4als v2,24,2.0928
Actin-Azure Sponsorship,c27e8e3c-43a4-4c60-a0e1-73fafa80b8fa,11-06-2025,beb1457b-1ab8-4e38-8021-bf7e39b1014b,Bandwidth,Inter-Region,Intercontinental,Inter Continent Data Transfer Out - NAM or EU To Any,0.004536,0.00023
Actin-Azure Sponsorship,c27e8e3c-43a4-4c60-a0e1-73fafa80b8fa,11-07-2025,beb1457b-1ab8-4e38-8021-bf7e39b1014b,Bandwidth,Inter-Region,Intercontinental,Inter Continent Data Transfer Out - NAM or EU To Any,0.004737,0.000235
Actin-Azure Sponsorship,c27e8e3c-43a4-4c60-a0e1-73fafa80b8fa,11-08-2025,beb1457b-1ab8-4e38-8021-bf7e39b1014b,Bandwidth,Inter-Region,Intercontinental,Inter Continent Data Transfer Out - NAM or EU To Any,0.00449,0.000221
Actin-Azure Sponsorship,c27e8e3c-43a4-4c60-a0e1-73fafa80b8fa,11-09-2025,beb1457b-1ab8-4e38-8021-bf7e39b1014b,Bandwidth,Inter-Region,Intercontinental,Inter Continent Data Transfer Out - NAM or EU To Any,0.004581,0.000232
Actin-Azure Sponsorship,c27e8e3c-43a4-4c60-a0e1-73fafa80b8fa,11-10-2025,beb1457b-1ab8-4e38-8021-bf7e39b1014b,Bandwidth,Inter-Region,Intercontinental,Inter Continent Data Transfer Out - NAM or EU To Any,0.005306,0.000266
Actin-Azure Sponsorship,c27e8e3c-43a4-4c60-a0e1-73fafa80b8fa,11-11-2025,beb1457b-1ab8-4e38-8021-bf7e39b1014b,Bandwidth,Inter-Region,Intercontinental,Inter Continent Data Transfer Out - NAM or EU To Any,0.004672,0.000238
Actin-Azure Sponsorship,c27e8e3c-43a4-4c60-a0e1-73fafa80b8fa,11-12-2025,beb1457b-1ab8-4e38-8021-bf7e39b1014b,Bandwidth,Inter-Region,Intercontinental,Inter Continent Data Transfer Out - NAM or EU To Any,0.005816,0.00029
Actin-Azure Sponsorship,c27e8e3c-43a4-4c60-a0e1-73fafa80b8fa,11/13/2025,beb1457b-1ab8-4e38-8021-bf7e39b1014b,Bandwidth,Inter-Region,Intercontinental,Inter Continent Data Transfer Out - NAM or EU To Any,0.009627,0.000479
Actin-Azure Sponsorship,c27e8e3c-43a4-4c60-a0e1-73fafa80b8fa,11/14/2025,beb1457b-1ab8-4e38-8021-bf7e39b1014b,Bandwidth,Inter-Region,Intercontinental,Inter Continent Data Transfer Out - NAM or EU To Any,0.008667,0.000428
Actin-Azure Sponsorship,c27e8e3c-43a4-4c60-a0e1-73fafa80b8fa,11/15/2025,beb1457b-1ab8-4e38-8021-bf7e39b1014b,Bandwidth,Inter-Region,Intercontinental,Inter Continent Data Transfer Out - NAM or EU To Any,0.007294,0.000357
Actin-Azure Sponsorship,c27e8e3c-43a4-4c60-a0e1-73fafa80b8fa,11/16/2025,beb1457b-1ab8-4e38-8021-bf7e39b1014b,Bandwidth,Inter-Region,Intercontinental,Inter Continent Data Transfer Out - NAM or EU To Any,0.0064,0.000315
Actin-Azure Sponsorship,c27e8e3c-43a4-4c60-a0e1-73fafa80b8fa,11/17/2025,beb1457b-1ab8-4e38-8021-bf7e39b1014b,Bandwidth,Inter-Region,Intercontinental,Inter Continent Data Transfer Out - NAM or EU To Any,0.007134,0.000355
Actin-Azure Sponsorship,c27e8e3c-43a4-4c60-a0e1-73fafa80b8fa,11/18/2025,beb1457b-1ab8-4e38-8021-bf7e39b1014b,Bandwidth,Inter-Region,Intercontinental,Inter Continent Data Transfer Out - NAM or EU To Any,0.008239,0.000413
Actin-Azure Sponsorship,c27e8e3c-43a4-4c60-a0e1-73fafa80b8fa,11/19/2025,beb1457b-1ab8-4e38-8021-bf7e39b1014b,Bandwidth,Inter-Region,Intercontinental,Inter Continent Data Transfer Out - NAM or EU To Any,0.007089,0.000346
Actin-Azure Sponsorship,c27e8e3c-43a4-4c60-a0e1-73fafa80b8fa,11/20/2025,beb1457b-1ab8-4e38-8021-bf7e39b1014b,Bandwidth,Inter-Region,Intercontinental,Inter Continent Data Transfer Out - NAM or EU To Any,0.007022,0.000342
Actin-Azure Sponsorship,c27e8e3c-43a4-4c60-a0e1-73fafa80b8fa,11/21/2025,beb1457b-1ab8-4e38-8021-bf7e39b1014b,Bandwidth,Inter-Region,Intercontinental,Inter Continent Data Transfer Out - NAM or EU To Any,0.007233,0.000356
Actin-Azure Sponsorship,c27e8e3c-43a4-4c60-a0e1-73fafa80b8fa,11/22/2025,beb1457b-1ab8-4e38-8021-bf7e39b1014b,Bandwidth,Inter-Region,Intercontinental,Inter Continent Data Transfer Out - NAM or EU To Any,0.006015,0.000296
Actin-Azure Sponsorship,c27e8e3c-43a4-4c60-a0e1-73fafa80b8fa,11/23/2025,beb1457b-1ab8-4e38-8021-bf7e39b1014b,Bandwidth,Inter-Region,Intercontinental,Inter Continent Data Transfer Out - NAM or EU To Any,0.006092,0.000306
Actin-Azure Sponsorship,c27e8e3c-43a4-4c60-a0e1-73fafa80b8fa,11/24/2025,beb1457b-1ab8-4e38-8021-bf7e39b1014b,Bandwidth,Inter-Region,Intercontinental,Inter Continent Data Transfer Out - NAM or EU To Any,0.006296,0.000314
Actin-Azure Sponsorship,c27e8e3c-43a4-4c60-a0e1-73fafa80b8fa,11/25/2025,beb1457b-1ab8-4e38-8021-bf7e39b1014b,Bandwidth,Inter-Region,Intercontinental,Inter Continent Data Transfer Out - NAM or EU To Any,0.006341,0.00031
Actin-Azure Sponsorship,c27e8e3c-43a4-4c60-a0e1-73fafa80b8fa,11/26/2025,beb1457b-1ab8-4e38-8021-bf7e39b1014b,Bandwidth,Inter-Region,Intercontinental,Inter Continent Data Transfer Out - NAM or EU To Any,0.006028,0.000294
Actin-Azure Sponsorship,c27e8e3c-43a4-4c60-a0e1-73fafa80b8fa,11/27/2025,beb1457b-1ab8-4e38-8021-bf7e39b1014b,Bandwidth,Inter-Region,Intercontinental,Inter Continent Data Transfer Out - NAM or EU To Any,0.006558,0.000324
Actin-Azure Sponsorship,c27e8e3c-43a4-4c60-a0e1-73fafa80b8fa,11/28/2025,beb1457b-1ab8-4e38-8021-bf7e39b1014b,Bandwidth,Inter-Region,Intercontinental,Inter Continent Data Transfer Out - NAM or EU To Any,0.006565,0.000326
Actin-Azure Sponsorship,c27e8e3c-43a4-4c60-a0e1-73fafa80b8fa,11/29/2025,beb1457b-1ab8-4e38-8021-bf7e39b1014b,Bandwidth,Inter-Region,Intercontinental,Inter Continent Data Transfer Out - NAM or EU To Any,0.005861,0.000294
Actin-Azure Sponsorship,c27e8e3c-43a4-4c60-a0e1-73fafa80b8fa,11/30/2025,beb1457b-1ab8-4e38-8021-bf7e39b1014b,Bandwidth,Inter-Region,Intercontinental,Inter Continent Data Transfer Out - NAM or EU To Any,0.006589,0.00032
Actin-Azure Sponsorship,c27e8e3c-43a4-4c60-a0e1-73fafa80b8fa,11-01-2025,9c150bf9-2bad-430e-a53c-c213804f49ef,Virtual Network,IP Addresses,All,Standard IPv4 Static Public IP,312,1.56
Actin-Azure Sponsorship,c27e8e3c-43a4-4c60-a0e1-73fafa80b8fa,11-02-2025,9c150bf9-2bad-430e-a53c-c213804f49ef,Virtual Network,IP Addresses,All,Standard IPv4 Static Public IP,312,1.56
Actin-Azure Sponsorship,c27e8e3c-43a4-4c60-a0e1-73fafa80b8fa,11-03-2025,9c150bf9-2bad-430e-a53c-c213804f49ef,Virtual Network,IP Addresses,All,Standard IPv4 Static Public IP,299,1.495
Actin-Azure Sponsorship,c27e8e3c-43a4-4c60-a0e1-73fafa80b8fa,11-04-2025,9c150bf9-2bad-430e-a53c-c213804f49ef,Virtual Network,IP Addresses,All,Standard IPv4 Static Public IP,312,1.56
Actin-Azure Sponsorship,c27e8e3c-43a4-4c60-a0e1-73fafa80b8fa,11-05-2025,9c150bf9-2bad-430e-a53c-c213804f49ef,Virtual Network,IP Addresses,All,Standard IPv4 Static Public IP,312,1.56
Actin-Azure Sponsorship,c27e8e3c-43a4-4c60-a0e1-73fafa80b8fa,11-06-2025,9c150bf9-2bad-430e-a53c-c213804f49ef,Virtual Network,IP Addresses,All,Standard IPv4 Static Public IP,349.541667,1.747709
Actin-Azure Sponsorship,c27e8e3c-43a4-4c60-a0e1-73fafa80b8fa,11-07-2025,9c150bf9-2bad-430e-a53c-c213804f49ef,Virtual Network,IP Addresses,All,Standard IPv4 Static Public IP,360,1.8
Actin-Azure Sponsorship,c27e8e3c-43a4-4c60-a0e1-73fafa80b8fa,11-08-2025,9c150bf9-2bad-430e-a53c-c213804f49ef,Virtual Network,IP Addresses,All,Standard IPv4 Static Public IP,360,1.8
Actin-Azure Sponsorship,c27e8e3c-43a4-4c60-a0e1-73fafa80b8fa,11-09-2025,9c150bf9-2bad-430e-a53c-c213804f49ef,Virtual Network,IP Addresses,All,Standard IPv4 Static Public IP,360,1.8
Actin-Azure Sponsorship,c27e8e3c-43a4-4c60-a0e1-73fafa80b8fa,11-10-2025,9c150bf9-2bad-430e-a53c-c213804f49ef,Virtual Network,IP Addresses,All,Standard IPv4 Static Public IP,360,1.8
Actin-Azure Sponsorship,c27e8e3c-43a4-4c60-a0e1-73fafa80b8fa,11-11-2025,9c150bf9-2bad-430e-a53c-c213804f49ef,Virtual Network,IP Addresses,All,Standard IPv4 Static Public IP,360,1.8
Actin-Azure Sponsorship,c27e8e3c-43a4-4c60-a0e1-73fafa80b8fa,11-12-2025,9c150bf9-2bad-430e-a53c-c213804f49ef,Virtual Network,IP Addresses,All,Standard IPv4 Static Public IP,360,1.8
Actin-Azure Sponsorship,c27e8e3c-43a4-4c60-a0e1-73fafa80b8fa,11/13/2025,9c150bf9-2bad-430e-a53c-c213804f49ef,Virtual Network,IP Addresses,All,Standard IPv4 Static Public IP,360,1.8
Actin-Azure Sponsorship,c27e8e3c-43a4-4c60-a0e1-73fafa80b8fa,11/14/2025,9c150bf9-2bad-430e-a53c-c213804f49ef,Virtual Network,IP Addresses,All,Standard IPv4 Static Public IP,360,1.8
Actin-Azure Sponsorship,c27e8e3c-43a4-4c60-a0e1-73fafa80b8fa,11/15/2025,9c150bf9-2bad-430e-a53c-c213804f49ef,Virtual Network,IP Addresses,All,Standard IPv4 Static Public IP,360,1.8
Actin-Azure Sponsorship,c27e8e3c-43a4-4c60-a0e1-73fafa80b8fa,11/16/2025,9c150bf9-2bad-430e-a53c-c213804f49ef,Virtual Network,IP Addresses,All,Standard IPv4 Static Public IP,360,1.8
Actin-Azure Sponsorship,c27e8e3c-43a4-4c60-a0e1-73fafa80b8fa,11/17/2025,9c150bf9-2bad-430e-a53c-c213804f49ef,Virtual Network,IP Addresses,All,Standard IPv4 Static Public IP,360,1.8
Actin-Azure Sponsorship,c27e8e3c-43a4-4c60-a0e1-73fafa80b8fa,11/18/2025,9c150bf9-2bad-430e-a53c-c213804f49ef,Virtual Network,IP Addresses,All,Standard IPv4 Static Public IP,360,1.8
Actin-Azure Sponsorship,c27e8e3c-43a4-4c60-a0e1-73fafa80b8fa,11/19/2025,9c150bf9-2bad-430e-a53c-c213804f49ef,Virtual Network,IP Addresses,All,Standard IPv4 Static Public IP,360,1.8
Actin-Azure Sponsorship,c27e8e3c-43a4-4c60-a0e1-73fafa80b8fa,11/20/2025,9c150bf9-2bad-430e-a53c-c213804f49ef,Virtual Network,IP Addresses,All,Standard IPv4 Static Public IP,360,1.8
Actin-Azure Sponsorship,c27e8e3c-43a4-4c60-a0e1-73fafa80b8fa,11/21/2025,9c150bf9-2bad-430e-a53c-c213804f49ef,Virtual Network,IP Addresses,All,Standard IPv4 Static Public IP,360,1.8
Actin-Azure Sponsorship,c27e8e3c-43a4-4c60-a0e1-73fafa80b8fa,11/22/2025,9c150bf9-2bad-430e-a53c-c213804f49ef,Virtual Network,IP Addresses,All,Standard IPv4 Static Public IP,360,1.8
Actin-Azure Sponsorship,c27e8e3c-43a4-4c60-a0e1-73fafa80b8fa,11/23/2025,9c150bf9-2bad-430e-a53c-c213804f49ef,Virtual Network,IP Addresses,All,Standard IPv4 Static Public IP,360,1.8
Actin-Azure Sponsorship,c27e8e3c-43a4-4c60-a0e1-73fafa80b8fa,11/24/2025,9c150bf9-2bad-430e-a53c-c213804f49ef,Virtual Network,IP Addresses,All,Standard IPv4 Static Public IP,360,1.8
Actin-Azure Sponsorship,c27e8e3c-43a4-4c60-a0e1-73fafa80b8fa,11/25/2025,9c150bf9-2bad-430e-a53c-c213804f49ef,Virtual Network,IP Addresses,All,Standard IPv4 Static Public IP,360,1.8
Actin-Azure Sponsorship,c27e8e3c-43a4-4c60-a0e1-73fafa80b8fa,11/26/2025,9c150bf9-2bad-430e-a53c-c213804f49ef,Virtual Network,IP Addresses,All,Standard IPv4 Static Public IP,360,1.8
Actin-Azure Sponsorship,c27e8e3c-43a4-4c60-a0e1-73fafa80b8fa,11/27/2025,9c150bf9-2bad-430e-a53c-c213804f49ef,Virtual Network,IP Addresses,All,Standard IPv4 Static Public IP,360,1.8
Actin-Azure Sponsorship,c27e8e3c-43a4-4c60-a0e1-73fafa80b8fa,11/28/2025,9c150bf9-2bad-430e-a53c-c213804f49ef,Virtual Network,IP Addresses,All,Standard IPv4 Static Public IP,360,1.8
Actin-Azure Sponsorship,c27e8e3c-43a4-4c60-a0e1-73fafa80b8fa,11/29/2025,9c150bf9-2bad-430e-a53c-c213804f49ef,Virtual Network,IP Addresses,All,Standard IPv4 Static Public IP,360,1.8
Actin-Azure Sponsorship,c27e8e3c-43a4-4c60-a0e1-73fafa80b8fa,11/30/2025,9c150bf9-2bad-430e-a53c-c213804f49ef,Virtual Network,IP Addresses,All,Standard IPv4 Static Public IP,360,1.8
Actin-Azure Sponsorship,c27e8e3c-43a4-4c60-a0e1-73fafa80b8fa,11-01-2025,0b608a26-f611-4232-8192-ce81b6b57194,Azure DNS,All,All,Private Zone,0.064512,0.032256
Actin-Azure Sponsorship,c27e8e3c-43a4-4c60-a0e1-73fafa80b8fa,11-02-2025,0b608a26-f611-4232-8192-ce81b6b57194,Azure DNS,All,All,Private Zone,0.064512,0.032256
Actin-Azure Sponsorship,c27e8e3c-43a4-4c60-a0e1-73fafa80b8fa,11-03-2025,0b608a26-f611-4232-8192-ce81b6b57194,Azure DNS,All,All,Private Zone,0.064512,0.032256
Actin-Azure Sponsorship,c27e8e3c-43a4-4c60-a0e1-73fafa80b8fa,11-04-2025,0b608a26-f611-4232-8192-ce81b6b57194,Azure DNS,All,All,Private Zone,0.064512,0.032256
Actin-Azure Sponsorship,c27e8e3c-43a4-4c60-a0e1-73fafa80b8fa,11-05-2025,0b608a26-f611-4232-8192-ce81b6b57194,Azure DNS,All,All,Private Zone,0.064512,0.032256
Actin-Azure Sponsorship,c27e8e3c-43a4-4c60-a0e1-73fafa80b8fa,11-06-2025,0b608a26-f611-4232-8192-ce81b6b57194,Azure DNS,All,All,Private Zone,0.064512,0.032256
Actin-Azure Sponsorship,c27e8e3c-43a4-4c60-a0e1-73fafa80b8fa,11-07-2025,0b608a26-f611-4232-8192-ce81b6b57194,Azure DNS,All,All,Private Zone,0.064512,0.032256
Actin-Azure Sponsorship,c27e8e3c-43a4-4c60-a0e1-73fafa80b8fa,11-08-2025,0b608a26-f611-4232-8192-ce81b6b57194,Azure DNS,All,All,Private Zone,0.064512,0.032256
Actin-Azure Sponsorship,c27e8e3c-43a4-4c60-a0e1-73fafa80b8fa,11-09-2025,0b608a26-f611-4232-8192-ce81b6b57194,Azure DNS,All,All,Private Zone,0.064512,0.032256
Actin-Azure Sponsorship,c27e8e3c-43a4-4c60-a0e1-73fafa80b8fa,11-10-2025,0b608a26-f611-4232-8192-ce81b6b57194,Azure DNS,All,All,Private Zone,0.064512,0.032256
Actin-Azure Sponsorship,c27e8e3c-43a4-4c60-a0e1-73fafa80b8fa,11-11-2025,0b608a26-f611-4232-8192-ce81b6b57194,Azure DNS,All,All,Private Zone,0.064512,0.032256
Actin-Azure Sponsorship,c27e8e3c-43a4-4c60-a0e1-73fafa80b8fa,11-12-2025,0b608a26-f611-4232-8192-ce81b6b57194,Azure DNS,All,All,Private Zone,0.064512,0.032256
Actin-Azure Sponsorship,c27e8e3c-43a4-4c60-a0e1-73fafa80b8fa,11/13/2025,0b608a26-f611-4232-8192-ce81b6b57194,Azure DNS,All,All,Private Zone,0.064512,0.032256
Actin-Azure Sponsorship,c27e8e3c-43a4-4c60-a0e1-73fafa80b8fa,11/14/2025,0b608a26-f611-4232-8192-ce81b6b57194,Azure DNS,All,All,Private Zone,0.064512,0.032256
Actin-Azure Sponsorship,c27e8e3c-43a4-4c60-a0e1-73fafa80b8fa,11/15/2025,0b608a26-f611-4232-8192-ce81b6b57194,Azure DNS,All,All,Private Zone,0.064512,0.032256
Actin-Azure Sponsorship,c27e8e3c-43a4-4c60-a0e1-73fafa80b8fa,11/16/2025,0b608a26-f611-4232-8192-ce81b6b57194,Azure DNS,All,All,Private Zone,0.064512,0.032256
Actin-Azure Sponsorship,c27e8e3c-43a4-4c60-a0e1-73fafa80b8fa,11/17/2025,0b608a26-f611-4232-8192-ce81b6b57194,Azure DNS,All,All,Private Zone,0.064512,0.032256
Actin-Azure Sponsorship,c27e8e3c-43a4-4c60-a0e1-73fafa80b8fa,11/18/2025,0b608a26-f611-4232-8192-ce81b6b57194,Azure DNS,All,All,Private Zone,0.064512,0.032256
Actin-Azure Sponsorship,c27e8e3c-43a4-4c60-a0e1-73fafa80b8fa,11/19/2025,0b608a26-f611-4232-8192-ce81b6b57194,Azure DNS,All,All,Private Zone,0.064512,0.032256
Actin-Azure Sponsorship,c27e8e3c-43a4-4c60-a0e1-73fafa80b8fa,11/20/2025,0b608a26-f611-4232-8192-ce81b6b57194,Azure DNS,All,All,Private Zone,0.064512,0.032256
Actin-Azure Sponsorship,c27e8e3c-43a4-4c60-a0e1-73fafa80b8fa,11/21/2025,0b608a26-f611-4232-8192-ce81b6b57194,Azure DNS,All,All,Private Zone,0.064512,0.032256
Actin-Azure Sponsorship,c27e8e3c-43a4-4c60-a0e1-73fafa80b8fa,11/22/2025,0b608a26-f611-4232-8192-ce81b6b57194,Azure DNS,All,All,Private Zone,0.064512,0.032256
Actin-Azure Sponsorship,c27e8e3c-43a4-4c60-a0e1-73fafa80b8fa,11/23/2025,0b608a26-f611-4232-8192-ce81b6b57194,Azure DNS,All,All,Private Zone,0.064512,0.032256
Actin-Azure Sponsorship,c27e8e3c-43a4-4c60-a0e1-73fafa80b8fa,11/24/2025,0b608a26-f611-4232-8192-ce81b6b57194,Azure DNS,All,All,Private Zone,0.064512,0.032256
Actin-Azure Sponsorship,c27e8e3c-43a4-4c60-a0e1-73fafa80b8fa,11/25/2025,0b608a26-f611-4232-8192-ce81b6b57194,Azure DNS,All,All,Private Zone,0.064512,0.032256
Actin-Azure Sponsorship,c27e8e3c-43a4-4c60-a0e1-73fafa80b8fa,11/26/2025,0b608a26-f611-4232-8192-ce81b6b57194,Azure DNS,All,All,Private Zone,0.064512,0.032256
Actin-Azure Sponsorship,c27e8e3c-43a4-4c60-a0e1-73fafa80b8fa,11/27/2025,0b608a26-f611-4232-8192-ce81b6b57194,Azure DNS,All,All,Private Zone,0.064512,0.032256
Actin-Azure Sponsorship,c27e8e3c-43a4-4c60-a0e1-73fafa80b8fa,11/28/2025,0b608a26-f611-4232-8192-ce81b6b57194,Azure DNS,All,All,Private Zone,0.064512,0.032256
Actin-Azure Sponsorship,c27e8e3c-43a4-4c60-a0e1-73fafa80b8fa,11/29/2025,0b608a26-f611-4232-8192-ce81b6b57194,Azure DNS,All,All,Private Zone,0.064512,0.032256
Actin-Azure Sponsorship,c27e8e3c-43a4-4c60-a0e1-73fafa80b8fa,11/30/2025,0b608a26-f611-4232-8192-ce81b6b57194,Azure DNS,All,All,Private Zone,0.064512,0.032256
Actin-Azure Sponsorship,c27e8e3c-43a4-4c60-a0e1-73fafa80b8fa,11-01-2025,2cf4341c-5363-4026-8ed4-d1ddaa0a8276,Storage,Tiered Block Blob,IN Central,Hot Read Operations,2.5594,0.011263
Actin-Azure Sponsorship,c27e8e3c-43a4-4c60-a0e1-73fafa80b8fa,11-02-2025,2cf4341c-5363-4026-8ed4-d1ddaa0a8276,Storage,Tiered Block Blob,IN Central,Hot Read Operations,2.5601,0.011265
Actin-Azure Sponsorship,c27e8e3c-43a4-4c60-a0e1-73fafa80b8fa,11-03-2025,2cf4341c-5363-4026-8ed4-d1ddaa0a8276,Storage,Tiered Block Blob,IN Central,Hot Read Operations,2.5596,0.011264
Actin-Azure Sponsorship,c27e8e3c-43a4-4c60-a0e1-73fafa80b8fa,11-04-2025,2cf4341c-5363-4026-8ed4-d1ddaa0a8276,Storage,Tiered Block Blob,IN Central,Hot Read Operations,0.2343,0.001031
Actin-Azure Sponsorship,c27e8e3c-43a4-4c60-a0e1-73fafa80b8fa,11-01-2025,7910b1eb-292c-4462-92f8-d3c917924591,Bandwidth,Inter-Region,Intercontinental,Inter Continent Data Transfer Out - ASIA To Any,0.048472,0.00386
Actin-Azure Sponsorship,c27e8e3c-43a4-4c60-a0e1-73fafa80b8fa,11-02-2025,7910b1eb-292c-4462-92f8-d3c917924591,Bandwidth,Inter-Region,Intercontinental,Inter Continent Data Transfer Out - ASIA To Any,0.048478,0.00387
Actin-Azure Sponsorship,c27e8e3c-43a4-4c60-a0e1-73fafa80b8fa,11-03-2025,7910b1eb-292c-4462-92f8-d3c917924591,Bandwidth,Inter-Region,Intercontinental,Inter Continent Data Transfer Out - ASIA To Any,0.050642,0.004026
Actin-Azure Sponsorship,c27e8e3c-43a4-4c60-a0e1-73fafa80b8fa,11-04-2025,7910b1eb-292c-4462-92f8-d3c917924591,Bandwidth,Inter-Region,Intercontinental,Inter Continent Data Transfer Out - ASIA To Any,0.050214,0.004002
Actin-Azure Sponsorship,c27e8e3c-43a4-4c60-a0e1-73fafa80b8fa,11-05-2025,7910b1eb-292c-4462-92f8-d3c917924591,Bandwidth,Inter-Region,Intercontinental,Inter Continent Data Transfer Out - ASIA To Any,0.04947,0.003937
Actin-Azure Sponsorship,c27e8e3c-43a4-4c60-a0e1-73fafa80b8fa,11-06-2025,7910b1eb-292c-4462-92f8-d3c917924591,Bandwidth,Inter-Region,Intercontinental,Inter Continent Data Transfer Out - ASIA To Any,0.058137,0.004627
Actin-Azure Sponsorship,c27e8e3c-43a4-4c60-a0e1-73fafa80b8fa,11-07-2025,7910b1eb-292c-4462-92f8-d3c917924591,Bandwidth,Inter-Region,Intercontinental,Inter Continent Data Transfer Out - ASIA To Any,0.060947,0.004855
Actin-Azure Sponsorship,c27e8e3c-43a4-4c60-a0e1-73fafa80b8fa,11-08-2025,7910b1eb-292c-4462-92f8-d3c917924591,Bandwidth,Inter-Region,Intercontinental,Inter Continent Data Transfer Out - ASIA To Any,0.049021,0.003908
Actin-Azure Sponsorship,c27e8e3c-43a4-4c60-a0e1-73fafa80b8fa,11-09-2025,7910b1eb-292c-4462-92f8-d3c917924591,Bandwidth,Inter-Region,Intercontinental,Inter Continent Data Transfer Out - ASIA To Any,0.048278,0.003847
Actin-Azure Sponsorship,c27e8e3c-43a4-4c60-a0e1-73fafa80b8fa,11-10-2025,7910b1eb-292c-4462-92f8-d3c917924591,Bandwidth,Inter-Region,Intercontinental,Inter Continent Data Transfer Out - ASIA To Any,0.051085,0.004063
Actin-Azure Sponsorship,c27e8e3c-43a4-4c60-a0e1-73fafa80b8fa,11-11-2025,7910b1eb-292c-4462-92f8-d3c917924591,Bandwidth,Inter-Region,Intercontinental,Inter Continent Data Transfer Out - ASIA To Any,0.05331,0.004234
Actin-Azure Sponsorship,c27e8e3c-43a4-4c60-a0e1-73fafa80b8fa,11-12-2025,7910b1eb-292c-4462-92f8-d3c917924591,Bandwidth,Inter-Region,Intercontinental,Inter Continent Data Transfer Out - ASIA To Any,0.051212,0.004082
Actin-Azure Sponsorship,c27e8e3c-43a4-4c60-a0e1-73fafa80b8fa,11/13/2025,7910b1eb-292c-4462-92f8-d3c917924591,Bandwidth,Inter-Region,Intercontinental,Inter Continent Data Transfer Out - ASIA To Any,0.055348,0.004397
Actin-Azure Sponsorship,c27e8e3c-43a4-4c60-a0e1-73fafa80b8fa,11/14/2025,7910b1eb-292c-4462-92f8-d3c917924591,Bandwidth,Inter-Region,Intercontinental,Inter Continent Data Transfer Out - ASIA To Any,0.05444,0.004326
Actin-Azure Sponsorship,c27e8e3c-43a4-4c60-a0e1-73fafa80b8fa,11/15/2025,7910b1eb-292c-4462-92f8-d3c917924591,Bandwidth,Inter-Region,Intercontinental,Inter Continent Data Transfer Out - ASIA To Any,0.049312,0.003932
Actin-Azure Sponsorship,c27e8e3c-43a4-4c60-a0e1-73fafa80b8fa,11/16/2025,7910b1eb-292c-4462-92f8-d3c917924591,Bandwidth,Inter-Region,Intercontinental,Inter Continent Data Transfer Out - ASIA To Any,0.046949,0.003735
Actin-Azure Sponsorship,c27e8e3c-43a4-4c60-a0e1-73fafa80b8fa,11/17/2025,7910b1eb-292c-4462-92f8-d3c917924591,Bandwidth,Inter-Region,Intercontinental,Inter Continent Data Transfer Out - ASIA To Any,0.054431,0.004321
Actin-Azure Sponsorship,c27e8e3c-43a4-4c60-a0e1-73fafa80b8fa,11/18/2025,7910b1eb-292c-4462-92f8-d3c917924591,Bandwidth,Inter-Region,Intercontinental,Inter Continent Data Transfer Out - ASIA To Any,0.054621,0.004338
Actin-Azure Sponsorship,c27e8e3c-43a4-4c60-a0e1-73fafa80b8fa,11/19/2025,7910b1eb-292c-4462-92f8-d3c917924591,Bandwidth,Inter-Region,Intercontinental,Inter Continent Data Transfer Out - ASIA To Any,0.054548,0.004339
Actin-Azure Sponsorship,c27e8e3c-43a4-4c60-a0e1-73fafa80b8fa,11/20/2025,7910b1eb-292c-4462-92f8-d3c917924591,Bandwidth,Inter-Region,Intercontinental,Inter Continent Data Transfer Out - ASIA To Any,0.058425,0.00465
Actin-Azure Sponsorship,c27e8e3c-43a4-4c60-a0e1-73fafa80b8fa,11/21/2025,7910b1eb-292c-4462-92f8-d3c917924591,Bandwidth,Inter-Region,Intercontinental,Inter Continent Data Transfer Out - ASIA To Any,0.053822,0.004276
Actin-Azure Sponsorship,c27e8e3c-43a4-4c60-a0e1-73fafa80b8fa,11/22/2025,7910b1eb-292c-4462-92f8-d3c917924591,Bandwidth,Inter-Region,Intercontinental,Inter Continent Data Transfer Out - ASIA To Any,0.049352,0.003933
Actin-Azure Sponsorship,c27e8e3c-43a4-4c60-a0e1-73fafa80b8fa,11/23/2025,7910b1eb-292c-4462-92f8-d3c917924591,Bandwidth,Inter-Region,Intercontinental,Inter Continent Data Transfer Out - ASIA To Any,0.047674,0.003801
Actin-Azure Sponsorship,c27e8e3c-43a4-4c60-a0e1-73fafa80b8fa,11/24/2025,7910b1eb-292c-4462-92f8-d3c917924591,Bandwidth,Inter-Region,Intercontinental,Inter Continent Data Transfer Out - ASIA To Any,0.05395,0.004281
Actin-Azure Sponsorship,c27e8e3c-43a4-4c60-a0e1-73fafa80b8fa,11/25/2025,7910b1eb-292c-4462-92f8-d3c917924591,Bandwidth,Inter-Region,Intercontinental,Inter Continent Data Transfer Out - ASIA To Any,0.051162,0.004056
Actin-Azure Sponsorship,c27e8e3c-43a4-4c60-a0e1-73fafa80b8fa,11/26/2025,7910b1eb-292c-4462-92f8-d3c917924591,Bandwidth,Inter-Region,Intercontinental,Inter Continent Data Transfer Out - ASIA To Any,0.065963,0.005252
Actin-Azure Sponsorship,c27e8e3c-43a4-4c60-a0e1-73fafa80b8fa,11/27/2025,7910b1eb-292c-4462-92f8-d3c917924591,Bandwidth,Inter-Region,Intercontinental,Inter Continent Data Transfer Out - ASIA To Any,0.052454,0.004164
Actin-Azure Sponsorship,c27e8e3c-43a4-4c60-a0e1-73fafa80b8fa,11/28/2025,7910b1eb-292c-4462-92f8-d3c917924591,Bandwidth,Inter-Region,Intercontinental,Inter Continent Data Transfer Out - ASIA To Any,0.053921,0.004286
Actin-Azure Sponsorship,c27e8e3c-43a4-4c60-a0e1-73fafa80b8fa,11/29/2025,7910b1eb-292c-4462-92f8-d3c917924591,Bandwidth,Inter-Region,Intercontinental,Inter Continent Data Transfer Out - ASIA To Any,0.048573,0.003857
Actin-Azure Sponsorship,c27e8e3c-43a4-4c60-a0e1-73fafa80b8fa,11/30/2025,7910b1eb-292c-4462-92f8-d3c917924591,Bandwidth,Inter-Region,Intercontinental,Inter Continent Data Transfer Out - ASIA To Any,0.053716,0.00427
Actin-Azure Sponsorship,c27e8e3c-43a4-4c60-a0e1-73fafa80b8fa,11-01-2025,941a7a91-f0b4-4c70-be0f-d87ea6ff09ee,Bandwidth,Inter-Region,Asia,Intra Continent Data Transfer Out,0.00691,0.000555
Actin-Azure Sponsorship,c27e8e3c-43a4-4c60-a0e1-73fafa80b8fa,11-02-2025,941a7a91-f0b4-4c70-be0f-d87ea6ff09ee,Bandwidth,Inter-Region,Asia,Intra Continent Data Transfer Out,0.007248,0.000582
Actin-Azure Sponsorship,c27e8e3c-43a4-4c60-a0e1-73fafa80b8fa,11-03-2025,941a7a91-f0b4-4c70-be0f-d87ea6ff09ee,Bandwidth,Inter-Region,Asia,Intra Continent Data Transfer Out,0.007605,0.000602
Actin-Azure Sponsorship,c27e8e3c-43a4-4c60-a0e1-73fafa80b8fa,11-04-2025,941a7a91-f0b4-4c70-be0f-d87ea6ff09ee,Bandwidth,Inter-Region,Asia,Intra Continent Data Transfer Out,0.007553,0.000604
Actin-Azure Sponsorship,c27e8e3c-43a4-4c60-a0e1-73fafa80b8fa,11-05-2025,941a7a91-f0b4-4c70-be0f-d87ea6ff09ee,Bandwidth,Inter-Region,Asia,Intra Continent Data Transfer Out,0.007628,0.000607
Actin-Azure Sponsorship,c27e8e3c-43a4-4c60-a0e1-73fafa80b8fa,11-06-2025,941a7a91-f0b4-4c70-be0f-d87ea6ff09ee,Bandwidth,Inter-Region,Asia,Intra Continent Data Transfer Out,0.011908,0.000939
Actin-Azure Sponsorship,c27e8e3c-43a4-4c60-a0e1-73fafa80b8fa,11-07-2025,941a7a91-f0b4-4c70-be0f-d87ea6ff09ee,Bandwidth,Inter-Region,Asia,Intra Continent Data Transfer Out,0.007022,0.000559
Actin-Azure Sponsorship,c27e8e3c-43a4-4c60-a0e1-73fafa80b8fa,11-08-2025,941a7a91-f0b4-4c70-be0f-d87ea6ff09ee,Bandwidth,Inter-Region,Asia,Intra Continent Data Transfer Out,0.007211,0.000578
Actin-Azure Sponsorship,c27e8e3c-43a4-4c60-a0e1-73fafa80b8fa,11-09-2025,941a7a91-f0b4-4c70-be0f-d87ea6ff09ee,Bandwidth,Inter-Region,Asia,Intra Continent Data Transfer Out,0.006959,0.000575
Actin-Azure Sponsorship,c27e8e3c-43a4-4c60-a0e1-73fafa80b8fa,11-10-2025,941a7a91-f0b4-4c70-be0f-d87ea6ff09ee,Bandwidth,Inter-Region,Asia,Intra Continent Data Transfer Out,0.007185,0.000578
Actin-Azure Sponsorship,c27e8e3c-43a4-4c60-a0e1-73fafa80b8fa,11-11-2025,941a7a91-f0b4-4c70-be0f-d87ea6ff09ee,Bandwidth,Inter-Region,Asia,Intra Continent Data Transfer Out,0.008289,0.000664
Actin-Azure Sponsorship,c27e8e3c-43a4-4c60-a0e1-73fafa80b8fa,11-12-2025,941a7a91-f0b4-4c70-be0f-d87ea6ff09ee,Bandwidth,Inter-Region,Asia,Intra Continent Data Transfer Out,0.007204,0.000577
Actin-Azure Sponsorship,c27e8e3c-43a4-4c60-a0e1-73fafa80b8fa,11/13/2025,941a7a91-f0b4-4c70-be0f-d87ea6ff09ee,Bandwidth,Inter-Region,Asia,Intra Continent Data Transfer Out,0.007223,0.000578
Actin-Azure Sponsorship,c27e8e3c-43a4-4c60-a0e1-73fafa80b8fa,11/14/2025,941a7a91-f0b4-4c70-be0f-d87ea6ff09ee,Bandwidth,Inter-Region,Asia,Intra Continent Data Transfer Out,0.009102,0.000732
Actin-Azure Sponsorship,c27e8e3c-43a4-4c60-a0e1-73fafa80b8fa,11/15/2025,941a7a91-f0b4-4c70-be0f-d87ea6ff09ee,Bandwidth,Inter-Region,Asia,Intra Continent Data Transfer Out,0.007326,0.000586
Actin-Azure Sponsorship,c27e8e3c-43a4-4c60-a0e1-73fafa80b8fa,11/16/2025,941a7a91-f0b4-4c70-be0f-d87ea6ff09ee,Bandwidth,Inter-Region,Asia,Intra Continent Data Transfer Out,0.007564,0.000602
Actin-Azure Sponsorship,c27e8e3c-43a4-4c60-a0e1-73fafa80b8fa,11/17/2025,941a7a91-f0b4-4c70-be0f-d87ea6ff09ee,Bandwidth,Inter-Region,Asia,Intra Continent Data Transfer Out,0.008538,0.000682
Actin-Azure Sponsorship,c27e8e3c-43a4-4c60-a0e1-73fafa80b8fa,11/18/2025,941a7a91-f0b4-4c70-be0f-d87ea6ff09ee,Bandwidth,Inter-Region,Asia,Intra Continent Data Transfer Out,0.007915,0.000634
Actin-Azure Sponsorship,c27e8e3c-43a4-4c60-a0e1-73fafa80b8fa,11/19/2025,941a7a91-f0b4-4c70-be0f-d87ea6ff09ee,Bandwidth,Inter-Region,Asia,Intra Continent Data Transfer Out,0.008251,0.000663
Actin-Azure Sponsorship,c27e8e3c-43a4-4c60-a0e1-73fafa80b8fa,11/20/2025,941a7a91-f0b4-4c70-be0f-d87ea6ff09ee,Bandwidth,Inter-Region,Asia,Intra Continent Data Transfer Out,0.053104,0.004245
Actin-Azure Sponsorship,c27e8e3c-43a4-4c60-a0e1-73fafa80b8fa,11/21/2025,941a7a91-f0b4-4c70-be0f-d87ea6ff09ee,Bandwidth,Inter-Region,Asia,Intra Continent Data Transfer Out,0.007803,0.00062
Actin-Azure Sponsorship,c27e8e3c-43a4-4c60-a0e1-73fafa80b8fa,11/22/2025,941a7a91-f0b4-4c70-be0f-d87ea6ff09ee,Bandwidth,Inter-Region,Asia,Intra Continent Data Transfer Out,0.007406,0.000592
Actin-Azure Sponsorship,c27e8e3c-43a4-4c60-a0e1-73fafa80b8fa,11/23/2025,941a7a91-f0b4-4c70-be0f-d87ea6ff09ee,Bandwidth,Inter-Region,Asia,Intra Continent Data Transfer Out,0.007318,0.000587
Actin-Azure Sponsorship,c27e8e3c-43a4-4c60-a0e1-73fafa80b8fa,11/24/2025,941a7a91-f0b4-4c70-be0f-d87ea6ff09ee,Bandwidth,Inter-Region,Asia,Intra Continent Data Transfer Out,0.007759,0.000618
Actin-Azure Sponsorship,c27e8e3c-43a4-4c60-a0e1-73fafa80b8fa,11/25/2025,941a7a91-f0b4-4c70-be0f-d87ea6ff09ee,Bandwidth,Inter-Region,Asia,Intra Continent Data Transfer Out,0.007884,0.000631
Actin-Azure Sponsorship,c27e8e3c-43a4-4c60-a0e1-73fafa80b8fa,11/26/2025,941a7a91-f0b4-4c70-be0f-d87ea6ff09ee,Bandwidth,Inter-Region,Asia,Intra Continent Data Transfer Out,0.029781,0.00238
Actin-Azure Sponsorship,c27e8e3c-43a4-4c60-a0e1-73fafa80b8fa,11/27/2025,941a7a91-f0b4-4c70-be0f-d87ea6ff09ee,Bandwidth,Inter-Region,Asia,Intra Continent Data Transfer Out,0.007954,0.000624
Actin-Azure Sponsorship,c27e8e3c-43a4-4c60-a0e1-73fafa80b8fa,11/28/2025,941a7a91-f0b4-4c70-be0f-d87ea6ff09ee,Bandwidth,Inter-Region,Asia,Intra Continent Data Transfer Out,0.008438,0.000673
Actin-Azure Sponsorship,c27e8e3c-43a4-4c60-a0e1-73fafa80b8fa,11/29/2025,941a7a91-f0b4-4c70-be0f-d87ea6ff09ee,Bandwidth,Inter-Region,Asia,Intra Continent Data Transfer Out,0.00771,0.000616
Actin-Azure Sponsorship,c27e8e3c-43a4-4c60-a0e1-73fafa80b8fa,11/30/2025,941a7a91-f0b4-4c70-be0f-d87ea6ff09ee,Bandwidth,Inter-Region,Asia,Intra Continent Data Transfer Out,0.007854,0.000623
Actin-Azure Sponsorship,c27e8e3c-43a4-4c60-a0e1-73fafa80b8fa,11-01-2025,1156c9ab-18fe-4de1-b488-d8ccd89bc530,Storage,Tiered Block Blob,IN Central,All Other Operations,0.1451,0.000628
Actin-Azure Sponsorship,c27e8e3c-43a4-4c60-a0e1-73fafa80b8fa,11-02-2025,1156c9ab-18fe-4de1-b488-d8ccd89bc530,Storage,Tiered Block Blob,IN Central,All Other Operations,0.1446,0.000626
Actin-Azure Sponsorship,c27e8e3c-43a4-4c60-a0e1-73fafa80b8fa,11-03-2025,1156c9ab-18fe-4de1-b488-d8ccd89bc530,Storage,Tiered Block Blob,IN Central,All Other Operations,0.1443,0.000625
Actin-Azure Sponsorship,c27e8e3c-43a4-4c60-a0e1-73fafa80b8fa,11-04-2025,1156c9ab-18fe-4de1-b488-d8ccd89bc530,Storage,Tiered Block Blob,IN Central,All Other Operations,0.0138,0.000058
Actin-Azure Sponsorship,c27e8e3c-43a4-4c60-a0e1-73fafa80b8fa,11-05-2025,1156c9ab-18fe-4de1-b488-d8ccd89bc530,Storage,Tiered Block Blob,IN Central,All Other Operations,0.0006,0
Actin-Azure Sponsorship,c27e8e3c-43a4-4c60-a0e1-73fafa80b8fa,11-01-2025,6c7763d7-7804-51d1-86ad-da09ce51130a,Azure Monitor,All,All,Alerts System Log Monitored at 1 Minute Frequency,0.031498,0.09449
Actin-Azure Sponsorship,c27e8e3c-43a4-4c60-a0e1-73fafa80b8fa,11-02-2025,6c7763d7-7804-51d1-86ad-da09ce51130a,Azure Monitor,All,All,Alerts System Log Monitored at 1 Minute Frequency,0.031406,0.094222
Actin-Azure Sponsorship,c27e8e3c-43a4-4c60-a0e1-73fafa80b8fa,11-03-2025,6c7763d7-7804-51d1-86ad-da09ce51130a,Azure Monitor,All,All,Alerts System Log Monitored at 1 Minute Frequency,0.031543,0.094624
Actin-Azure Sponsorship,c27e8e3c-43a4-4c60-a0e1-73fafa80b8fa,11-04-2025,6c7763d7-7804-51d1-86ad-da09ce51130a,Azure Monitor,All,All,Alerts System Log Monitored at 1 Minute Frequency,0.031588,0.094758
Actin-Azure Sponsorship,c27e8e3c-43a4-4c60-a0e1-73fafa80b8fa,11-05-2025,6c7763d7-7804-51d1-86ad-da09ce51130a,Azure Monitor,All,All,Alerts System Log Monitored at 1 Minute Frequency,0.031543,0.094624
Actin-Azure Sponsorship,c27e8e3c-43a4-4c60-a0e1-73fafa80b8fa,11-06-2025,6c7763d7-7804-51d1-86ad-da09ce51130a,Azure Monitor,All,All,Alerts System Log Monitored at 1 Minute Frequency,0.03152,0.094557
Actin-Azure Sponsorship,c27e8e3c-43a4-4c60-a0e1-73fafa80b8fa,11-07-2025,6c7763d7-7804-51d1-86ad-da09ce51130a,Azure Monitor,All,All,Alerts System Log Monitored at 1 Minute Frequency,0.031452,0.094356
Actin-Azure Sponsorship,c27e8e3c-43a4-4c60-a0e1-73fafa80b8fa,11-08-2025,6c7763d7-7804-51d1-86ad-da09ce51130a,Azure Monitor,All,All,Alerts System Log Monitored at 1 Minute Frequency,0.031519,0.094557
Actin-Azure Sponsorship,c27e8e3c-43a4-4c60-a0e1-73fafa80b8fa,11-09-2025,6c7763d7-7804-51d1-86ad-da09ce51130a,Azure Monitor,All,All,Alerts System Log Monitored at 1 Minute Frequency,0.031588,0.094758
Actin-Azure Sponsorship,c27e8e3c-43a4-4c60-a0e1-73fafa80b8fa,11-10-2025,6c7763d7-7804-51d1-86ad-da09ce51130a,Azure Monitor,All,All,Alerts System Log Monitored at 1 Minute Frequency,0.031498,0.09449
Actin-Azure Sponsorship,c27e8e3c-43a4-4c60-a0e1-73fafa80b8fa,11-11-2025,6c7763d7-7804-51d1-86ad-da09ce51130a,Azure Monitor,All,All,Alerts System Log Monitored at 1 Minute Frequency,0.031543,0.094624
Actin-Azure Sponsorship,c27e8e3c-43a4-4c60-a0e1-73fafa80b8fa,11-12-2025,6c7763d7-7804-51d1-86ad-da09ce51130a,Azure Monitor,All,All,Alerts System Log Monitored at 1 Minute Frequency,0.031588,0.094758
Actin-Azure Sponsorship,c27e8e3c-43a4-4c60-a0e1-73fafa80b8fa,11/13/2025,6c7763d7-7804-51d1-86ad-da09ce51130a,Azure Monitor,All,All,Alerts System Log Monitored at 1 Minute Frequency,0.031451,0.094356
Actin-Azure Sponsorship,c27e8e3c-43a4-4c60-a0e1-73fafa80b8fa,11/14/2025,6c7763d7-7804-51d1-86ad-da09ce51130a,Azure Monitor,All,All,Alerts System Log Monitored at 1 Minute Frequency,0.031702,0.095093
Actin-Azure Sponsorship,c27e8e3c-43a4-4c60-a0e1-73fafa80b8fa,11/15/2025,6c7763d7-7804-51d1-86ad-da09ce51130a,Azure Monitor,All,All,Alerts System Log Monitored at 1 Minute Frequency,0.031429,0.094289
Actin-Azure Sponsorship,c27e8e3c-43a4-4c60-a0e1-73fafa80b8fa,11/16/2025,6c7763d7-7804-51d1-86ad-da09ce51130a,Azure Monitor,All,All,Alerts System Log Monitored at 1 Minute Frequency,0.031565,0.094691
Actin-Azure Sponsorship,c27e8e3c-43a4-4c60-a0e1-73fafa80b8fa,11/17/2025,6c7763d7-7804-51d1-86ad-da09ce51130a,Azure Monitor,All,All,Alerts System Log Monitored at 1 Minute Frequency,0.031722,0.09516
Actin-Azure Sponsorship,c27e8e3c-43a4-4c60-a0e1-73fafa80b8fa,11/18/2025,6c7763d7-7804-51d1-86ad-da09ce51130a,Azure Monitor,All,All,Alerts System Log Monitored at 1 Minute Frequency,0.031497,0.09449
Actin-Azure Sponsorship,c27e8e3c-43a4-4c60-a0e1-73fafa80b8fa,11/19/2025,6c7763d7-7804-51d1-86ad-da09ce51130a,Azure Monitor,All,All,Alerts System Log Monitored at 1 Minute Frequency,0.03168,0.095026
Actin-Azure Sponsorship,c27e8e3c-43a4-4c60-a0e1-73fafa80b8fa,11/20/2025,6c7763d7-7804-51d1-86ad-da09ce51130a,Azure Monitor,All,All,Alerts System Log Monitored at 1 Minute Frequency,0.031566,0.094691
Actin-Azure Sponsorship,c27e8e3c-43a4-4c60-a0e1-73fafa80b8fa,11/21/2025,6c7763d7-7804-51d1-86ad-da09ce51130a,Azure Monitor,All,All,Alerts System Log Monitored at 1 Minute Frequency,0.031543,0.094624
Actin-Azure Sponsorship,c27e8e3c-43a4-4c60-a0e1-73fafa80b8fa,11/22/2025,6c7763d7-7804-51d1-86ad-da09ce51130a,Azure Monitor,All,All,Alerts System Log Monitored at 1 Minute Frequency,0.031518,0.094557
Actin-Azure Sponsorship,c27e8e3c-43a4-4c60-a0e1-73fafa80b8fa,11/23/2025,6c7763d7-7804-51d1-86ad-da09ce51130a,Azure Monitor,All,All,Alerts System Log Monitored at 1 Minute Frequency,0.031429,0.094289
Actin-Azure Sponsorship,c27e8e3c-43a4-4c60-a0e1-73fafa80b8fa,11/24/2025,6c7763d7-7804-51d1-86ad-da09ce51130a,Azure Monitor,All,All,Alerts System Log Monitored at 1 Minute Frequency,0.031521,0.094557
Actin-Azure Sponsorship,c27e8e3c-43a4-4c60-a0e1-73fafa80b8fa,11/25/2025,6c7763d7-7804-51d1-86ad-da09ce51130a,Azure Monitor,All,All,Alerts System Log Monitored at 1 Minute Frequency,0.031544,0.094624
Actin-Azure Sponsorship,c27e8e3c-43a4-4c60-a0e1-73fafa80b8fa,11/26/2025,6c7763d7-7804-51d1-86ad-da09ce51130a,Azure Monitor,All,All,Alerts System Log Monitored at 1 Minute Frequency,0.031657,0.094959
Actin-Azure Sponsorship,c27e8e3c-43a4-4c60-a0e1-73fafa80b8fa,11/27/2025,6c7763d7-7804-51d1-86ad-da09ce51130a,Azure Monitor,All,All,Alerts System Log Monitored at 1 Minute Frequency,0.031543,0.094624
Actin-Azure Sponsorship,c27e8e3c-43a4-4c60-a0e1-73fafa80b8fa,11/28/2025,6c7763d7-7804-51d1-86ad-da09ce51130a,Azure Monitor,All,All,Alerts System Log Monitored at 1 Minute Frequency,0.031564,0.094691
Actin-Azure Sponsorship,c27e8e3c-43a4-4c60-a0e1-73fafa80b8fa,11/29/2025,6c7763d7-7804-51d1-86ad-da09ce51130a,Azure Monitor,All,All,Alerts System Log Monitored at 1 Minute Frequency,0.031543,0.094624
Actin-Azure Sponsorship,c27e8e3c-43a4-4c60-a0e1-73fafa80b8fa,11/30/2025,6c7763d7-7804-51d1-86ad-da09ce51130a,Azure Monitor,All,All,Alerts System Log Monitored at 1 Minute Frequency,0.031543,0.094624
Actin-Azure Sponsorship,c27e8e3c-43a4-4c60-a0e1-73fafa80b8fa,11-06-2025,063ca82e-b7e7-4988-8b7f-dc2e876247f8,Virtual Machines,BS Series Windows,DE West Central,B4ms,39.350027,8.184805
Actin-Azure Sponsorship,c27e8e3c-43a4-4c60-a0e1-73fafa80b8fa,11-07-2025,063ca82e-b7e7-4988-8b7f-dc2e876247f8,Virtual Machines,BS Series Windows,DE West Central,B4ms,48,9.984
Actin-Azure Sponsorship,c27e8e3c-43a4-4c60-a0e1-73fafa80b8fa,11-08-2025,063ca82e-b7e7-4988-8b7f-dc2e876247f8,Virtual Machines,BS Series Windows,DE West Central,B4ms,48,9.984
Actin-Azure Sponsorship,c27e8e3c-43a4-4c60-a0e1-73fafa80b8fa,11-09-2025,063ca82e-b7e7-4988-8b7f-dc2e876247f8,Virtual Machines,BS Series Windows,DE West Central,B4ms,48,9.984
Actin-Azure Sponsorship,c27e8e3c-43a4-4c60-a0e1-73fafa80b8fa,11-10-2025,063ca82e-b7e7-4988-8b7f-dc2e876247f8,Virtual Machines,BS Series Windows,DE West Central,B4ms,48,9.984
Actin-Azure Sponsorship,c27e8e3c-43a4-4c60-a0e1-73fafa80b8fa,11-11-2025,063ca82e-b7e7-4988-8b7f-dc2e876247f8,Virtual Machines,BS Series Windows,DE West Central,B4ms,48,9.984
Actin-Azure Sponsorship,c27e8e3c-43a4-4c60-a0e1-73fafa80b8fa,11-12-2025,063ca82e-b7e7-4988-8b7f-dc2e876247f8,Virtual Machines,BS Series Windows,DE West Central,B4ms,48,9.984
Actin-Azure Sponsorship,c27e8e3c-43a4-4c60-a0e1-73fafa80b8fa,11/13/2025,063ca82e-b7e7-4988-8b7f-dc2e876247f8,Virtual Machines,BS Series Windows,DE West Central,B4ms,48,9.984
Actin-Azure Sponsorship,c27e8e3c-43a4-4c60-a0e1-73fafa80b8fa,11/14/2025,063ca82e-b7e7-4988-8b7f-dc2e876247f8,Virtual Machines,BS Series Windows,DE West Central,B4ms,48,9.984
Actin-Azure Sponsorship,c27e8e3c-43a4-4c60-a0e1-73fafa80b8fa,11/15/2025,063ca82e-b7e7-4988-8b7f-dc2e876247f8,Virtual Machines,BS Series Windows,DE West Central,B4ms,48,9.984
Actin-Azure Sponsorship,c27e8e3c-43a4-4c60-a0e1-73fafa80b8fa,11/16/2025,063ca82e-b7e7-4988-8b7f-dc2e876247f8,Virtual Machines,BS Series Windows,DE West Central,B4ms,48,9.984
Actin-Azure Sponsorship,c27e8e3c-43a4-4c60-a0e1-73fafa80b8fa,11/17/2025,063ca82e-b7e7-4988-8b7f-dc2e876247f8,Virtual Machines,BS Series Windows,DE West Central,B4ms,48,9.984
Actin-Azure Sponsorship,c27e8e3c-43a4-4c60-a0e1-73fafa80b8fa,11/18/2025,063ca82e-b7e7-4988-8b7f-dc2e876247f8,Virtual Machines,BS Series Windows,DE West Central,B4ms,48,9.984
Actin-Azure Sponsorship,c27e8e3c-43a4-4c60-a0e1-73fafa80b8fa,11/19/2025,063ca82e-b7e7-4988-8b7f-dc2e876247f8,Virtual Machines,BS Series Windows,DE West Central,B4ms,48,9.984
Actin-Azure Sponsorship,c27e8e3c-43a4-4c60-a0e1-73fafa80b8fa,11/20/2025,063ca82e-b7e7-4988-8b7f-dc2e876247f8,Virtual Machines,BS Series Windows,DE West Central,B4ms,47.983353,9.980537
Actin-Azure Sponsorship,c27e8e3c-43a4-4c60-a0e1-73fafa80b8fa,11/21/2025,063ca82e-b7e7-4988-8b7f-dc2e876247f8,Virtual Machines,BS Series Windows,DE West Central,B4ms,47.983353,9.980537
Actin-Azure Sponsorship,c27e8e3c-43a4-4c60-a0e1-73fafa80b8fa,11/22/2025,063ca82e-b7e7-4988-8b7f-dc2e876247f8,Virtual Machines,BS Series Windows,DE West Central,B4ms,48,9.984
Actin-Azure Sponsorship,c27e8e3c-43a4-4c60-a0e1-73fafa80b8fa,11/23/2025,063ca82e-b7e7-4988-8b7f-dc2e876247f8,Virtual Machines,BS Series Windows,DE West Central,B4ms,48,9.984
Actin-Azure Sponsorship,c27e8e3c-43a4-4c60-a0e1-73fafa80b8fa,11/24/2025,063ca82e-b7e7-4988-8b7f-dc2e876247f8,Virtual Machines,BS Series Windows,DE West Central,B4ms,48,9.984
Actin-Azure Sponsorship,c27e8e3c-43a4-4c60-a0e1-73fafa80b8fa,11/25/2025,063ca82e-b7e7-4988-8b7f-dc2e876247f8,Virtual Machines,BS Series Windows,DE West Central,B4ms,48,9.984
Actin-Azure Sponsorship,c27e8e3c-43a4-4c60-a0e1-73fafa80b8fa,11/26/2025,063ca82e-b7e7-4988-8b7f-dc2e876247f8,Virtual Machines,BS Series Windows,DE West Central,B4ms,48,9.984
Actin-Azure Sponsorship,c27e8e3c-43a4-4c60-a0e1-73fafa80b8fa,11/27/2025,063ca82e-b7e7-4988-8b7f-dc2e876247f8,Virtual Machines,BS Series Windows,DE West Central,B4ms,48,9.984
Actin-Azure Sponsorship,c27e8e3c-43a4-4c60-a0e1-73fafa80b8fa,11/28/2025,063ca82e-b7e7-4988-8b7f-dc2e876247f8,Virtual Machines,BS Series Windows,DE West Central,B4ms,48,9.984
Actin-Azure Sponsorship,c27e8e3c-43a4-4c60-a0e1-73fafa80b8fa,11/29/2025,063ca82e-b7e7-4988-8b7f-dc2e876247f8,Virtual Machines,BS Series Windows,DE West Central,B4ms,48,9.984
Actin-Azure Sponsorship,c27e8e3c-43a4-4c60-a0e1-73fafa80b8fa,11/30/2025,063ca82e-b7e7-4988-8b7f-dc2e876247f8,Virtual Machines,BS Series Windows,DE West Central,B4ms,48,9.984
Actin-Azure Sponsorship,c27e8e3c-43a4-4c60-a0e1-73fafa80b8fa,11-01-2025,ffbd06c0-e72e-42b6-b612-f03144b476df,Log Analytics,All,All,Analytics Logs Data Ingestion,0.079105,0.181944
Actin-Azure Sponsorship,c27e8e3c-43a4-4c60-a0e1-73fafa80b8fa,11-02-2025,ffbd06c0-e72e-42b6-b612-f03144b476df,Log Analytics,All,All,Analytics Logs Data Ingestion,0.079126,0.181986
Actin-Azure Sponsorship,c27e8e3c-43a4-4c60-a0e1-73fafa80b8fa,11-03-2025,ffbd06c0-e72e-42b6-b612-f03144b476df,Log Analytics,All,All,Analytics Logs Data Ingestion,0.079116,0.181965
Actin-Azure Sponsorship,c27e8e3c-43a4-4c60-a0e1-73fafa80b8fa,11-04-2025,ffbd06c0-e72e-42b6-b612-f03144b476df,Log Analytics,All,All,Analytics Logs Data Ingestion,0.079113,0.181959
Actin-Azure Sponsorship,c27e8e3c-43a4-4c60-a0e1-73fafa80b8fa,11-05-2025,ffbd06c0-e72e-42b6-b612-f03144b476df,Log Analytics,All,All,Analytics Logs Data Ingestion,0.07583,0.174411
Actin-Azure Sponsorship,c27e8e3c-43a4-4c60-a0e1-73fafa80b8fa,11-06-2025,ffbd06c0-e72e-42b6-b612-f03144b476df,Log Analytics,All,All,Analytics Logs Data Ingestion,0.07918,0.182115
Actin-Azure Sponsorship,c27e8e3c-43a4-4c60-a0e1-73fafa80b8fa,11-07-2025,ffbd06c0-e72e-42b6-b612-f03144b476df,Log Analytics,All,All,Analytics Logs Data Ingestion,0.079139,0.182027
Actin-Azure Sponsorship,c27e8e3c-43a4-4c60-a0e1-73fafa80b8fa,11-08-2025,ffbd06c0-e72e-42b6-b612-f03144b476df,Log Analytics,All,All,Analytics Logs Data Ingestion,0.079134,0.182011
Actin-Azure Sponsorship,c27e8e3c-43a4-4c60-a0e1-73fafa80b8fa,11-09-2025,ffbd06c0-e72e-42b6-b612-f03144b476df,Log Analytics,All,All,Analytics Logs Data Ingestion,0.079136,0.182015
Actin-Azure Sponsorship,c27e8e3c-43a4-4c60-a0e1-73fafa80b8fa,11-10-2025,ffbd06c0-e72e-42b6-b612-f03144b476df,Log Analytics,All,All,Analytics Logs Data Ingestion,0.075815,0.174375
Actin-Azure Sponsorship,c27e8e3c-43a4-4c60-a0e1-73fafa80b8fa,11-11-2025,ffbd06c0-e72e-42b6-b612-f03144b476df,Log Analytics,All,All,Analytics Logs Data Ingestion,0.079039,0.181797
Actin-Azure Sponsorship,c27e8e3c-43a4-4c60-a0e1-73fafa80b8fa,11-12-2025,ffbd06c0-e72e-42b6-b612-f03144b476df,Log Analytics,All,All,Analytics Logs Data Ingestion,0.078971,0.181634
Actin-Azure Sponsorship,c27e8e3c-43a4-4c60-a0e1-73fafa80b8fa,11/13/2025,ffbd06c0-e72e-42b6-b612-f03144b476df,Log Analytics,All,All,Analytics Logs Data Ingestion,0.078971,0.181631
Actin-Azure Sponsorship,c27e8e3c-43a4-4c60-a0e1-73fafa80b8fa,11/14/2025,ffbd06c0-e72e-42b6-b612-f03144b476df,Log Analytics,All,All,Analytics Logs Data Ingestion,0.082872,0.190603
Actin-Azure Sponsorship,c27e8e3c-43a4-4c60-a0e1-73fafa80b8fa,11/15/2025,ffbd06c0-e72e-42b6-b612-f03144b476df,Log Analytics,All,All,Analytics Logs Data Ingestion,0.07895,0.181576
Actin-Azure Sponsorship,c27e8e3c-43a4-4c60-a0e1-73fafa80b8fa,11/16/2025,ffbd06c0-e72e-42b6-b612-f03144b476df,Log Analytics,All,All,Analytics Logs Data Ingestion,0.080727,0.185678
Actin-Azure Sponsorship,c27e8e3c-43a4-4c60-a0e1-73fafa80b8fa,11/17/2025,ffbd06c0-e72e-42b6-b612-f03144b476df,Log Analytics,All,All,Analytics Logs Data Ingestion,0.084296,0.193879
Actin-Azure Sponsorship,c27e8e3c-43a4-4c60-a0e1-73fafa80b8fa,11/18/2025,ffbd06c0-e72e-42b6-b612-f03144b476df,Log Analytics,All,All,Analytics Logs Data Ingestion,0.082736,0.190286
Actin-Azure Sponsorship,c27e8e3c-43a4-4c60-a0e1-73fafa80b8fa,11/19/2025,ffbd06c0-e72e-42b6-b612-f03144b476df,Log Analytics,All,All,Analytics Logs Data Ingestion,0.08405,0.193316
Actin-Azure Sponsorship,c27e8e3c-43a4-4c60-a0e1-73fafa80b8fa,11/20/2025,ffbd06c0-e72e-42b6-b612-f03144b476df,Log Analytics,All,All,Analytics Logs Data Ingestion,0.085074,0.195676
Actin-Azure Sponsorship,c27e8e3c-43a4-4c60-a0e1-73fafa80b8fa,11/21/2025,ffbd06c0-e72e-42b6-b612-f03144b476df,Log Analytics,All,All,Analytics Logs Data Ingestion,0.078952,0.181597
Actin-Azure Sponsorship,c27e8e3c-43a4-4c60-a0e1-73fafa80b8fa,11/22/2025,ffbd06c0-e72e-42b6-b612-f03144b476df,Log Analytics,All,All,Analytics Logs Data Ingestion,0.078951,0.181588
Actin-Azure Sponsorship,c27e8e3c-43a4-4c60-a0e1-73fafa80b8fa,11/23/2025,ffbd06c0-e72e-42b6-b612-f03144b476df,Log Analytics,All,All,Analytics Logs Data Ingestion,0.07894,0.181559
Actin-Azure Sponsorship,c27e8e3c-43a4-4c60-a0e1-73fafa80b8fa,11/24/2025,ffbd06c0-e72e-42b6-b612-f03144b476df,Log Analytics,All,All,Analytics Logs Data Ingestion,0.07898,0.181645
Actin-Azure Sponsorship,c27e8e3c-43a4-4c60-a0e1-73fafa80b8fa,11/25/2025,ffbd06c0-e72e-42b6-b612-f03144b476df,Log Analytics,All,All,Analytics Logs Data Ingestion,0.078961,0.1816
Actin-Azure Sponsorship,c27e8e3c-43a4-4c60-a0e1-73fafa80b8fa,11/26/2025,ffbd06c0-e72e-42b6-b612-f03144b476df,Log Analytics,All,All,Analytics Logs Data Ingestion,0.078963,0.181616
Actin-Azure Sponsorship,c27e8e3c-43a4-4c60-a0e1-73fafa80b8fa,11/27/2025,ffbd06c0-e72e-42b6-b612-f03144b476df,Log Analytics,All,All,Analytics Logs Data Ingestion,0.07894,0.18156
Actin-Azure Sponsorship,c27e8e3c-43a4-4c60-a0e1-73fafa80b8fa,11/28/2025,ffbd06c0-e72e-42b6-b612-f03144b476df,Log Analytics,All,All,Analytics Logs Data Ingestion,0.078997,0.181689
Actin-Azure Sponsorship,c27e8e3c-43a4-4c60-a0e1-73fafa80b8fa,11/29/2025,ffbd06c0-e72e-42b6-b612-f03144b476df,Log Analytics,All,All,Analytics Logs Data Ingestion,0.078973,0.181633
Actin-Azure Sponsorship,c27e8e3c-43a4-4c60-a0e1-73fafa80b8fa,11/30/2025,ffbd06c0-e72e-42b6-b612-f03144b476df,Log Analytics,All,All,Analytics Logs Data Ingestion,0.078954,0.181595
Actin-Azure Sponsorship,c27e8e3c-43a4-4c60-a0e1-73fafa80b8fa,11-01-2025,48bc977b-ca5a-4421-9554-f561d817de25,Azure App Service,Basic Plan - Linux,IN Central,B2,24,0.864
Actin-Azure Sponsorship,c27e8e3c-43a4-4c60-a0e1-73fafa80b8fa,11-02-2025,48bc977b-ca5a-4421-9554-f561d817de25,Azure App Service,Basic Plan - Linux,IN Central,B2,24,0.864
Actin-Azure Sponsorship,c27e8e3c-43a4-4c60-a0e1-73fafa80b8fa,11-03-2025,48bc977b-ca5a-4421-9554-f561d817de25,Azure App Service,Basic Plan - Linux,IN Central,B2,24,0.864
Actin-Azure Sponsorship,c27e8e3c-43a4-4c60-a0e1-73fafa80b8fa,11-04-2025,48bc977b-ca5a-4421-9554-f561d817de25,Azure App Service,Basic Plan - Linux,IN Central,B2,24,0.864
Actin-Azure Sponsorship,c27e8e3c-43a4-4c60-a0e1-73fafa80b8fa,11-05-2025,48bc977b-ca5a-4421-9554-f561d817de25,Azure App Service,Basic Plan - Linux,IN Central,B2,24,0.864
Actin-Azure Sponsorship,c27e8e3c-43a4-4c60-a0e1-73fafa80b8fa,11-06-2025,48bc977b-ca5a-4421-9554-f561d817de25,Azure App Service,Basic Plan - Linux,IN Central,B2,24,0.864
Actin-Azure Sponsorship,c27e8e3c-43a4-4c60-a0e1-73fafa80b8fa,11-07-2025,48bc977b-ca5a-4421-9554-f561d817de25,Azure App Service,Basic Plan - Linux,IN Central,B2,24,0.864
Actin-Azure Sponsorship,c27e8e3c-43a4-4c60-a0e1-73fafa80b8fa,11-08-2025,48bc977b-ca5a-4421-9554-f561d817de25,Azure App Service,Basic Plan - Linux,IN Central,B2,24,0.864
Actin-Azure Sponsorship,c27e8e3c-43a4-4c60-a0e1-73fafa80b8fa,11-09-2025,48bc977b-ca5a-4421-9554-f561d817de25,Azure App Service,Basic Plan - Linux,IN Central,B2,24,0.864
Actin-Azure Sponsorship,c27e8e3c-43a4-4c60-a0e1-73fafa80b8fa,11-10-2025,48bc977b-ca5a-4421-9554-f561d817de25,Azure App Service,Basic Plan - Linux,IN Central,B2,24,0.864
Actin-Azure Sponsorship,c27e8e3c-43a4-4c60-a0e1-73fafa80b8fa,11-11-2025,48bc977b-ca5a-4421-9554-f561d817de25,Azure App Service,Basic Plan - Linux,IN Central,B2,24,0.864
Actin-Azure Sponsorship,c27e8e3c-43a4-4c60-a0e1-73fafa80b8fa,11-12-2025,48bc977b-ca5a-4421-9554-f561d817de25,Azure App Service,Basic Plan - Linux,IN Central,B2,24,0.864
Actin-Azure Sponsorship,c27e8e3c-43a4-4c60-a0e1-73fafa80b8fa,11/13/2025,48bc977b-ca5a-4421-9554-f561d817de25,Azure App Service,Basic Plan - Linux,IN Central,B2,24,0.864
Actin-Azure Sponsorship,c27e8e3c-43a4-4c60-a0e1-73fafa80b8fa,11/14/2025,48bc977b-ca5a-4421-9554-f561d817de25,Azure App Service,Basic Plan - Linux,IN Central,B2,24,0.864
Actin-Azure Sponsorship,c27e8e3c-43a4-4c60-a0e1-73fafa80b8fa,11/15/2025,48bc977b-ca5a-4421-9554-f561d817de25,Azure App Service,Basic Plan - Linux,IN Central,B2,24,0.864
Actin-Azure Sponsorship,c27e8e3c-43a4-4c60-a0e1-73fafa80b8fa,11/16/2025,48bc977b-ca5a-4421-9554-f561d817de25,Azure App Service,Basic Plan - Linux,IN Central,B2,24,0.864
Actin-Azure Sponsorship,c27e8e3c-43a4-4c60-a0e1-73fafa80b8fa,11/17/2025,48bc977b-ca5a-4421-9554-f561d817de25,Azure App Service,Basic Plan - Linux,IN Central,B2,24,0.864
Actin-Azure Sponsorship,c27e8e3c-43a4-4c60-a0e1-73fafa80b8fa,11/18/2025,48bc977b-ca5a-4421-9554-f561d817de25,Azure App Service,Basic Plan - Linux,IN Central,B2,24,0.864
Actin-Azure Sponsorship,c27e8e3c-43a4-4c60-a0e1-73fafa80b8fa,11/19/2025,48bc977b-ca5a-4421-9554-f561d817de25,Azure App Service,Basic Plan - Linux,IN Central,B2,24,0.864
Actin-Azure Sponsorship,c27e8e3c-43a4-4c60-a0e1-73fafa80b8fa,11/20/2025,48bc977b-ca5a-4421-9554-f561d817de25,Azure App Service,Basic Plan - Linux,IN Central,B2,24,0.864
Actin-Azure Sponsorship,c27e8e3c-43a4-4c60-a0e1-73fafa80b8fa,11/21/2025,48bc977b-ca5a-4421-9554-f561d817de25,Azure App Service,Basic Plan - Linux,IN Central,B2,24,0.864
Actin-Azure Sponsorship,c27e8e3c-43a4-4c60-a0e1-73fafa80b8fa,11/22/2025,48bc977b-ca5a-4421-9554-f561d817de25,Azure App Service,Basic Plan - Linux,IN Central,B2,24,0.864
Actin-Azure Sponsorship,c27e8e3c-43a4-4c60-a0e1-73fafa80b8fa,11/23/2025,48bc977b-ca5a-4421-9554-f561d817de25,Azure App Service,Basic Plan - Linux,IN Central,B2,24,0.864
Actin-Azure Sponsorship,c27e8e3c-43a4-4c60-a0e1-73fafa80b8fa,11/24/2025,48bc977b-ca5a-4421-9554-f561d817de25,Azure App Service,Basic Plan - Linux,IN Central,B2,24,0.864
Actin-Azure Sponsorship,c27e8e3c-43a4-4c60-a0e1-73fafa80b8fa,11/25/2025,48bc977b-ca5a-4421-9554-f561d817de25,Azure App Service,Basic Plan - Linux,IN Central,B2,24,0.864
Actin-Azure Sponsorship,c27e8e3c-43a4-4c60-a0e1-73fafa80b8fa,11/26/2025,48bc977b-ca5a-4421-9554-f561d817de25,Azure App Service,Basic Plan - Linux,IN Central,B2,24,0.864
Actin-Azure Sponsorship,c27e8e3c-43a4-4c60-a0e1-73fafa80b8fa,11/27/2025,48bc977b-ca5a-4421-9554-f561d817de25,Azure App Service,Basic Plan - Linux,IN Central,B2,24,0.864
Actin-Azure Sponsorship,c27e8e3c-43a4-4c60-a0e1-73fafa80b8fa,11/28/2025,48bc977b-ca5a-4421-9554-f561d817de25,Azure App Service,Basic Plan - Linux,IN Central,B2,24,0.864
Actin-Azure Sponsorship,c27e8e3c-43a4-4c60-a0e1-73fafa80b8fa,11/29/2025,48bc977b-ca5a-4421-9554-f561d817de25,Azure App Service,Basic Plan - Linux,IN Central,B2,24,0.864
Actin-Azure Sponsorship,c27e8e3c-43a4-4c60-a0e1-73fafa80b8fa,11/30/2025,48bc977b-ca5a-4421-9554-f561d817de25,Azure App Service,Basic Plan - Linux,IN Central,B2,24,0.864
Actin-Azure Sponsorship,c27e8e3c-43a4-4c60-a0e1-73fafa80b8fa,11-01-2025,40551b4c-e8be-48ed-b70b-f8d25c7de724,Storage,General Block Blob,All,Read Operations,0.0004,0
Actin-Azure Sponsorship,c27e8e3c-43a4-4c60-a0e1-73fafa80b8fa,11-02-2025,40551b4c-e8be-48ed-b70b-f8d25c7de724,Storage,General Block Blob,All,Read Operations,0.0002,0
Actin-Azure Sponsorship,c27e8e3c-43a4-4c60-a0e1-73fafa80b8fa,11-03-2025,40551b4c-e8be-48ed-b70b-f8d25c7de724,Storage,General Block Blob,All,Read Operations,0.0001,0
Actin-Azure Sponsorship,c27e8e3c-43a4-4c60-a0e1-73fafa80b8fa,11-04-2025,40551b4c-e8be-48ed-b70b-f8d25c7de724,Storage,General Block Blob,All,Read Operations,0.0002,0
Actin-Azure Sponsorship,c27e8e3c-43a4-4c60-a0e1-73fafa80b8fa,11-05-2025,40551b4c-e8be-48ed-b70b-f8d25c7de724,Storage,General Block Blob,All,Read Operations,0.0002,0
Actin-Azure Sponsorship,c27e8e3c-43a4-4c60-a0e1-73fafa80b8fa,11-01-2025,6860c782-bbcc-41ed-a218-fb308dd0942e,Azure Monitor,All,All,Alerts Metric Monitored,0.096768,0.009648
Actin-Azure Sponsorship,c27e8e3c-43a4-4c60-a0e1-73fafa80b8fa,11-02-2025,6860c782-bbcc-41ed-a218-fb308dd0942e,Azure Monitor,All,All,Alerts Metric Monitored,0.096768,0.009648
Actin-Azure Sponsorship,c27e8e3c-43a4-4c60-a0e1-73fafa80b8fa,11-03-2025,6860c782-bbcc-41ed-a218-fb308dd0942e,Azure Monitor,All,All,Alerts Metric Monitored,0.096768,0.009648
Actin-Azure Sponsorship,c27e8e3c-43a4-4c60-a0e1-73fafa80b8fa,11-04-2025,6860c782-bbcc-41ed-a218-fb308dd0942e,Azure Monitor,All,All,Alerts Metric Monitored,0.096768,0.009648
Actin-Azure Sponsorship,c27e8e3c-43a4-4c60-a0e1-73fafa80b8fa,11-05-2025,6860c782-bbcc-41ed-a218-fb308dd0942e,Azure Monitor,All,All,Alerts Metric Monitored,0.096768,0.009648
Actin-Azure Sponsorship,c27e8e3c-43a4-4c60-a0e1-73fafa80b8fa,11-06-2025,6860c782-bbcc-41ed-a218-fb308dd0942e,Azure Monitor,All,All,Alerts Metric Monitored,0.165312,0.016482
Actin-Azure Sponsorship,c27e8e3c-43a4-4c60-a0e1-73fafa80b8fa,11-07-2025,6860c782-bbcc-41ed-a218-fb308dd0942e,Azure Monitor,All,All,Alerts Metric Monitored,0.193536,0.019296
Actin-Azure Sponsorship,c27e8e3c-43a4-4c60-a0e1-73fafa80b8fa,11-08-2025,6860c782-bbcc-41ed-a218-fb308dd0942e,Azure Monitor,All,All,Alerts Metric Monitored,0.193536,0.019296
Actin-Azure Sponsorship,c27e8e3c-43a4-4c60-a0e1-73fafa80b8fa,11-09-2025,6860c782-bbcc-41ed-a218-fb308dd0942e,Azure Monitor,All,All,Alerts Metric Monitored,0.193536,0.019296
Actin-Azure Sponsorship,c27e8e3c-43a4-4c60-a0e1-73fafa80b8fa,11-10-2025,6860c782-bbcc-41ed-a218-fb308dd0942e,Azure Monitor,All,All,Alerts Metric Monitored,0.193536,0.019296
Actin-Azure Sponsorship,c27e8e3c-43a4-4c60-a0e1-73fafa80b8fa,11-11-2025,6860c782-bbcc-41ed-a218-fb308dd0942e,Azure Monitor,All,All,Alerts Metric Monitored,0.193536,0.019296
Actin-Azure Sponsorship,c27e8e3c-43a4-4c60-a0e1-73fafa80b8fa,11-12-2025,6860c782-bbcc-41ed-a218-fb308dd0942e,Azure Monitor,All,All,Alerts Metric Monitored,0.193536,0.019296
Actin-Azure Sponsorship,c27e8e3c-43a4-4c60-a0e1-73fafa80b8fa,11/13/2025,6860c782-bbcc-41ed-a218-fb308dd0942e,Azure Monitor,All,All,Alerts Metric Monitored,0.193536,0.019296
Actin-Azure Sponsorship,c27e8e3c-43a4-4c60-a0e1-73fafa80b8fa,11/14/2025,6860c782-bbcc-41ed-a218-fb308dd0942e,Azure Monitor,All,All,Alerts Metric Monitored,0.193536,0.019296
Actin-Azure Sponsorship,c27e8e3c-43a4-4c60-a0e1-73fafa80b8fa,11/15/2025,6860c782-bbcc-41ed-a218-fb308dd0942e,Azure Monitor,All,All,Alerts Metric Monitored,0.193536,0.019296
Actin-Azure Sponsorship,c27e8e3c-43a4-4c60-a0e1-73fafa80b8fa,11/16/2025,6860c782-bbcc-41ed-a218-fb308dd0942e,Azure Monitor,All,All,Alerts Metric Monitored,0.193536,0.019296
Actin-Azure Sponsorship,c27e8e3c-43a4-4c60-a0e1-73fafa80b8fa,11/17/2025,6860c782-bbcc-41ed-a218-fb308dd0942e,Azure Monitor,All,All,Alerts Metric Monitored,0.193536,0.019296
Actin-Azure Sponsorship,c27e8e3c-43a4-4c60-a0e1-73fafa80b8fa,11/18/2025,6860c782-bbcc-41ed-a218-fb308dd0942e,Azure Monitor,All,All,Alerts Metric Monitored,0.193536,0.019296
Actin-Azure Sponsorship,c27e8e3c-43a4-4c60-a0e1-73fafa80b8fa,11/19/2025,6860c782-bbcc-41ed-a218-fb308dd0942e,Azure Monitor,All,All,Alerts Metric Monitored,0.193536,0.019296
Actin-Azure Sponsorship,c27e8e3c-43a4-4c60-a0e1-73fafa80b8fa,11/20/2025,6860c782-bbcc-41ed-a218-fb308dd0942e,Azure Monitor,All,All,Alerts Metric Monitored,0.193536,0.019296
Actin-Azure Sponsorship,c27e8e3c-43a4-4c60-a0e1-73fafa80b8fa,11/21/2025,6860c782-bbcc-41ed-a218-fb308dd0942e,Azure Monitor,All,All,Alerts Metric Monitored,0.193536,0.019296
Actin-Azure Sponsorship,c27e8e3c-43a4-4c60-a0e1-73fafa80b8fa,11/22/2025,6860c782-bbcc-41ed-a218-fb308dd0942e,Azure Monitor,All,All,Alerts Metric Monitored,0.193536,0.019296
Actin-Azure Sponsorship,c27e8e3c-43a4-4c60-a0e1-73fafa80b8fa,11/23/2025,6860c782-bbcc-41ed-a218-fb308dd0942e,Azure Monitor,All,All,Alerts Metric Monitored,0.193536,0.019296
Actin-Azure Sponsorship,c27e8e3c-43a4-4c60-a0e1-73fafa80b8fa,11/24/2025,6860c782-bbcc-41ed-a218-fb308dd0942e,Azure Monitor,All,All,Alerts Metric Monitored,0.193536,0.019296
Actin-Azure Sponsorship,c27e8e3c-43a4-4c60-a0e1-73fafa80b8fa,11/25/2025,6860c782-bbcc-41ed-a218-fb308dd0942e,Azure Monitor,All,All,Alerts Metric Monitored,0.193536,0.019296
Actin-Azure Sponsorship,c27e8e3c-43a4-4c60-a0e1-73fafa80b8fa,11/26/2025,6860c782-bbcc-41ed-a218-fb308dd0942e,Azure Monitor,All,All,Alerts Metric Monitored,0.193536,0.019296
Actin-Azure Sponsorship,c27e8e3c-43a4-4c60-a0e1-73fafa80b8fa,11/27/2025,6860c782-bbcc-41ed-a218-fb308dd0942e,Azure Monitor,All,All,Alerts Metric Monitored,0.193536,0.019296
Actin-Azure Sponsorship,c27e8e3c-43a4-4c60-a0e1-73fafa80b8fa,11/28/2025,6860c782-bbcc-41ed-a218-fb308dd0942e,Azure Monitor,All,All,Alerts Metric Monitored,0.193536,0.019296
Actin-Azure Sponsorship,c27e8e3c-43a4-4c60-a0e1-73fafa80b8fa,11/29/2025,6860c782-bbcc-41ed-a218-fb308dd0942e,Azure Monitor,All,All,Alerts Metric Monitored,0.193536,0.019296
Actin-Azure Sponsorship,c27e8e3c-43a4-4c60-a0e1-73fafa80b8fa,11/30/2025,6860c782-bbcc-41ed-a218-fb308dd0942e,Azure Monitor,All,All,Alerts Metric Monitored,0.193536,0.019296
Actin-Azure Sponsorship,c27e8e3c-43a4-4c60-a0e1-73fafa80b8fa,11-04-2025,a58b53c3-276c-41d2-9327-fb84df10afd2,Azure Monitor,All,All,Emails,1,0.00002
Actin-Azure Sponsorship,c27e8e3c-43a4-4c60-a0e1-73fafa80b8fa,11-06-2025,a58b53c3-276c-41d2-9327-fb84df10afd2,Azure Monitor,All,All,Emails,2,0.00004
Actin-Azure Sponsorship,c27e8e3c-43a4-4c60-a0e1-73fafa80b8fa,11-12-2025,a58b53c3-276c-41d2-9327-fb84df10afd2,Azure Monitor,All,All,Emails,2,0.00004
Actin-Azure Sponsorship,c27e8e3c-43a4-4c60-a0e1-73fafa80b8fa,11-01-2025,2885a6b2-5013-4fa9-8f3b-fc3ead8d136d,IoT Hub,All,All,S1 Unit,0.032258,0.806452
Actin-Azure Sponsorship,c27e8e3c-43a4-4c60-a0e1-73fafa80b8fa,11-02-2025,2885a6b2-5013-4fa9-8f3b-fc3ead8d136d,IoT Hub,All,All,S1 Unit,0.032258,0.806452
Actin-Azure Sponsorship,c27e8e3c-43a4-4c60-a0e1-73fafa80b8fa,11-03-2025,2885a6b2-5013-4fa9-8f3b-fc3ead8d136d,IoT Hub,All,All,S1 Unit,0.032258,0.806452
Actin-Azure Sponsorship,c27e8e3c-43a4-4c60-a0e1-73fafa80b8fa,11-04-2025,2885a6b2-5013-4fa9-8f3b-fc3ead8d136d,IoT Hub,All,All,S1 Unit,0.032258,0.806452
Actin-Azure Sponsorship,c27e8e3c-43a4-4c60-a0e1-73fafa80b8fa,11-05-2025,2885a6b2-5013-4fa9-8f3b-fc3ead8d136d,IoT Hub,All,All,S1 Unit,0.032258,0.806452
Actin-Azure Sponsorship,c27e8e3c-43a4-4c60-a0e1-73fafa80b8fa,11-06-2025,2885a6b2-5013-4fa9-8f3b-fc3ead8d136d,IoT Hub,All,All,S1 Unit,0.032258,0.806452
Actin-Azure Sponsorship,c27e8e3c-43a4-4c60-a0e1-73fafa80b8fa,11-07-2025,2885a6b2-5013-4fa9-8f3b-fc3ead8d136d,IoT Hub,All,All,S1 Unit,0.032258,0.806452
Actin-Azure Sponsorship,c27e8e3c-43a4-4c60-a0e1-73fafa80b8fa,11-08-2025,2885a6b2-5013-4fa9-8f3b-fc3ead8d136d,IoT Hub,All,All,S1 Unit,0.032258,0.806452
Actin-Azure Sponsorship,c27e8e3c-43a4-4c60-a0e1-73fafa80b8fa,11-09-2025,2885a6b2-5013-4fa9-8f3b-fc3ead8d136d,IoT Hub,All,All,S1 Unit,0.032258,0.806452
Actin-Azure Sponsorship,c27e8e3c-43a4-4c60-a0e1-73fafa80b8fa,11-10-2025,2885a6b2-5013-4fa9-8f3b-fc3ead8d136d,IoT Hub,All,All,S1 Unit,0.032258,0.806452
Actin-Azure Sponsorship,c27e8e3c-43a4-4c60-a0e1-73fafa80b8fa,11-11-2025,2885a6b2-5013-4fa9-8f3b-fc3ead8d136d,IoT Hub,All,All,S1 Unit,0.032258,0.806452
Actin-Azure Sponsorship,c27e8e3c-43a4-4c60-a0e1-73fafa80b8fa,11-12-2025,2885a6b2-5013-4fa9-8f3b-fc3ead8d136d,IoT Hub,All,All,S1 Unit,0.032258,0.806452
Actin-Azure Sponsorship,c27e8e3c-43a4-4c60-a0e1-73fafa80b8fa,11/13/2025,2885a6b2-5013-4fa9-8f3b-fc3ead8d136d,IoT Hub,All,All,S1 Unit,0.032258,0.806452
Actin-Azure Sponsorship,c27e8e3c-43a4-4c60-a0e1-73fafa80b8fa,11/14/2025,2885a6b2-5013-4fa9-8f3b-fc3ead8d136d,IoT Hub,All,All,S1 Unit,0.032258,0.806452
Actin-Azure Sponsorship,c27e8e3c-43a4-4c60-a0e1-73fafa80b8fa,11/15/2025,2885a6b2-5013-4fa9-8f3b-fc3ead8d136d,IoT Hub,All,All,S1 Unit,0.032258,0.806452
Actin-Azure Sponsorship,c27e8e3c-43a4-4c60-a0e1-73fafa80b8fa,11/16/2025,2885a6b2-5013-4fa9-8f3b-fc3ead8d136d,IoT Hub,All,All,S1 Unit,0.032258,0.806452
Actin-Azure Sponsorship,c27e8e3c-43a4-4c60-a0e1-73fafa80b8fa,11/17/2025,2885a6b2-5013-4fa9-8f3b-fc3ead8d136d,IoT Hub,All,All,S1 Unit,0.032258,0.806452
Actin-Azure Sponsorship,c27e8e3c-43a4-4c60-a0e1-73fafa80b8fa,11/18/2025,2885a6b2-5013-4fa9-8f3b-fc3ead8d136d,IoT Hub,All,All,S1 Unit,0.032258,0.806452
Actin-Azure Sponsorship,c27e8e3c-43a4-4c60-a0e1-73fafa80b8fa,11/19/2025,2885a6b2-5013-4fa9-8f3b-fc3ead8d136d,IoT Hub,All,All,S1 Unit,0.032258,0.806452
Actin-Azure Sponsorship,c27e8e3c-43a4-4c60-a0e1-73fafa80b8fa,11/20/2025,2885a6b2-5013-4fa9-8f3b-fc3ead8d136d,IoT Hub,All,All,S1 Unit,0.032258,0.806452
Actin-Azure Sponsorship,c27e8e3c-43a4-4c60-a0e1-73fafa80b8fa,11/21/2025,2885a6b2-5013-4fa9-8f3b-fc3ead8d136d,IoT Hub,All,All,S1 Unit,0.032258,0.806452
Actin-Azure Sponsorship,c27e8e3c-43a4-4c60-a0e1-73fafa80b8fa,11/22/2025,2885a6b2-5013-4fa9-8f3b-fc3ead8d136d,IoT Hub,All,All,S1 Unit,0.032258,0.806452
Actin-Azure Sponsorship,c27e8e3c-43a4-4c60-a0e1-73fafa80b8fa,11/23/2025,2885a6b2-5013-4fa9-8f3b-fc3ead8d136d,IoT Hub,All,All,S1 Unit,0.032258,0.806452
Actin-Azure Sponsorship,c27e8e3c-43a4-4c60-a0e1-73fafa80b8fa,11/24/2025,2885a6b2-5013-4fa9-8f3b-fc3ead8d136d,IoT Hub,All,All,S1 Unit,0.032258,0.806452
Actin-Azure Sponsorship,c27e8e3c-43a4-4c60-a0e1-73fafa80b8fa,11/25/2025,2885a6b2-5013-4fa9-8f3b-fc3ead8d136d,IoT Hub,All,All,S1 Unit,0.032258,0.806452
Actin-Azure Sponsorship,c27e8e3c-43a4-4c60-a0e1-73fafa80b8fa,11/26/2025,2885a6b2-5013-4fa9-8f3b-fc3ead8d136d,IoT Hub,All,All,S1 Unit,0.032258,0.806452
Actin-Azure Sponsorship,c27e8e3c-43a4-4c60-a0e1-73fafa80b8fa,11/27/2025,2885a6b2-5013-4fa9-8f3b-fc3ead8d136d,IoT Hub,All,All,S1 Unit,0.032258,0.806452
Actin-Azure Sponsorship,c27e8e3c-43a4-4c60-a0e1-73fafa80b8fa,11/28/2025,2885a6b2-5013-4fa9-8f3b-fc3ead8d136d,IoT Hub,All,All,S1 Unit,0.032258,0.806452
Actin-Azure Sponsorship,c27e8e3c-43a4-4c60-a0e1-73fafa80b8fa,11/29/2025,2885a6b2-5013-4fa9-8f3b-fc3ead8d136d,IoT Hub,All,All,S1 Unit,0.032258,0.806452
Actin-Azure Sponsorship,c27e8e3c-43a4-4c60-a0e1-73fafa80b8fa,11/30/2025,2885a6b2-5013-4fa9-8f3b-fc3ead8d136d,IoT Hub,All,All,S1 Unit,0.032258,0.806452
